801   00:07:30.652130 execve("/usr/bin/python3", ["python3", "/root/sdr_rx_trace.py"], 0xbe9b7d88 /* 15 vars */) = 0 <0.000977>
801   00:07:30.654141 brk(NULL)         = 0x472000 <0.000060>
801   00:07:30.654472 uname({sysname="Linux", nodename="pluto", ...}) = 0 <0.000060>
801   00:07:30.654767 access("/etc/ld.so.preload", R_OK) = -1 ENOENT (No such file or directory) <0.000091>
801   00:07:30.655109 open("/etc/ld.so.cache", O_RDONLY|O_CLOEXEC) = -1 ENOENT (No such file or directory) <0.000088>
801   00:07:30.655536 open("/lib/tls/v7l/neon/vfp/libpython3.11.so.1.0", O_RDONLY|O_CLOEXEC) = -1 ENOENT (No such file or directory) <0.000084>
801   00:07:30.655833 stat64("/lib/tls/v7l/neon/vfp", 0xbe9dd5b0) = -1 ENOENT (No such file or directory) <0.000080>
801   00:07:30.656237 open("/lib/tls/v7l/neon/libpython3.11.so.1.0", O_RDONLY|O_CLOEXEC) = -1 ENOENT (No such file or directory) <0.000083>
801   00:07:30.656527 stat64("/lib/tls/v7l/neon", 0xbe9dd5b0) = -1 ENOENT (No such file or directory) <0.000075>
801   00:07:30.656806 open("/lib/tls/v7l/vfp/libpython3.11.so.1.0", O_RDONLY|O_CLOEXEC) = -1 ENOENT (No such file or directory) <0.000085>
801   00:07:30.657096 stat64("/lib/tls/v7l/vfp", 0xbe9dd5b0) = -1 ENOENT (No such file or directory) <0.000075>
801   00:07:30.657374 open("/lib/tls/v7l/libpython3.11.so.1.0", O_RDONLY|O_CLOEXEC) = -1 ENOENT (No such file or directory) <0.000081>
801   00:07:30.657658 stat64("/lib/tls/v7l", 0xbe9dd5b0) = -1 ENOENT (No such file or directory) <0.000076>
801   00:07:30.657935 open("/lib/tls/neon/vfp/libpython3.11.so.1.0", O_RDONLY|O_CLOEXEC) = -1 ENOENT (No such file or directory) <0.000084>
801   00:07:30.658223 stat64("/lib/tls/neon/vfp", 0xbe9dd5b0) = -1 ENOENT (No such file or directory) <0.000075>
801   00:07:30.658507 open("/lib/tls/neon/libpython3.11.so.1.0", O_RDONLY|O_CLOEXEC) = -1 ENOENT (No such file or directory) <0.000083>
801   00:07:30.658793 stat64("/lib/tls/neon", 0xbe9dd5b0) = -1 ENOENT (No such file or directory) <0.000075>
801   00:07:30.659071 open("/lib/tls/vfp/libpython3.11.so.1.0", O_RDONLY|O_CLOEXEC) = -1 ENOENT (No such file or directory) <0.000083>
801   00:07:30.659355 stat64("/lib/tls/vfp", 0xbe9dd5b0) = -1 ENOENT (No such file or directory) <0.000075>
801   00:07:30.659630 open("/lib/tls/libpython3.11.so.1.0", O_RDONLY|O_CLOEXEC) = -1 ENOENT (No such file or directory) <0.000081>
801   00:07:30.659914 stat64("/lib/tls", 0xbe9dd5b0) = -1 ENOENT (No such file or directory) <0.000083>
801   00:07:30.660387 open("/lib/v7l/neon/vfp/libpython3.11.so.1.0", O_RDONLY|O_CLOEXEC) = -1 ENOENT (No such file or directory) <0.000086>
801   00:07:30.660678 stat64("/lib/v7l/neon/vfp", 0xbe9dd5b0) = -1 ENOENT (No such file or directory) <0.000069>
801   00:07:30.660943 open("/lib/v7l/neon/libpython3.11.so.1.0", O_RDONLY|O_CLOEXEC) = -1 ENOENT (No such file or directory) <0.000073>
801   00:07:30.661213 stat64("/lib/v7l/neon", 0xbe9dd5b0) = -1 ENOENT (No such file or directory) <0.000067>
801   00:07:30.661474 open("/lib/v7l/vfp/libpython3.11.so.1.0", O_RDONLY|O_CLOEXEC) = -1 ENOENT (No such file or directory) <0.000074>
801   00:07:30.661741 stat64("/lib/v7l/vfp", 0xbe9dd5b0) = -1 ENOENT (No such file or directory) <0.000067>
801   00:07:30.662000 open("/lib/v7l/libpython3.11.so.1.0", O_RDONLY|O_CLOEXEC) = -1 ENOENT (No such file or directory) <0.000073>
801   00:07:30.662269 stat64("/lib/v7l", 0xbe9dd5b0) = -1 ENOENT (No such file or directory) <0.000067>
801   00:07:30.662527 open("/lib/neon/vfp/libpython3.11.so.1.0", O_RDONLY|O_CLOEXEC) = -1 ENOENT (No such file or directory) <0.000075>
801   00:07:30.662794 stat64("/lib/neon/vfp", 0xbe9dd5b0) = -1 ENOENT (No such file or directory) <0.000068>
801   00:07:30.663054 open("/lib/neon/libpython3.11.so.1.0", O_RDONLY|O_CLOEXEC) = -1 ENOENT (No such file or directory) <0.000077>
801   00:07:30.663323 stat64("/lib/neon", 0xbe9dd5b0) = -1 ENOENT (No such file or directory) <0.000067>
801   00:07:30.663582 open("/lib/vfp/libpython3.11.so.1.0", O_RDONLY|O_CLOEXEC) = -1 ENOENT (No such file or directory) <0.000073>
801   00:07:30.663847 stat64("/lib/vfp", 0xbe9dd5b0) = -1 ENOENT (No such file or directory) <0.000069>
801   00:07:30.664137 open("/lib/libpython3.11.so.1.0", O_RDONLY|O_CLOEXEC) = -1 ENOENT (No such file or directory) <0.000078>
801   00:07:30.664411 stat64("/lib", {st_mode=S_IFDIR|0755, st_size=0, ...}) = 0 <0.000059>
801   00:07:30.664691 open("/usr/lib/tls/v7l/neon/vfp/libpython3.11.so.1.0", O_RDONLY|O_CLOEXEC) = -1 ENOENT (No such file or directory) <0.000077>
801   00:07:30.664965 stat64("/usr/lib/tls/v7l/neon/vfp", 0xbe9dd5b0) = -1 ENOENT (No such file or directory) <0.000069>
801   00:07:30.665227 open("/usr/lib/tls/v7l/neon/libpython3.11.so.1.0", O_RDONLY|O_CLOEXEC) = -1 ENOENT (No such file or directory) <0.000077>
801   00:07:30.665499 stat64("/usr/lib/tls/v7l/neon", 0xbe9dd5b0) = -1 ENOENT (No such file or directory) <0.000067>
801   00:07:30.665760 open("/usr/lib/tls/v7l/vfp/libpython3.11.so.1.0", O_RDONLY|O_CLOEXEC) = -1 ENOENT (No such file or directory) <0.000075>
801   00:07:30.666029 stat64("/usr/lib/tls/v7l/vfp", 0xbe9dd5b0) = -1 ENOENT (No such file or directory) <0.000069>
801   00:07:30.666290 open("/usr/lib/tls/v7l/libpython3.11.so.1.0", O_RDONLY|O_CLOEXEC) = -1 ENOENT (No such file or directory) <0.000078>
801   00:07:30.666561 stat64("/usr/lib/tls/v7l", 0xbe9dd5b0) = -1 ENOENT (No such file or directory) <0.000068>
801   00:07:30.666822 open("/usr/lib/tls/neon/vfp/libpython3.11.so.1.0", O_RDONLY|O_CLOEXEC) = -1 ENOENT (No such file or directory) <0.000075>
801   00:07:30.667092 stat64("/usr/lib/tls/neon/vfp", 0xbe9dd5b0) = -1 ENOENT (No such file or directory) <0.000068>
801   00:07:30.667352 open("/usr/lib/tls/neon/libpython3.11.so.1.0", O_RDONLY|O_CLOEXEC) = -1 ENOENT (No such file or directory) <0.000076>
801   00:07:30.667623 stat64("/usr/lib/tls/neon", 0xbe9dd5b0) = -1 ENOENT (No such file or directory) <0.000068>
801   00:07:30.667882 open("/usr/lib/tls/vfp/libpython3.11.so.1.0", O_RDONLY|O_CLOEXEC) = -1 ENOENT (No such file or directory) <0.000074>
801   00:07:30.668149 stat64("/usr/lib/tls/vfp", 0xbe9dd5b0) = -1 ENOENT (No such file or directory) <0.000067>
801   00:07:30.668409 open("/usr/lib/tls/libpython3.11.so.1.0", O_RDONLY|O_CLOEXEC) = -1 ENOENT (No such file or directory) <0.000076>
801   00:07:30.668679 stat64("/usr/lib/tls", 0xbe9dd5b0) = -1 ENOENT (No such file or directory) <0.000068>
801   00:07:30.668938 open("/usr/lib/v7l/neon/vfp/libpython3.11.so.1.0", O_RDONLY|O_CLOEXEC) = -1 ENOENT (No such file or directory) <0.000074>
801   00:07:30.669205 stat64("/usr/lib/v7l/neon/vfp", 0xbe9dd5b0) = -1 ENOENT (No such file or directory) <0.000068>
801   00:07:30.669464 open("/usr/lib/v7l/neon/libpython3.11.so.1.0", O_RDONLY|O_CLOEXEC) = -1 ENOENT (No such file or directory) <0.000076>
801   00:07:30.669734 stat64("/usr/lib/v7l/neon", 0xbe9dd5b0) = -1 ENOENT (No such file or directory) <0.000067>
801   00:07:30.669994 open("/usr/lib/v7l/vfp/libpython3.11.so.1.0", O_RDONLY|O_CLOEXEC) = -1 ENOENT (No such file or directory) <0.000079>
801   00:07:30.670421 stat64("/usr/lib/v7l/vfp", 0xbe9dd5b0) = -1 ENOENT (No such file or directory) <0.000070>
801   00:07:30.670687 open("/usr/lib/v7l/libpython3.11.so.1.0", O_RDONLY|O_CLOEXEC) = -1 ENOENT (No such file or directory) <0.000074>
801   00:07:30.670954 stat64("/usr/lib/v7l", 0xbe9dd5b0) = -1 ENOENT (No such file or directory) <0.000067>
801   00:07:30.671214 open("/usr/lib/neon/vfp/libpython3.11.so.1.0", O_RDONLY|O_CLOEXEC) = -1 ENOENT (No such file or directory) <0.000074>
801   00:07:30.671482 stat64("/usr/lib/neon/vfp", 0xbe9dd5b0) = -1 ENOENT (No such file or directory) <0.000070>
801   00:07:30.671745 open("/usr/lib/neon/libpython3.11.so.1.0", O_RDONLY|O_CLOEXEC) = -1 ENOENT (No such file or directory) <0.000074>
801   00:07:30.672012 stat64("/usr/lib/neon", 0xbe9dd5b0) = -1 ENOENT (No such file or directory) <0.000067>
801   00:07:30.672271 open("/usr/lib/vfp/libpython3.11.so.1.0", O_RDONLY|O_CLOEXEC) = -1 ENOENT (No such file or directory) <0.000074>
801   00:07:30.672539 stat64("/usr/lib/vfp", 0xbe9dd5b0) = -1 ENOENT (No such file or directory) <0.000071>
801   00:07:30.672821 open("/usr/lib/libpython3.11.so.1.0", O_RDONLY|O_CLOEXEC) = 3 <0.000070>
801   00:07:30.673082 read(3, "\177ELF\1\1\1\0\0\0\0\0\0\0\0\0\3\0(\0\1\0\0\0\0\36\6\0004\0\0\0"..., 512) = 512 <0.000063>
801   00:07:30.673338 fstat64(3, {st_mode=S_IFREG|0755, st_size=3907340, ...}) = 0 <0.000049>
801   00:07:30.673581 mmap2(NULL, 8192, PROT_READ|PROT_WRITE, MAP_PRIVATE|MAP_ANONYMOUS, -1, 0) = 0xb6f0a000 <0.000082>
801   00:07:30.673867 mmap2(NULL, 4109340, PROT_READ|PROT_EXEC, MAP_PRIVATE|MAP_DENYWRITE, 3, 0) = 0xb6af9000 <0.000073>
801   00:07:30.674117 mprotect(0xb6dd9000, 65536, PROT_NONE) = 0 <0.000083>
801   00:07:30.674363 mmap2(0xb6de9000, 892928, PROT_READ|PROT_WRITE, MAP_PRIVATE|MAP_FIXED|MAP_DENYWRITE, 3, 0x2e0000) = 0xb6de9000 <0.000114>
801   00:07:30.674686 mmap2(0xb6ec3000, 136220, PROT_READ|PROT_WRITE, MAP_PRIVATE|MAP_FIXED|MAP_ANONYMOUS, -1, 0) = 0xb6ec3000 <0.000095>
801   00:07:30.675012 close(3)          = 0 <0.000049>
801   00:07:30.675344 open("/lib/libpthread.so.0", O_RDONLY|O_CLOEXEC) = 3 <0.000086>
801   00:07:30.675633 read(3, "\177ELF\1\1\1\3\0\0\0\0\0\0\0\0\3\0(\0\1\0\0\0EF\0\0004\0\0\0"..., 512) = 512 <0.000059>
801   00:07:30.675890 fstat64(3, {st_mode=S_IFREG|0755, st_size=106716, ...}) = 0 <0.000049>
801   00:07:30.676140 mmap2(NULL, 143944, PROT_READ|PROT_EXEC, MAP_PRIVATE|MAP_DENYWRITE, 3, 0) = 0xb6ad5000 <0.000077>
801   00:07:30.676392 mprotect(0xb6ae6000, 61440, PROT_NONE) = 0 <0.000083>
801   00:07:30.676638 mmap2(0xb6af5000, 8192, PROT_READ|PROT_WRITE, MAP_PRIVATE|MAP_FIXED|MAP_DENYWRITE, 3, 0x10000) = 0xb6af5000 <0.000107>
801   00:07:30.676958 mmap2(0xb6af7000, 4680, PROT_READ|PROT_WRITE, MAP_PRIVATE|MAP_FIXED|MAP_ANONYMOUS, -1, 0) = 0xb6af7000 <0.000090>
801   00:07:30.677261 close(3)          = 0 <0.000048>
801   00:07:30.677555 open("/lib/libdl.so.2", O_RDONLY|O_CLOEXEC) = 3 <0.000081>
801   00:07:30.677836 read(3, "\177ELF\1\1\1\0\0\0\0\0\0\0\0\0\3\0(\0\1\0\0\0\240\t\0\0004\0\0\0"..., 512) = 512 <0.000061>
801   00:07:30.678100 fstat64(3, {st_mode=S_IFREG|0755, st_size=9656, ...}) = 0 <0.000048>
801   00:07:30.678348 mmap2(NULL, 73916, PROT_READ|PROT_EXEC, MAP_PRIVATE|MAP_DENYWRITE, 3, 0) = 0xb6ac2000 <0.000075>
801   00:07:30.678595 mprotect(0xb6ac4000, 61440, PROT_NONE) = 0 <0.000082>
801   00:07:30.678838 mmap2(0xb6ad3000, 8192, PROT_READ|PROT_WRITE, MAP_PRIVATE|MAP_FIXED|MAP_DENYWRITE, 3, 0x1000) = 0xb6ad3000 <0.000095>
801   00:07:30.679166 close(3)          = 0 <0.000050>
801   00:07:30.679415 open("/lib/libutil.so.1", O_RDONLY|O_CLOEXEC) = 3 <0.000082>
801   00:07:30.679695 read(3, "\177ELF\1\1\1\0\0\0\0\0\0\0\0\0\3\0(\0\1\0\0\0\350\t\0\0004\0\0\0"..., 512) = 512 <0.000058>
801   00:07:30.679945 fstat64(3, {st_mode=S_IFREG|0755, st_size=9684, ...}) = 0 <0.000053>
801   00:07:30.680382 mmap2(NULL, 73900, PROT_READ|PROT_EXEC, MAP_PRIVATE|MAP_DENYWRITE, 3, 0) = 0xb6aaf000 <0.000081>
801   00:07:30.680642 mprotect(0xb6ab1000, 61440, PROT_NONE) = 0 <0.000082>
801   00:07:30.680888 mmap2(0xb6ac0000, 8192, PROT_READ|PROT_WRITE, MAP_PRIVATE|MAP_FIXED|MAP_DENYWRITE, 3, 0x1000) = 0xb6ac0000 <0.000096>
801   00:07:30.681222 close(3)          = 0 <0.000049>
801   00:07:30.681470 open("/lib/libm.so.6", O_RDONLY|O_CLOEXEC) = 3 <0.000083>
801   00:07:30.681752 read(3, "\177ELF\1\1\1\0\0\0\0\0\0\0\0\0\3\0(\0\1\0\0\0\300E\0\0004\0\0\0"..., 512) = 512 <0.000058>
801   00:07:30.682005 fstat64(3, {st_mode=S_IFREG|0755, st_size=439712, ...}) = 0 <0.000051>
801   00:07:30.682255 mmap2(NULL, 503928, PROT_READ|PROT_EXEC, MAP_PRIVATE|MAP_DENYWRITE, 3, 0) = 0xb6a33000 <0.000075>
801   00:07:30.682501 mprotect(0xb6a9e000, 61440, PROT_NONE) = 0 <0.000086>
801   00:07:30.682750 mmap2(0xb6aad000, 8192, PROT_READ|PROT_WRITE, MAP_PRIVATE|MAP_FIXED|MAP_DENYWRITE, 3, 0x6a000) = 0xb6aad000 <0.000094>
801   00:07:30.683079 close(3)          = 0 <0.000052>
801   00:07:30.683372 open("/lib/libc.so.6", O_RDONLY|O_CLOEXEC) = 3 <0.000082>
801   00:07:30.683653 read(3, "\177ELF\1\1\1\3\0\0\0\0\0\0\0\0\3\0(\0\1\0\0\0\ti\1\0004\0\0\0"..., 512) = 512 <0.000059>
801   00:07:30.683907 fstat64(3, {st_mode=S_IFREG|0755, st_size=898792, ...}) = 0 <0.000048>
801   00:07:30.684174 mmap2(NULL, 968000, PROT_READ|PROT_EXEC, MAP_PRIVATE|MAP_DENYWRITE, 3, 0) = 0xb6946000 <0.000080>
801   00:07:30.684430 mprotect(0xb6a1e000, 61440, PROT_NONE) = 0 <0.000102>
801   00:07:30.684699 mmap2(0xb6a2d000, 12288, PROT_READ|PROT_WRITE, MAP_PRIVATE|MAP_FIXED|MAP_DENYWRITE, 3, 0xd7000) = 0xb6a2d000 <0.000116>
801   00:07:30.685025 mmap2(0xb6a30000, 9536, PROT_READ|PROT_WRITE, MAP_PRIVATE|MAP_FIXED|MAP_ANONYMOUS, -1, 0) = 0xb6a30000 <0.000095>
801   00:07:30.685341 close(3)          = 0 <0.000049>
801   00:07:30.685781 mmap2(NULL, 8192, PROT_READ|PROT_WRITE, MAP_PRIVATE|MAP_ANONYMOUS, -1, 0) = 0xb6f08000 <0.000075>
801   00:07:30.686054 set_tls(0xb6f084d0) = 0 <0.000046>
801   00:07:30.686748 mprotect(0xb6a2d000, 8192, PROT_READ) = 0 <0.000092>
801   00:07:30.687081 mprotect(0xb6aad000, 4096, PROT_READ) = 0 <0.000080>
801   00:07:30.687365 mprotect(0xb6ac0000, 4096, PROT_READ) = 0 <0.000078>
801   00:07:30.687674 mprotect(0xb6ad3000, 4096, PROT_READ) = 0 <0.000081>
801   00:07:30.688004 mprotect(0xb6af5000, 4096, PROT_READ) = 0 <0.000077>
801   00:07:30.700159 mprotect(0xb6de9000, 102400, PROT_READ) = 0 <0.000140>
801   00:07:30.700629 mprotect(0x470000, 4096, PROT_READ) = 0 <0.000094>
801   00:07:30.700967 mprotect(0xb6f0c000, 4096, PROT_READ) = 0 <0.000096>
801   00:07:30.701248 set_tid_address(0xb6f08078) = 801 <0.000054>
801   00:07:30.701468 set_robust_list(0xb6f08080, 12) = 0 <0.000053>
801   00:07:30.701804 rt_sigaction(SIGRTMIN, {sa_handler=0xb6ad91e9, sa_mask=[], sa_flags=SA_RESTORER|SA_SIGINFO, sa_restorer=0xb696afb1}, NULL, 8) = 0 <0.000063>
801   00:07:30.702110 rt_sigaction(SIGRT_1, {sa_handler=0xb6ad9271, sa_mask=[], sa_flags=SA_RESTORER|SA_RESTART|SA_SIGINFO, sa_restorer=0xb696afb1}, NULL, 8) = 0 <0.000056>
801   00:07:30.702382 rt_sigprocmask(SIG_UNBLOCK, [RTMIN RT_1], NULL, 8) = 0 <0.000057>
801   00:07:30.702719 ugetrlimit(RLIMIT_STACK, {rlim_cur=8192*1024, rlim_max=RLIM_INFINITY}) = 0 <0.000055>
801   00:07:30.703882 brk(NULL)         = 0x472000 <0.000062>
801   00:07:30.704138 brk(0x493000)     = 0x493000 <0.000075>
801   00:07:30.705031 open("/usr/lib/locale/locale-archive", O_RDONLY|O_LARGEFILE|O_CLOEXEC) = -1 ENOENT (No such file or directory) <0.000096>
801   00:07:30.705442 open("/usr/share/locale/locale.alias", O_RDONLY|O_CLOEXEC) = -1 ENOENT (No such file or directory) <0.000087>
801   00:07:30.705774 open("/usr/lib/locale/C.UTF-8/LC_CTYPE", O_RDONLY|O_CLOEXEC) = -1 ENOENT (No such file or directory) <0.000084>
801   00:07:30.706071 open("/usr/lib/locale/C.utf8/LC_CTYPE", O_RDONLY|O_CLOEXEC) = -1 ENOENT (No such file or directory) <0.000087>
801   00:07:30.706366 open("/usr/lib/locale/C/LC_CTYPE", O_RDONLY|O_CLOEXEC) = -1 ENOENT (No such file or directory) <0.000083>
801   00:07:30.706680 open("/usr/lib/locale/UTF-8/LC_CTYPE", O_RDONLY|O_CLOEXEC) = -1 ENOENT (No such file or directory) <0.000083>
801   00:07:30.707179 getrandom("\xf0\x44\x74\x82\xf3\x03\xfb\xda\x96\x78\x6f\x63\x5c\x34\x88\x60\xe7\x6d\xf0\x64\xa8\x8d\x25\x22", 24, GRND_NONBLOCK) = 24 <0.000066>
801   00:07:30.707836 gettid()          = 801 <0.000061>
801   00:07:30.708289 mmap2(NULL, 262144, PROT_READ|PROT_WRITE, MAP_PRIVATE|MAP_ANONYMOUS, -1, 0) = 0xb6906000 <0.000103>
801   00:07:30.724339 mmap2(NULL, 262144, PROT_READ|PROT_WRITE, MAP_PRIVATE|MAP_ANONYMOUS, -1, 0) = 0xb68c6000 <0.000119>
801   00:07:30.726706 mmap2(NULL, 16384, PROT_READ|PROT_WRITE, MAP_PRIVATE|MAP_ANONYMOUS, -1, 0) = 0xb6f04000 <0.000103>
801   00:07:30.735105 stat64("/bin/python3", 0xbe9dd6b8) = -1 ENOENT (No such file or directory) <0.000096>
801   00:07:30.735578 stat64("/sbin/python3", 0xbe9dd6b8) = -1 ENOENT (No such file or directory) <0.000083>
801   00:07:30.735932 stat64("/usr/bin/python3", {st_mode=S_IFREG|0755, st_size=5436, ...}) = 0 <0.000088>
801   00:07:30.736352 open("/usr/pyvenv.cfg", O_RDONLY|O_LARGEFILE) = -1 ENOENT (No such file or directory) <0.000089>
801   00:07:30.736829 open("/usr/bin/pyvenv.cfg", O_RDONLY|O_LARGEFILE) = -1 ENOENT (No such file or directory) <0.000089>
801   00:07:30.737349 readlink("/usr/bin/python3", "python3.11", 4096) = 10 <0.000078>
801   00:07:30.737743 readlink("/usr/bin/python3.11", 0xbe9d86e4, 4096) = -1 EINVAL (Invalid argument) <0.000068>
801   00:07:30.738112 open("/usr/bin/python3._pth", O_RDONLY|O_LARGEFILE) = -1 ENOENT (No such file or directory) <0.000088>
801   00:07:30.738609 open("/usr/bin/python3.11._pth", O_RDONLY|O_LARGEFILE) = -1 ENOENT (No such file or directory) <0.000090>
801   00:07:30.739098 open("/usr/bin/pybuilddir.txt", O_RDONLY|O_LARGEFILE) = -1 ENOENT (No such file or directory) <0.000086>
801   00:07:30.739572 stat64("/usr/bin/Modules/Setup.local", 0xbe9dd6b8) = -1 ENOENT (No such file or directory) <0.000080>
801   00:07:30.739947 stat64("/usr/bin/lib/python311.zip", 0xbe9dd558) = -1 ENOENT (No such file or directory) <0.000086>
801   00:07:30.740432 stat64("/usr/lib/python311.zip", 0xbe9dd558) = -1 ENOENT (No such file or directory) <0.000081>
801   00:07:30.740827 stat64("/usr/bin/lib/python3.11/os.py", 0xbe9dd410) = -1 ENOENT (No such file or directory) <0.000083>
801   00:07:30.741177 stat64("/usr/bin/lib/python3.11/os.pyc", 0xbe9dd410) = -1 ENOENT (No such file or directory) <0.000078>
801   00:07:30.741532 stat64("/usr/lib/python3.11/os.py", 0xbe9dd410) = -1 ENOENT (No such file or directory) <0.000080>
801   00:07:30.741856 stat64("/usr/lib/python3.11/os.pyc", {st_mode=S_IFREG|0644, st_size=48965, ...}) = 0 <0.000075>
801   00:07:30.742279 stat64("/usr/bin/lib/python3.11/lib-dynload", 0xbe9dd558) = -1 ENOENT (No such file or directory) <0.000080>
801   00:07:30.742643 stat64("/usr/lib/python3.11/lib-dynload", {st_mode=S_IFDIR|0755, st_size=0, ...}) = 0 <0.000071>
801   00:07:30.743018 stat64("/usr/lib/python3.11/lib-dynload", {st_mode=S_IFDIR|0755, st_size=0, ...}) = 0 <0.000071>
801   00:07:30.749674 sysinfo({uptime=451, loads=[192, 2240, 192], totalram=519708672, freeram=372969472, sharedram=77824, bufferram=0, totalswap=0, freeswap=0, procs=51, totalhigh=0, freehigh=0, mem_unit=1}) = 0 <0.000079>
801   00:07:30.756385 gettimeofday({tv_sec=450, tv_usec=756559}, NULL) = 0 <0.000070>
801   00:07:30.756770 open("/etc/localtime", O_RDONLY|O_CLOEXEC) = -1 ENOENT (No such file or directory) <0.000091>
801   00:07:30.758756 stat64("/usr/lib/python311.zip", 0xbe9dd230) = -1 ENOENT (No such file or directory) <0.000093>
801   00:07:30.759355 stat64("/usr/lib", {st_mode=S_IFDIR|0755, st_size=0, ...}) = 0 <0.000077>
801   00:07:30.759875 stat64("/usr/lib/python311.zip", 0xbe9dd440) = -1 ENOENT (No such file or directory) <0.000198>
801   00:07:30.760555 stat64("/usr/lib/python3.11", {st_mode=S_IFDIR|0755, st_size=0, ...}) = 0 <0.000079>
801   00:07:30.761047 stat64("/usr/lib/python3.11", {st_mode=S_IFDIR|0755, st_size=0, ...}) = 0 <0.000072>
801   00:07:30.761621 stat64("/usr/lib/python3.11", {st_mode=S_IFDIR|0755, st_size=0, ...}) = 0 <0.000076>
801   00:07:30.762032 open("/usr/lib/python3.11", O_RDONLY|O_NONBLOCK|O_LARGEFILE|O_CLOEXEC|O_DIRECTORY) = 3 <0.000085>
801   00:07:30.762332 fstat64(3, {st_mode=S_IFDIR|0755, st_size=0, ...}) = 0 <0.000056>
801   00:07:30.762633 getdents64(3, 0x486ce0 /* 200 entries */, 32768) = 6792 <0.000545>
801   00:07:30.764274 getdents64(3, 0x486ce0 /* 0 entries */, 32768) = 0 <0.000064>
801   00:07:30.764559 close(3)          = 0 <0.000064>
801   00:07:30.765134 stat64("/usr/lib/python3.11/encodings/__init__.cpython-311-arm-linux-gnueabihf.so", 0xbe9dd440) = -1 ENOENT (No such file or directory) <0.000099>
801   00:07:30.765689 stat64("/usr/lib/python3.11/encodings/__init__.abi3.so", 0xbe9dd488) = -1 ENOENT (No such file or directory) <0.000087>
801   00:07:30.766155 stat64("/usr/lib/python3.11/encodings/__init__.so", 0xbe9dd488) = -1 ENOENT (No such file or directory) <0.000084>
801   00:07:30.766592 stat64("/usr/lib/python3.11/encodings/__init__.py", 0xbe9dd488) = -1 ENOENT (No such file or directory) <0.000082>
801   00:07:30.767019 stat64("/usr/lib/python3.11/encodings/__init__.pyc", {st_mode=S_IFREG|0644, st_size=6457, ...}) = 0 <0.000077>
801   00:07:30.767998 open("/usr/lib/python3.11/encodings/__init__.pyc", O_RDONLY|O_LARGEFILE|O_CLOEXEC) = 3 <0.000093>
801   00:07:30.768364 fcntl64(3, F_GETFD) = 0x1 (flags FD_CLOEXEC) <0.000057>
801   00:07:30.768606 fstat64(3, {st_mode=S_IFREG|0644, st_size=6457, ...}) = 0 <0.000057>
801   00:07:30.768938 _llseek(3, 0, [0], SEEK_CUR) = 0 <0.000059>
801   00:07:30.769208 fstat64(3, {st_mode=S_IFREG|0644, st_size=6457, ...}) = 0 <0.000056>
801   00:07:30.769501 read(3, "\247\r\r\n\0\0\0\0a&\325i\374\26\0\0\343\0\0\0\0\0\0\0\0\0\0\0\0\6\0\0"..., 6458) = 6457 <0.000085>
801   00:07:30.769798 read(3, "", 1)    = 0 <0.000057>
801   00:07:30.770239 close(3)          = 0 <0.000065>
801   00:07:30.772057 brk(0x4ba000)     = 0x4ba000 <0.000097>
801   00:07:30.777385 stat64("/usr/lib/python3.11/encodings", {st_mode=S_IFDIR|0755, st_size=0, ...}) = 0 <0.000092>
801   00:07:30.778009 stat64("/usr/lib/python3.11/encodings", {st_mode=S_IFDIR|0755, st_size=0, ...}) = 0 <0.000078>
801   00:07:30.778627 stat64("/usr/lib/python3.11/encodings", {st_mode=S_IFDIR|0755, st_size=0, ...}) = 0 <0.000077>
801   00:07:30.779046 open("/usr/lib/python3.11/encodings", O_RDONLY|O_NONBLOCK|O_LARGEFILE|O_CLOEXEC|O_DIRECTORY) = 3 <0.000087>
801   00:07:30.779352 fstat64(3, {st_mode=S_IFDIR|0755, st_size=0, ...}) = 0 <0.000056>
801   00:07:30.779656 getdents64(3, 0x499570 /* 124 entries */, 32768) = 4376 <0.000518>
801   00:07:30.780953 getdents64(3, 0x499570 /* 0 entries */, 32768) = 0 <0.000063>
801   00:07:30.781224 close(3)          = 0 <0.000065>
801   00:07:30.781877 stat64("/usr/lib/python3.11/encodings/aliases.pyc", {st_mode=S_IFREG|0644, st_size=12647, ...}) = 0 <0.000079>
801   00:07:30.782798 open("/usr/lib/python3.11/encodings/aliases.pyc", O_RDONLY|O_LARGEFILE|O_CLOEXEC) = 3 <0.000089>
801   00:07:30.783144 fstat64(3, {st_mode=S_IFREG|0644, st_size=12647, ...}) = 0 <0.000058>
801   00:07:30.783460 _llseek(3, 0, [0], SEEK_CUR) = 0 <0.000058>
801   00:07:30.783724 fstat64(3, {st_mode=S_IFREG|0644, st_size=12647, ...}) = 0 <0.000060>
801   00:07:30.784015 read(3, "\247\r\r\n\0\0\0\0a&\325i==\0\0\343\0\0\0\0\0\0\0\0\0\0\0\0\5\0\0"..., 12648) = 12647 <0.000102>
801   00:07:30.784332 read(3, "", 1)    = 0 <0.000059>
801   00:07:30.784608 close(3)          = 0 <0.000061>
801   00:07:30.785172 mmap2(NULL, 262144, PROT_READ|PROT_WRITE, MAP_PRIVATE|MAP_ANONYMOUS, -1, 0) = 0xb6886000 <0.000102>
801   00:07:30.788091 stat64("/usr/lib/python3.11/encodings", {st_mode=S_IFDIR|0755, st_size=0, ...}) = 0 <0.000085>
801   00:07:30.788750 stat64("/usr/lib/python3.11/encodings/utf_8.pyc", {st_mode=S_IFREG|0644, st_size=2316, ...}) = 0 <0.000079>
801   00:07:30.789630 open("/usr/lib/python3.11/encodings/utf_8.pyc", O_RDONLY|O_LARGEFILE|O_CLOEXEC) = 3 <0.000089>
801   00:07:30.789966 fstat64(3, {st_mode=S_IFREG|0644, st_size=2316, ...}) = 0 <0.000084>
801   00:07:30.790395 _llseek(3, 0, [0], SEEK_CUR) = 0 <0.000058>
801   00:07:30.790664 fstat64(3, {st_mode=S_IFREG|0644, st_size=2316, ...}) = 0 <0.000056>
801   00:07:30.790938 read(3, "\247\r\r\n\0\0\0\0a&\325i\355\3\0\0\343\0\0\0\0\0\0\0\0\0\0\0\0\5\0\0"..., 2317) = 2316 <0.000074>
801   00:07:30.791226 read(3, "", 1)    = 0 <0.000058>
801   00:07:30.791495 close(3)          = 0 <0.000061>
801   00:07:30.793342 rt_sigaction(SIGPIPE, {sa_handler=SIG_IGN, sa_mask=[], sa_flags=SA_RESTORER|SA_ONSTACK, sa_restorer=0xb696afa1}, {sa_handler=SIG_DFL, sa_mask=[], sa_flags=0}, 8) = 0 <0.000067>
801   00:07:30.793708 rt_sigaction(SIGXFSZ, {sa_handler=SIG_IGN, sa_mask=[], sa_flags=SA_RESTORER|SA_ONSTACK, sa_restorer=0xb696afa1}, {sa_handler=SIG_DFL, sa_mask=[], sa_flags=0}, 8) = 0 <0.000058>
801   00:07:30.795122 rt_sigaction(SIGHUP, NULL, {sa_handler=SIG_DFL, sa_mask=[], sa_flags=0}, 8) = 0 <0.000062>
801   00:07:30.795452 rt_sigaction(SIGINT, NULL, {sa_handler=SIG_DFL, sa_mask=[], sa_flags=0}, 8) = 0 <0.000057>
801   00:07:30.795723 rt_sigaction(SIGQUIT, NULL, {sa_handler=SIG_DFL, sa_mask=[], sa_flags=0}, 8) = 0 <0.000054>
801   00:07:30.795984 rt_sigaction(SIGILL, NULL, {sa_handler=SIG_DFL, sa_mask=[], sa_flags=0}, 8) = 0 <0.000054>
801   00:07:30.796240 rt_sigaction(SIGTRAP, NULL, {sa_handler=SIG_DFL, sa_mask=[], sa_flags=0}, 8) = 0 <0.000056>
801   00:07:30.796529 rt_sigaction(SIGABRT, NULL, {sa_handler=SIG_DFL, sa_mask=[], sa_flags=0}, 8) = 0 <0.000054>
801   00:07:30.796788 rt_sigaction(SIGBUS, NULL, {sa_handler=SIG_DFL, sa_mask=[], sa_flags=0}, 8) = 0 <0.000055>
801   00:07:30.797045 rt_sigaction(SIGFPE, NULL, {sa_handler=SIG_DFL, sa_mask=[], sa_flags=0}, 8) = 0 <0.000054>
801   00:07:30.797300 rt_sigaction(SIGKILL, NULL, {sa_handler=SIG_DFL, sa_mask=[], sa_flags=0}, 8) = 0 <0.000054>
801   00:07:30.797558 rt_sigaction(SIGUSR1, NULL, {sa_handler=SIG_DFL, sa_mask=[], sa_flags=0}, 8) = 0 <0.000055>
801   00:07:30.797815 rt_sigaction(SIGSEGV, NULL, {sa_handler=SIG_DFL, sa_mask=[], sa_flags=0}, 8) = 0 <0.000055>
801   00:07:30.798070 rt_sigaction(SIGUSR2, NULL, {sa_handler=SIG_DFL, sa_mask=[], sa_flags=0}, 8) = 0 <0.000054>
801   00:07:30.798325 rt_sigaction(SIGPIPE, NULL, {sa_handler=SIG_IGN, sa_mask=[], sa_flags=SA_RESTORER|SA_ONSTACK, sa_restorer=0xb696afa1}, 8) = 0 <0.000055>
801   00:07:30.798586 rt_sigaction(SIGALRM, NULL, {sa_handler=SIG_DFL, sa_mask=[], sa_flags=0}, 8) = 0 <0.000055>
801   00:07:30.798842 rt_sigaction(SIGTERM, NULL, {sa_handler=SIG_DFL, sa_mask=[], sa_flags=0}, 8) = 0 <0.000054>
801   00:07:30.799097 rt_sigaction(SIGSTKFLT, NULL, {sa_handler=SIG_DFL, sa_mask=[], sa_flags=0}, 8) = 0 <0.000054>
801   00:07:30.799351 rt_sigaction(SIGCHLD, NULL, {sa_handler=SIG_DFL, sa_mask=[], sa_flags=0}, 8) = 0 <0.000055>
801   00:07:30.799609 rt_sigaction(SIGCONT, NULL, {sa_handler=SIG_DFL, sa_mask=[], sa_flags=0}, 8) = 0 <0.000054>
801   00:07:30.799864 rt_sigaction(SIGSTOP, NULL, {sa_handler=SIG_DFL, sa_mask=[], sa_flags=0}, 8) = 0 <0.000055>
801   00:07:30.800222 rt_sigaction(SIGTSTP, NULL, {sa_handler=SIG_DFL, sa_mask=[], sa_flags=0}, 8) = 0 <0.000056>
801   00:07:30.800491 rt_sigaction(SIGTTIN, NULL, {sa_handler=SIG_DFL, sa_mask=[], sa_flags=0}, 8) = 0 <0.000058>
801   00:07:30.800752 rt_sigaction(SIGTTOU, NULL, {sa_handler=SIG_DFL, sa_mask=[], sa_flags=0}, 8) = 0 <0.000054>
801   00:07:30.801008 rt_sigaction(SIGURG, NULL, {sa_handler=SIG_DFL, sa_mask=[], sa_flags=0}, 8) = 0 <0.000047>
801   00:07:30.801248 rt_sigaction(SIGXCPU, NULL, {sa_handler=SIG_DFL, sa_mask=[], sa_flags=0}, 8) = 0 <0.000047>
801   00:07:30.801486 rt_sigaction(SIGXFSZ, NULL, {sa_handler=SIG_IGN, sa_mask=[], sa_flags=SA_RESTORER|SA_ONSTACK, sa_restorer=0xb696afa1}, 8) = 0 <0.000046>
801   00:07:30.801729 rt_sigaction(SIGVTALRM, NULL, {sa_handler=SIG_DFL, sa_mask=[], sa_flags=0}, 8) = 0 <0.000047>
801   00:07:30.801968 rt_sigaction(SIGPROF, NULL, {sa_handler=SIG_DFL, sa_mask=[], sa_flags=0}, 8) = 0 <0.000047>
801   00:07:30.802207 rt_sigaction(SIGWINCH, NULL, {sa_handler=SIG_DFL, sa_mask=[], sa_flags=0}, 8) = 0 <0.000047>
801   00:07:30.802446 rt_sigaction(SIGIO, NULL, {sa_handler=SIG_DFL, sa_mask=[], sa_flags=0}, 8) = 0 <0.000046>
801   00:07:30.802684 rt_sigaction(SIGPWR, NULL, {sa_handler=SIG_DFL, sa_mask=[], sa_flags=0}, 8) = 0 <0.000049>
801   00:07:30.802924 rt_sigaction(SIGSYS, NULL, {sa_handler=SIG_DFL, sa_mask=[], sa_flags=0}, 8) = 0 <0.000046>
801   00:07:30.803164 rt_sigaction(SIGRT_2, NULL, {sa_handler=SIG_DFL, sa_mask=[], sa_flags=0}, 8) = 0 <0.000047>
801   00:07:30.803407 rt_sigaction(SIGRT_3, NULL, {sa_handler=SIG_DFL, sa_mask=[], sa_flags=0}, 8) = 0 <0.000047>
801   00:07:30.803649 rt_sigaction(SIGRT_4, NULL, {sa_handler=SIG_DFL, sa_mask=[], sa_flags=0}, 8) = 0 <0.000049>
801   00:07:30.803892 rt_sigaction(SIGRT_5, NULL, {sa_handler=SIG_DFL, sa_mask=[], sa_flags=0}, 8) = 0 <0.000047>
801   00:07:30.804133 rt_sigaction(SIGRT_6, NULL, {sa_handler=SIG_DFL, sa_mask=[], sa_flags=0}, 8) = 0 <0.000046>
801   00:07:30.804373 rt_sigaction(SIGRT_7, NULL, {sa_handler=SIG_DFL, sa_mask=[], sa_flags=0}, 8) = 0 <0.000047>
801   00:07:30.804614 rt_sigaction(SIGRT_8, NULL, {sa_handler=SIG_DFL, sa_mask=[], sa_flags=0}, 8) = 0 <0.000047>
801   00:07:30.804858 rt_sigaction(SIGRT_9, NULL, {sa_handler=SIG_DFL, sa_mask=[], sa_flags=0}, 8) = 0 <0.000047>
801   00:07:30.805098 rt_sigaction(SIGRT_10, NULL, {sa_handler=SIG_DFL, sa_mask=[], sa_flags=0}, 8) = 0 <0.000048>
801   00:07:30.805361 rt_sigaction(SIGRT_11, NULL, {sa_handler=SIG_DFL, sa_mask=[], sa_flags=0}, 8) = 0 <0.000047>
801   00:07:30.805604 rt_sigaction(SIGRT_12, NULL, {sa_handler=SIG_DFL, sa_mask=[], sa_flags=0}, 8) = 0 <0.000047>
801   00:07:30.805848 rt_sigaction(SIGRT_13, NULL, {sa_handler=SIG_DFL, sa_mask=[], sa_flags=0}, 8) = 0 <0.000047>
801   00:07:30.806091 rt_sigaction(SIGRT_14, NULL, {sa_handler=SIG_DFL, sa_mask=[], sa_flags=0}, 8) = 0 <0.000047>
801   00:07:30.806331 rt_sigaction(SIGRT_15, NULL, {sa_handler=SIG_DFL, sa_mask=[], sa_flags=0}, 8) = 0 <0.000047>
801   00:07:30.806572 rt_sigaction(SIGRT_16, NULL, {sa_handler=SIG_DFL, sa_mask=[], sa_flags=0}, 8) = 0 <0.000047>
801   00:07:30.806814 rt_sigaction(SIGRT_17, NULL, {sa_handler=SIG_DFL, sa_mask=[], sa_flags=0}, 8) = 0 <0.000049>
801   00:07:30.807057 rt_sigaction(SIGRT_18, NULL, {sa_handler=SIG_DFL, sa_mask=[], sa_flags=0}, 8) = 0 <0.000047>
801   00:07:30.807298 rt_sigaction(SIGRT_19, NULL, {sa_handler=SIG_DFL, sa_mask=[], sa_flags=0}, 8) = 0 <0.000046>
801   00:07:30.807538 rt_sigaction(SIGRT_20, NULL, {sa_handler=SIG_DFL, sa_mask=[], sa_flags=0}, 8) = 0 <0.000047>
801   00:07:30.807781 rt_sigaction(SIGRT_21, NULL, {sa_handler=SIG_DFL, sa_mask=[], sa_flags=0}, 8) = 0 <0.000046>
801   00:07:30.808023 rt_sigaction(SIGRT_22, NULL, {sa_handler=SIG_DFL, sa_mask=[], sa_flags=0}, 8) = 0 <0.000047>
801   00:07:30.808264 rt_sigaction(SIGRT_23, NULL, {sa_handler=SIG_DFL, sa_mask=[], sa_flags=0}, 8) = 0 <0.000047>
801   00:07:30.808503 rt_sigaction(SIGRT_24, NULL, {sa_handler=SIG_DFL, sa_mask=[], sa_flags=0}, 8) = 0 <0.000047>
801   00:07:30.808743 rt_sigaction(SIGRT_25, NULL, {sa_handler=SIG_DFL, sa_mask=[], sa_flags=0}, 8) = 0 <0.000048>
801   00:07:30.808984 rt_sigaction(SIGRT_26, NULL, {sa_handler=SIG_DFL, sa_mask=[], sa_flags=0}, 8) = 0 <0.000050>
801   00:07:30.809229 rt_sigaction(SIGRT_27, NULL, {sa_handler=SIG_DFL, sa_mask=[], sa_flags=0}, 8) = 0 <0.000046>
801   00:07:30.809471 rt_sigaction(SIGRT_28, NULL, {sa_handler=SIG_DFL, sa_mask=[], sa_flags=0}, 8) = 0 <0.000047>
801   00:07:30.809712 rt_sigaction(SIGRT_29, NULL, {sa_handler=SIG_DFL, sa_mask=[], sa_flags=0}, 8) = 0 <0.000047>
801   00:07:30.809954 rt_sigaction(SIGRT_30, NULL, {sa_handler=SIG_DFL, sa_mask=[], sa_flags=0}, 8) = 0 <0.000051>
801   00:07:30.810364 rt_sigaction(SIGRT_31, NULL, {sa_handler=SIG_DFL, sa_mask=[], sa_flags=0}, 8) = 0 <0.000048>
801   00:07:30.810615 rt_sigaction(SIGRT_32, NULL, {sa_handler=SIG_DFL, sa_mask=[], sa_flags=0}, 8) = 0 <0.000046>
801   00:07:30.810876 rt_sigaction(SIGINT, {sa_handler=0xb6cff69c, sa_mask=[], sa_flags=SA_RESTORER|SA_ONSTACK, sa_restorer=0xb696afa1}, {sa_handler=SIG_DFL, sa_mask=[], sa_flags=0}, 8) = 0 <0.000049>
801   00:07:30.811314 fstat64(0, {st_mode=S_IFCHR|0620, st_rdev=makedev(0x88, 0), ...}) = 0 <0.000055>
801   00:07:30.816361 fcntl64(0, F_GETFD) = 0 <0.000073>
801   00:07:30.816710 fstat64(0, {st_mode=S_IFCHR|0620, st_rdev=makedev(0x88, 0), ...}) = 0 <0.000060>
801   00:07:30.817042 ioctl(0, TCGETS, {c_iflag=ICRNL|IXON|IUTF8, c_oflag=NL0|CR0|TAB0|BS0|VT0|FF0|OPOST|ONLCR, c_cflag=B38400|CS8|CREAD, c_lflag=ISIG|ICANON|ECHO|ECHOE|ECHOK|IEXTEN|ECHOCTL|ECHOKE, ...}) = 0 <0.000065>
801   00:07:30.817404 _llseek(0, 0, 0xbe9dd5f0, SEEK_CUR) = -1 ESPIPE (Illegal seek) <0.000057>
801   00:07:30.817736 ioctl(0, TCGETS, {c_iflag=ICRNL|IXON|IUTF8, c_oflag=NL0|CR0|TAB0|BS0|VT0|FF0|OPOST|ONLCR, c_cflag=B38400|CS8|CREAD, c_lflag=ISIG|ICANON|ECHO|ECHOE|ECHOK|IEXTEN|ECHOCTL|ECHOKE, ...}) = 0 <0.000061>
801   00:07:30.818194 fcntl64(1, F_GETFD) = 0 <0.000059>
801   00:07:30.818475 fstat64(1, {st_mode=S_IFCHR|0620, st_rdev=makedev(0x88, 0), ...}) = 0 <0.000058>
801   00:07:30.818773 ioctl(1, TCGETS, {c_iflag=ICRNL|IXON|IUTF8, c_oflag=NL0|CR0|TAB0|BS0|VT0|FF0|OPOST|ONLCR, c_cflag=B38400|CS8|CREAD, c_lflag=ISIG|ICANON|ECHO|ECHOE|ECHOK|IEXTEN|ECHOCTL|ECHOKE, ...}) = 0 <0.000060>
801   00:07:30.819107 _llseek(1, 0, 0xbe9dd5f0, SEEK_CUR) = -1 ESPIPE (Illegal seek) <0.000056>
801   00:07:30.819418 ioctl(1, TCGETS, {c_iflag=ICRNL|IXON|IUTF8, c_oflag=NL0|CR0|TAB0|BS0|VT0|FF0|OPOST|ONLCR, c_cflag=B38400|CS8|CREAD, c_lflag=ISIG|ICANON|ECHO|ECHOE|ECHOK|IEXTEN|ECHOCTL|ECHOKE, ...}) = 0 <0.000065>
801   00:07:30.819867 fcntl64(2, F_GETFD) = 0 <0.000229>
801   00:07:30.820328 fstat64(2, {st_mode=S_IFCHR|0620, st_rdev=makedev(0x88, 0), ...}) = 0 <0.000060>
801   00:07:30.820640 ioctl(2, TCGETS, {c_iflag=ICRNL|IXON|IUTF8, c_oflag=NL0|CR0|TAB0|BS0|VT0|FF0|OPOST|ONLCR, c_cflag=B38400|CS8|CREAD, c_lflag=ISIG|ICANON|ECHO|ECHOE|ECHOK|IEXTEN|ECHOCTL|ECHOKE, ...}) = 0 <0.000062>
801   00:07:30.820979 _llseek(2, 0, 0xbe9dd5f0, SEEK_CUR) = -1 ESPIPE (Illegal seek) <0.000056>
801   00:07:30.821294 ioctl(2, TCGETS, {c_iflag=ICRNL|IXON|IUTF8, c_oflag=NL0|CR0|TAB0|BS0|VT0|FF0|OPOST|ONLCR, c_cflag=B38400|CS8|CREAD, c_lflag=ISIG|ICANON|ECHO|ECHOE|ECHOK|IEXTEN|ECHOCTL|ECHOKE, ...}) = 0 <0.000060>
801   00:07:30.843846 stat64("/usr/bin/pyvenv.cfg", 0xbe9dd318) = -1 ENOENT (No such file or directory) <0.000101>
801   00:07:30.844405 stat64("/usr/pyvenv.cfg", 0xbe9dd318) = -1 ENOENT (No such file or directory) <0.000084>
801   00:07:30.844848 geteuid32()       = 0 <0.000056>
801   00:07:30.845093 getuid32()        = 0 <0.000053>
801   00:07:30.845329 getegid32()       = 0 <0.000053>
801   00:07:30.845552 getgid32()        = 0 <0.000053>
801   00:07:30.846185 stat64("/root/.local/lib/python3.11/site-packages", 0xbe9dd318) = -1 ENOENT (No such file or directory) <0.000086>
801   00:07:30.846776 stat64("/usr/lib/python3.11/site-packages", {st_mode=S_IFDIR|0755, st_size=0, ...}) = 0 <0.000078>
801   00:07:30.847338 open("/usr/lib/python3.11/site-packages", O_RDONLY|O_NONBLOCK|O_LARGEFILE|O_CLOEXEC|O_DIRECTORY) = 3 <0.000090>
801   00:07:30.847661 fstat64(3, {st_mode=S_IFDIR|0755, st_size=0, ...}) = 0 <0.000060>
801   00:07:30.847970 getdents64(3, 0x49b2d8 /* 51 entries */, 32768) = 2000 <0.000182>
801   00:07:30.848483 getdents64(3, 0x49b2d8 /* 0 entries */, 32768) = 0 <0.000060>
801   00:07:30.848735 close(3)          = 0 <0.000068>
801   00:07:30.849343 open("/usr/lib/python3.11/site-packages/distutils-precedence.pth", O_RDONLY|O_LARGEFILE|O_CLOEXEC) = 3 <0.000089>
801   00:07:30.849673 fstat64(3, {st_mode=S_IFREG|0644, st_size=151, ...}) = 0 <0.000057>
801   00:07:30.849977 ioctl(3, TCGETS, 0xbe9dd1bc) = -1 ENOTTY (Inappropriate ioctl for device) <0.000061>
801   00:07:30.850379 _llseek(3, 0, [0], SEEK_CUR) = 0 <0.000058>
801   00:07:30.851226 stat64("/usr/lib/python3.11/encodings", {st_mode=S_IFDIR|0755, st_size=0, ...}) = 0 <0.000081>
801   00:07:30.851844 stat64("/usr/lib/python3.11/encodings/ascii.pyc", {st_mode=S_IFREG|0644, st_size=2708, ...}) = 0 <0.000081>
801   00:07:30.852738 open("/usr/lib/python3.11/encodings/ascii.pyc", O_RDONLY|O_LARGEFILE|O_CLOEXEC) = 4 <0.000088>
801   00:07:30.853080 fstat64(4, {st_mode=S_IFREG|0644, st_size=2708, ...}) = 0 <0.000059>
801   00:07:30.853393 _llseek(4, 0, [0], SEEK_CUR) = 0 <0.000057>
801   00:07:30.853656 fstat64(4, {st_mode=S_IFREG|0644, st_size=2708, ...}) = 0 <0.000056>
801   00:07:30.853927 read(4, "\247\r\r\n\0\0\0\0a&\325i\340\4\0\0\343\0\0\0\0\0\0\0\0\0\0\0\0\6\0\0"..., 2709) = 2708 <0.000078>
801   00:07:30.854215 read(4, "", 1)    = 0 <0.000058>
801   00:07:30.854487 close(4)          = 0 <0.000063>
801   00:07:30.856991 read(3, "import os; var = 'SETUPTOOLS_USE"..., 8192) = 151 <0.000082>
801   00:07:30.859110 stat64("/usr/lib/python3.11", {st_mode=S_IFDIR|0755, st_size=0, ...}) = 0 <0.000086>
801   00:07:30.859864 stat64("/usr/lib/python3.11/lib-dynload", {st_mode=S_IFDIR|0755, st_size=0, ...}) = 0 <0.000165>
801   00:07:30.860480 stat64("/usr/lib/python3.11/lib-dynload", {st_mode=S_IFDIR|0755, st_size=0, ...}) = 0 <0.000076>
801   00:07:30.861037 stat64("/usr/lib/python3.11/lib-dynload", {st_mode=S_IFDIR|0755, st_size=0, ...}) = 0 <0.000075>
801   00:07:30.861447 open("/usr/lib/python3.11/lib-dynload", O_RDONLY|O_NONBLOCK|O_LARGEFILE|O_CLOEXEC|O_DIRECTORY) = 4 <0.000085>
801   00:07:30.861748 fstat64(4, {st_mode=S_IFDIR|0755, st_size=0, ...}) = 0 <0.000057>
801   00:07:30.862047 getdents64(4, 0x49d2f0 /* 51 entries */, 32768) = 3272 <0.000197>
801   00:07:30.862609 getdents64(4, 0x49d2f0 /* 0 entries */, 32768) = 0 <0.000061>
801   00:07:30.862864 close(4)          = 0 <0.000064>
801   00:07:30.863453 stat64("/usr/lib/python3.11/site-packages", {st_mode=S_IFDIR|0755, st_size=0, ...}) = 0 <0.000083>
801   00:07:30.863949 stat64("/usr/lib/python3.11/site-packages", {st_mode=S_IFDIR|0755, st_size=0, ...}) = 0 <0.000074>
801   00:07:30.864472 stat64("/usr/lib/python3.11/site-packages", {st_mode=S_IFDIR|0755, st_size=0, ...}) = 0 <0.000078>
801   00:07:30.864871 open("/usr/lib/python3.11/site-packages", O_RDONLY|O_NONBLOCK|O_LARGEFILE|O_CLOEXEC|O_DIRECTORY) = 4 <0.000085>
801   00:07:30.865170 fstat64(4, {st_mode=S_IFDIR|0755, st_size=0, ...}) = 0 <0.000056>
801   00:07:30.865442 getdents64(4, 0x49d2f0 /* 51 entries */, 32768) = 2000 <0.000182>
801   00:07:30.865949 getdents64(4, 0x49d2f0 /* 0 entries */, 32768) = 0 <0.000059>
801   00:07:30.866195 close(4)          = 0 <0.000063>
801   00:07:30.866603 stat64("/usr/lib/python3.11/site-packages/_distutils_hack/__init__.cpython-311-arm-linux-gnueabihf.so", 0xbe9dcea8) = -1 ENOENT (No such file or directory) <0.000095>
801   00:07:30.867075 stat64("/usr/lib/python3.11/site-packages/_distutils_hack/__init__.abi3.so", 0xbe9dcea8) = -1 ENOENT (No such file or directory) <0.000087>
801   00:07:30.867506 stat64("/usr/lib/python3.11/site-packages/_distutils_hack/__init__.so", 0xbe9dcea8) = -1 ENOENT (No such file or directory) <0.000088>
801   00:07:30.867923 stat64("/usr/lib/python3.11/site-packages/_distutils_hack/__init__.py", 0xbe9dcea8) = -1 ENOENT (No such file or directory) <0.000083>
801   00:07:30.868328 stat64("/usr/lib/python3.11/site-packages/_distutils_hack/__init__.pyc", {st_mode=S_IFREG|0644, st_size=11135, ...}) = 0 <0.000076>
801   00:07:30.869177 open("/usr/lib/python3.11/site-packages/_distutils_hack/__init__.pyc", O_RDONLY|O_LARGEFILE|O_CLOEXEC) = 4 <0.000092>
801   00:07:30.869513 fstat64(4, {st_mode=S_IFREG|0644, st_size=11135, ...}) = 0 <0.000057>
801   00:07:30.869826 _llseek(4, 0, [0], SEEK_CUR) = 0 <0.000058>
801   00:07:30.870266 fstat64(4, {st_mode=S_IFREG|0644, st_size=11135, ...}) = 0 <0.000058>
801   00:07:30.870576 read(4, "\247\r\r\n\0\0\0\0u\n\177c\360\27\0\0\343\0\0\0\0\0\0\0\0\0\0\0\0\6\0\0"..., 11136) = 11135 <0.000110>
801   00:07:30.870908 read(4, "", 1)    = 0 <0.000059>
801   00:07:30.871187 close(4)          = 0 <0.000063>
801   00:07:30.874409 read(3, "", 8192) = 0 <0.000076>
801   00:07:30.874841 close(3)          = 0 <0.000066>
801   00:07:30.875332 open("/usr/lib/python3.11/site-packages/matplotlib-3.4.3-py3.11-nspkg.pth", O_RDONLY|O_LARGEFILE|O_CLOEXEC) = 3 <0.000093>
801   00:07:30.875684 fstat64(3, {st_mode=S_IFREG|0644, st_size=569, ...}) = 0 <0.000058>
801   00:07:30.875994 ioctl(3, TCGETS, 0xbe9dd1bc) = -1 ENOTTY (Inappropriate ioctl for device) <0.000059>
801   00:07:30.876293 _llseek(3, 0, [0], SEEK_CUR) = 0 <0.000057>
801   00:07:30.876747 read(3, "import sys, types, os;has_mfs = "..., 8192) = 569 <0.000073>
801   00:07:30.880678 stat64("/usr/lib/python3.11", {st_mode=S_IFDIR|0755, st_size=0, ...}) = 0 <0.000085>
801   00:07:30.881349 stat64("/usr/lib/python3.11/types.pyc", {st_mode=S_IFREG|0644, st_size=14819, ...}) = 0 <0.000082>
801   00:07:30.882221 open("/usr/lib/python3.11/types.pyc", O_RDONLY|O_LARGEFILE|O_CLOEXEC) = 4 <0.000091>
801   00:07:30.882560 fstat64(4, {st_mode=S_IFREG|0644, st_size=14819, ...}) = 0 <0.000057>
801   00:07:30.882871 _llseek(4, 0, [0], SEEK_CUR) = 0 <0.000057>
801   00:07:30.883134 fstat64(4, {st_mode=S_IFREG|0644, st_size=14819, ...}) = 0 <0.000056>
801   00:07:30.883427 read(4, "\247\r\r\n\0\0\0\0a&\325iS'\0\0\343\0\0\0\0\0\0\0\0\0\0\0\0\4\0\0"..., 14820) = 14819 <0.000121>
801   00:07:30.883766 read(4, "", 1)    = 0 <0.000059>
801   00:07:30.884048 close(4)          = 0 <0.000064>
801   00:07:30.887264 stat64("/usr/lib/python3.11", {st_mode=S_IFDIR|0755, st_size=0, ...}) = 0 <0.000084>
801   00:07:30.887812 stat64("/usr/lib/python3.11/importlib/__init__.cpython-311-arm-linux-gnueabihf.so", 0xbe9dcbf8) = -1 ENOENT (No such file or directory) <0.000097>
801   00:07:30.888323 stat64("/usr/lib/python3.11/importlib/__init__.abi3.so", 0xbe9dcbf8) = -1 ENOENT (No such file or directory) <0.000087>
801   00:07:30.888765 stat64("/usr/lib/python3.11/importlib/__init__.so", 0xbe9dcbf8) = -1 ENOENT (No such file or directory) <0.000083>
801   00:07:30.889179 stat64("/usr/lib/python3.11/importlib/__init__.py", 0xbe9dcbf8) = -1 ENOENT (No such file or directory) <0.000082>
801   00:07:30.889584 stat64("/usr/lib/python3.11/importlib/__init__.pyc", {st_mode=S_IFREG|0644, st_size=6660, ...}) = 0 <0.000078>
801   00:07:30.890588 open("/usr/lib/python3.11/importlib/__init__.pyc", O_RDONLY|O_LARGEFILE|O_CLOEXEC) = 4 <0.000094>
801   00:07:30.890943 fstat64(4, {st_mode=S_IFREG|0644, st_size=6660, ...}) = 0 <0.000058>
801   00:07:30.891259 _llseek(4, 0, [0], SEEK_CUR) = 0 <0.000057>
801   00:07:30.891523 fstat64(4, {st_mode=S_IFREG|0644, st_size=6660, ...}) = 0 <0.000056>
801   00:07:30.891794 read(4, "\247\r\r\n\0\0\0\0a&\325i\311\27\0\0\343\0\0\0\0\0\0\0\0\0\0\0\0\5\0\0"..., 6661) = 6660 <0.000088>
801   00:07:30.892103 read(4, "", 1)    = 0 <0.000059>
801   00:07:30.892377 close(4)          = 0 <0.000062>
801   00:07:30.893759 stat64("/usr/lib/python3.11", {st_mode=S_IFDIR|0755, st_size=0, ...}) = 0 <0.000085>
801   00:07:30.894399 stat64("/usr/lib/python3.11/warnings.pyc", {st_mode=S_IFREG|0644, st_size=25032, ...}) = 0 <0.000076>
801   00:07:30.895293 open("/usr/lib/python3.11/warnings.pyc", O_RDONLY|O_LARGEFILE|O_CLOEXEC) = 4 <0.000087>
801   00:07:30.895629 fstat64(4, {st_mode=S_IFREG|0644, st_size=25032, ...}) = 0 <0.000058>
801   00:07:30.895942 _llseek(4, 0, [0], SEEK_CUR) = 0 <0.000060>
801   00:07:30.896208 fstat64(4, {st_mode=S_IFREG|0644, st_size=25032, ...}) = 0 <0.000055>
801   00:07:30.896500 read(4, "\247\r\r\n\0\0\0\0a&\325i!R\0\0\343\0\0\0\0\0\0\0\0\0\0\0\0\6\0\0"..., 25033) = 25032 <0.000154>
801   00:07:30.896879 read(4, "", 1)    = 0 <0.000060>
801   00:07:30.897170 close(4)          = 0 <0.000063>
801   00:07:30.901075 stat64("/usr/lib/python3.11/importlib", {st_mode=S_IFDIR|0755, st_size=0, ...}) = 0 <0.000090>
801   00:07:30.901657 stat64("/usr/lib/python3.11/importlib", {st_mode=S_IFDIR|0755, st_size=0, ...}) = 0 <0.000077>
801   00:07:30.902209 stat64("/usr/lib/python3.11/importlib", {st_mode=S_IFDIR|0755, st_size=0, ...}) = 0 <0.000079>
801   00:07:30.902618 open("/usr/lib/python3.11/importlib", O_RDONLY|O_NONBLOCK|O_LARGEFILE|O_CLOEXEC|O_DIRECTORY) = 4 <0.000085>
801   00:07:30.902926 fstat64(4, {st_mode=S_IFDIR|0755, st_size=0, ...}) = 0 <0.000056>
801   00:07:30.903227 getdents64(4, 0x4ad098 /* 13 entries */, 32768) = 432 <0.000099>
801   00:07:30.903580 getdents64(4, 0x4ad098 /* 0 entries */, 32768) = 0 <0.000058>
801   00:07:30.903822 close(4)          = 0 <0.000064>
801   00:07:30.904320 stat64("/usr/lib/python3.11/importlib/_abc.pyc", {st_mode=S_IFREG|0644, st_size=2343, ...}) = 0 <0.000080>
801   00:07:30.905139 open("/usr/lib/python3.11/importlib/_abc.pyc", O_RDONLY|O_LARGEFILE|O_CLOEXEC) = 4 <0.000089>
801   00:07:30.905479 fstat64(4, {st_mode=S_IFREG|0644, st_size=2343, ...}) = 0 <0.000058>
801   00:07:30.905789 _llseek(4, 0, [0], SEEK_CUR) = 0 <0.000057>
801   00:07:30.906052 fstat64(4, {st_mode=S_IFREG|0644, st_size=2343, ...}) = 0 <0.000056>
801   00:07:30.906323 read(4, "\247\r\r\n\0\0\0\0a&\325i<\7\0\0\343\0\0\0\0\0\0\0\0\0\0\0\0\5\0\0"..., 2344) = 2343 <0.000073>
801   00:07:30.906606 read(4, "", 1)    = 0 <0.000058>
801   00:07:30.906873 close(4)          = 0 <0.000061>
801   00:07:30.909027 stat64("/usr/lib/python3.11", {st_mode=S_IFDIR|0755, st_size=0, ...}) = 0 <0.000081>
801   00:07:30.909655 stat64("/usr/lib/python3.11/contextlib.pyc", {st_mode=S_IFREG|0644, st_size=32611, ...}) = 0 <0.000082>
801   00:07:30.910637 open("/usr/lib/python3.11/contextlib.pyc", O_RDONLY|O_LARGEFILE|O_CLOEXEC) = 4 <0.000092>
801   00:07:30.910983 fstat64(4, {st_mode=S_IFREG|0644, st_size=32611, ...}) = 0 <0.000059>
801   00:07:30.911300 _llseek(4, 0, [0], SEEK_CUR) = 0 <0.000057>
801   00:07:30.911561 fstat64(4, {st_mode=S_IFREG|0644, st_size=32611, ...}) = 0 <0.000057>
801   00:07:30.911882 read(4, "\247\r\r\n\0\0\0\0a&\325i\304i\0\0\343\0\0\0\0\0\0\0\0\0\0\0\0\7\0\0"..., 32612) = 32611 <0.000188>
801   00:07:30.912299 read(4, "", 1)    = 0 <0.000059>
801   00:07:30.912584 close(4)          = 0 <0.000063>
801   00:07:30.913650 mmap2(NULL, 262144, PROT_READ|PROT_WRITE, MAP_PRIVATE|MAP_ANONYMOUS, -1, 0) = 0xb6846000 <0.000109>
801   00:07:30.915535 stat64("/usr/lib/python3.11", {st_mode=S_IFDIR|0755, st_size=0, ...}) = 0 <0.000086>
801   00:07:30.916082 stat64("/usr/lib/python3.11/collections/__init__.cpython-311-arm-linux-gnueabihf.so", 0xbe9dc740) = -1 ENOENT (No such file or directory) <0.000091>
801   00:07:30.916557 stat64("/usr/lib/python3.11/collections/__init__.abi3.so", 0xbe9dc740) = -1 ENOENT (No such file or directory) <0.000086>
801   00:07:30.916993 stat64("/usr/lib/python3.11/collections/__init__.so", 0xbe9dc740) = -1 ENOENT (No such file or directory) <0.000088>
801   00:07:30.917410 stat64("/usr/lib/python3.11/collections/__init__.py", 0xbe9dc740) = -1 ENOENT (No such file or directory) <0.000081>
801   00:07:30.917810 stat64("/usr/lib/python3.11/collections/__init__.pyc", {st_mode=S_IFREG|0644, st_size=78215, ...}) = 0 <0.000074>
801   00:07:30.918609 open("/usr/lib/python3.11/collections/__init__.pyc", O_RDONLY|O_LARGEFILE|O_CLOEXEC) = 4 <0.000087>
801   00:07:30.918939 fstat64(4, {st_mode=S_IFREG|0644, st_size=78215, ...}) = 0 <0.000056>
801   00:07:30.919249 _llseek(4, 0, [0], SEEK_CUR) = 0 <0.000058>
801   00:07:30.919513 fstat64(4, {st_mode=S_IFREG|0644, st_size=78215, ...}) = 0 <0.000055>
801   00:07:30.919780 brk(0x4e1000)     = 0x4e1000 <0.000080>
801   00:07:30.920221 read(4, "\247\r\r\n\0\0\0\0a&\325i2\313\0\0\343\0\0\0\0\0\0\0\0\0\0\0\0\5\0\0"..., 78216) = 78215 <0.000340>
801   00:07:30.920821 read(4, "", 1)    = 0 <0.000062>
801   00:07:30.921133 close(4)          = 0 <0.000067>
801   00:07:30.926330 brk(0x4ce000)     = 0x4ce000 <0.000152>
801   00:07:30.929056 stat64("/usr/lib/python3.11", {st_mode=S_IFDIR|0755, st_size=0, ...}) = 0 <0.000085>
801   00:07:30.929737 stat64("/usr/lib/python3.11/keyword.pyc", {st_mode=S_IFREG|0644, st_size=1068, ...}) = 0 <0.000078>
801   00:07:30.930716 open("/usr/lib/python3.11/keyword.pyc", O_RDONLY|O_LARGEFILE|O_CLOEXEC) = 4 <0.000089>
801   00:07:30.931065 fstat64(4, {st_mode=S_IFREG|0644, st_size=1068, ...}) = 0 <0.000058>
801   00:07:30.931381 _llseek(4, 0, [0], SEEK_CUR) = 0 <0.000058>
801   00:07:30.931644 fstat64(4, {st_mode=S_IFREG|0644, st_size=1068, ...}) = 0 <0.000059>
801   00:07:30.931921 read(4, "\247\r\r\n\0\0\0\0a&\325i%\4\0\0\343\0\0\0\0\0\0\0\0\0\0\0\0\3\0\0"..., 1069) = 1068 <0.000073>
801   00:07:30.932203 read(4, "", 1)    = 0 <0.000057>
801   00:07:30.932471 close(4)          = 0 <0.000062>
801   00:07:30.933663 stat64("/usr/lib/python3.11", {st_mode=S_IFDIR|0755, st_size=0, ...}) = 0 <0.000083>
801   00:07:30.934287 stat64("/usr/lib/python3.11/operator.pyc", {st_mode=S_IFREG|0644, st_size=18759, ...}) = 0 <0.000078>
801   00:07:30.935095 open("/usr/lib/python3.11/operator.pyc", O_RDONLY|O_LARGEFILE|O_CLOEXEC) = 4 <0.000087>
801   00:07:30.935429 fstat64(4, {st_mode=S_IFREG|0644, st_size=18759, ...}) = 0 <0.000058>
801   00:07:30.935738 _llseek(4, 0, [0], SEEK_CUR) = 0 <0.000062>
801   00:07:30.936002 fstat64(4, {st_mode=S_IFREG|0644, st_size=18759, ...}) = 0 <0.000056>
801   00:07:30.936270 read(4, "\247\r\r\n\0\0\0\0a&\325i\325*\0\0\343\0\0\0\0\0\0\0\0\0\0\0\0\4\0\0"..., 18760) = 18759 <0.000115>
801   00:07:30.936601 read(4, "", 1)    = 0 <0.000059>
801   00:07:30.936872 close(4)          = 0 <0.000064>
801   00:07:30.942355 stat64("/usr/lib/python3.11", {st_mode=S_IFDIR|0755, st_size=0, ...}) = 0 <0.000088>
801   00:07:30.943041 stat64("/usr/lib/python3.11/reprlib.pyc", {st_mode=S_IFREG|0644, st_size=9678, ...}) = 0 <0.000080>
801   00:07:30.943883 open("/usr/lib/python3.11/reprlib.pyc", O_RDONLY|O_LARGEFILE|O_CLOEXEC) = 4 <0.000089>
801   00:07:30.944225 fstat64(4, {st_mode=S_IFREG|0644, st_size=9678, ...}) = 0 <0.000060>
801   00:07:30.944565 _llseek(4, 0, [0], SEEK_CUR) = 0 <0.000058>
801   00:07:30.944833 fstat64(4, {st_mode=S_IFREG|0644, st_size=9678, ...}) = 0 <0.000056>
801   00:07:30.945109 read(4, "\247\r\r\n\0\0\0\0a&\325i=\25\0\0\343\0\0\0\0\0\0\0\0\0\0\0\0\4\0\0"..., 9679) = 9678 <0.000091>
801   00:07:30.945417 read(4, "", 1)    = 0 <0.000059>
801   00:07:30.945693 close(4)          = 0 <0.000062>
801   00:07:30.953711 stat64("/usr/lib/python3.11", {st_mode=S_IFDIR|0755, st_size=0, ...}) = 0 <0.000090>
801   00:07:30.954413 stat64("/usr/lib/python3.11/functools.pyc", {st_mode=S_IFREG|0644, st_size=46633, ...}) = 0 <0.000077>
801   00:07:30.955253 open("/usr/lib/python3.11/functools.pyc", O_RDONLY|O_LARGEFILE|O_CLOEXEC) = 4 <0.000087>
801   00:07:30.955588 fstat64(4, {st_mode=S_IFREG|0644, st_size=46633, ...}) = 0 <0.000058>
801   00:07:30.955904 _llseek(4, 0, [0], SEEK_CUR) = 0 <0.000059>
801   00:07:30.956167 fstat64(4, {st_mode=S_IFREG|0644, st_size=46633, ...}) = 0 <0.000056>
801   00:07:30.956440 read(4, "\247\r\r\n\0\0\0\0a&\325i\r\226\0\0\343\0\0\0\0\0\0\0\0\0\0\0\0\7\0\0"..., 46634) = 46633 <0.000183>
801   00:07:30.956856 read(4, "", 1)    = 0 <0.000060>
801   00:07:30.957147 close(4)          = 0 <0.000063>
801   00:07:30.958904 mmap2(NULL, 262144, PROT_READ|PROT_WRITE, MAP_PRIVATE|MAP_ANONYMOUS, -1, 0) = 0xb6806000 <0.000112>
801   00:07:30.973753 stat64("/usr/lib/python3.11/site-packages", {st_mode=S_IFDIR|0755, st_size=0, ...}) = 0 <0.000092>
801   00:07:30.974347 stat64("/usr/lib/python3.11/site-packages/mpl_toolkits/__init__.cpython-311-arm-linux-gnueabihf.so", 0xbe9dd128) = -1 ENOENT (No such file or directory) <0.000093>
801   00:07:30.974837 stat64("/usr/lib/python3.11/site-packages/mpl_toolkits/__init__.abi3.so", 0xbe9dd128) = -1 ENOENT (No such file or directory) <0.000089>
801   00:07:30.975284 stat64("/usr/lib/python3.11/site-packages/mpl_toolkits/__init__.so", 0xbe9dd128) = -1 ENOENT (No such file or directory) <0.000084>
801   00:07:30.975701 stat64("/usr/lib/python3.11/site-packages/mpl_toolkits/__init__.py", 0xbe9dd128) = -1 ENOENT (No such file or directory) <0.000087>
801   00:07:30.976116 stat64("/usr/lib/python3.11/site-packages/mpl_toolkits/__init__.pyc", 0xbe9dd128) = -1 ENOENT (No such file or directory) <0.000084>
801   00:07:30.976502 stat64("/usr/lib/python3.11/site-packages/mpl_toolkits", {st_mode=S_IFDIR|0755, st_size=0, ...}) = 0 <0.000073>
801   00:07:30.977492 read(3, "", 8192) = 0 <0.000069>
801   00:07:30.977881 close(3)          = 0 <0.000065>
801   00:07:30.979145 stat64("/usr/lib/python3.11", {st_mode=S_IFDIR|0755, st_size=0, ...}) = 0 <0.000080>
801   00:07:30.979802 stat64("/usr/lib/python3.11/lib-dynload", {st_mode=S_IFDIR|0755, st_size=0, ...}) = 0 <0.000140>
801   00:07:30.980502 stat64("/usr/lib/python3.11/site-packages", {st_mode=S_IFDIR|0755, st_size=0, ...}) = 0 <0.000078>
801   00:07:30.981689 stat64("/usr/lib/python3.11", {st_mode=S_IFDIR|0755, st_size=0, ...}) = 0 <0.000077>
801   00:07:30.982320 stat64("/usr/lib/python3.11/lib-dynload", {st_mode=S_IFDIR|0755, st_size=0, ...}) = 0 <0.000076>
801   00:07:30.982908 stat64("/usr/lib/python3.11/site-packages", {st_mode=S_IFDIR|0755, st_size=0, ...}) = 0 <0.000076>
801   00:07:30.983851 stat64("/root/sdr_rx_trace.py", {st_mode=S_IFREG|0600, st_size=2274, ...}) = 0 <0.000078>
801   00:07:30.984379 open("/root/sdr_rx_trace.py", O_RDONLY|O_LARGEFILE|O_CLOEXEC) = 3 <0.000083>
801   00:07:30.984705 fstat64(3, {st_mode=S_IFREG|0600, st_size=2274, ...}) = 0 <0.000058>
801   00:07:30.985005 ioctl(3, TCGETS, 0xbe9dd674) = -1 ENOTTY (Inappropriate ioctl for device) <0.000059>
801   00:07:30.985306 _llseek(3, 0, [0], SEEK_CUR) = 0 <0.000058>
801   00:07:30.985619 _llseek(3, 0, [0], SEEK_CUR) = 0 <0.000057>
801   00:07:30.985918 _llseek(3, -22, [2252], SEEK_END) = 0 <0.000056>
801   00:07:30.986194 _llseek(3, 0, [2252], SEEK_CUR) = 0 <0.000059>
801   00:07:30.986488 read(3, "{max(times):.2f} ms\")\n", 4096) = 22 <0.000070>
801   00:07:30.986816 _llseek(3, 0, [2274], SEEK_END) = 0 <0.000057>
801   00:07:30.987098 _llseek(3, 0, [2274], SEEK_CUR) = 0 <0.000061>
801   00:07:30.987439 _llseek(3, 0, [0], SEEK_SET) = 0 <0.000057>
801   00:07:30.987730 _llseek(3, 0, [0], SEEK_CUR) = 0 <0.000056>
801   00:07:30.987984 fstat64(3, {st_mode=S_IFREG|0600, st_size=2274, ...}) = 0 <0.000057>
801   00:07:30.988253 read(3, "#!/usr/bin/env python3\n\"\"\"\nSDR R"..., 2275) = 2274 <0.000071>
801   00:07:30.988529 read(3, "", 1)    = 0 <0.000058>
801   00:07:30.988911 _llseek(3, 0, [0], SEEK_SET) = 0 <0.000060>
801   00:07:30.989239 close(3)          = 0 <0.000067>
801   00:07:30.989609 stat64("/root/sdr_rx_trace.py", {st_mode=S_IFREG|0600, st_size=2274, ...}) = 0 <0.000073>
801   00:07:30.990192 readlink("/root/sdr_rx_trace.py", 0xbe9ccb24, 4096) = -1 EINVAL (Invalid argument) <0.000075>
801   00:07:30.990525 lstat64("/root", {st_mode=S_IFDIR|0700, st_size=0, ...}) = 0 <0.000070>
801   00:07:30.990834 lstat64("/root/sdr_rx_trace.py", {st_mode=S_IFREG|0600, st_size=2274, ...}) = 0 <0.000069>
801   00:07:30.991218 open("/root/sdr_rx_trace.py", O_RDONLY|O_LARGEFILE) = 3 <0.000079>
801   00:07:30.991527 ioctl(3, FIOCLEX) = 0 <0.000057>
801   00:07:30.991763 fstat64(3, {st_mode=S_IFREG|0600, st_size=2274, ...}) = 0 <0.000056>
801   00:07:30.992036 ioctl(3, TCGETS, 0xbe9ddacc) = -1 ENOTTY (Inappropriate ioctl for device) <0.000056>
801   00:07:30.992340 _llseek(3, 0, [0], SEEK_CUR) = 0 <0.000061>
801   00:07:30.992610 fstat64(3, {st_mode=S_IFREG|0600, st_size=2274, ...}) = 0 <0.000057>
801   00:07:30.992875 read(3, "#!/usr/bin/env python3\n\"\"\"\nSDR R"..., 4096) = 2274 <0.000071>
801   00:07:30.993142 _llseek(3, 0, [0], SEEK_SET) = 0 <0.000049>
801   00:07:30.993483 read(3, "#!/usr/bin/env python3\n\"\"\"\nSDR R"..., 4096) = 2274 <0.000065>
801   00:07:30.997601 read(3, "", 4096) = 0 <0.000070>
801   00:07:30.997975 close(3)          = 0 <0.000063>
801   00:07:30.999804 stat64("/root", {st_mode=S_IFDIR|0700, st_size=0, ...}) = 0 <0.000259>
801   00:07:31.000570 stat64("/root", {st_mode=S_IFDIR|0700, st_size=0, ...}) = 0 <0.000074>
801   00:07:31.001136 stat64("/root", {st_mode=S_IFDIR|0700, st_size=0, ...}) = 0 <0.000072>
801   00:07:31.001534 open("/root", O_RDONLY|O_NONBLOCK|O_LARGEFILE|O_CLOEXEC|O_DIRECTORY) = 3 <0.000081>
801   00:07:31.001832 fstat64(3, {st_mode=S_IFDIR|0700, st_size=0, ...}) = 0 <0.000060>
801   00:07:31.002135 getdents64(3, 0x4bba40 /* 7 entries */, 32768) = 232 <0.000082>
801   00:07:31.002460 getdents64(3, 0x4bba40 /* 0 entries */, 32768) = 0 <0.000057>
801   00:07:31.002705 close(3)          = 0 <0.000063>
801   00:07:31.003239 stat64("/usr/lib/python3.11", {st_mode=S_IFDIR|0755, st_size=0, ...}) = 0 <0.000076>
801   00:07:31.003824 stat64("/usr/lib/python3.11/lib-dynload", {st_mode=S_IFDIR|0755, st_size=0, ...}) = 0 <0.000077>
801   00:07:31.004405 stat64("/usr/lib/python3.11/site-packages", {st_mode=S_IFDIR|0755, st_size=0, ...}) = 0 <0.000075>
801   00:07:31.004835 stat64("/usr/lib/python3.11/site-packages/adi/__init__.cpython-311-arm-linux-gnueabihf.so", 0xbe9dd670) = -1 ENOENT (No such file or directory) <0.000089>
801   00:07:31.005294 stat64("/usr/lib/python3.11/site-packages/adi/__init__.abi3.so", 0xbe9dd670) = -1 ENOENT (No such file or directory) <0.000086>
801   00:07:31.005726 stat64("/usr/lib/python3.11/site-packages/adi/__init__.so", 0xbe9dd670) = -1 ENOENT (No such file or directory) <0.000083>
801   00:07:31.006143 stat64("/usr/lib/python3.11/site-packages/adi/__init__.py", 0xbe9dd670) = -1 ENOENT (No such file or directory) <0.000082>
801   00:07:31.006547 stat64("/usr/lib/python3.11/site-packages/adi/__init__.pyc", {st_mode=S_IFREG|0644, st_size=8649, ...}) = 0 <0.000074>
801   00:07:31.007356 open("/usr/lib/python3.11/site-packages/adi/__init__.pyc", O_RDONLY|O_LARGEFILE|O_CLOEXEC) = 3 <0.000090>
801   00:07:31.007693 fstat64(3, {st_mode=S_IFREG|0644, st_size=8649, ...}) = 0 <0.000057>
801   00:07:31.008001 _llseek(3, 0, [0], SEEK_CUR) = 0 <0.000058>
801   00:07:31.008267 fstat64(3, {st_mode=S_IFREG|0644, st_size=8649, ...}) = 0 <0.000056>
801   00:07:31.008536 read(3, "\247\r\r\n\0\0\0\0D\340\35i\t\22\0\0\343\0\0\0\0\0\0\0\0\0\0\0\0\4\0\0"..., 8650) = 8649 <0.000091>
801   00:07:31.008863 read(3, "", 1)    = 0 <0.000058>
801   00:07:31.009144 close(3)          = 0 <0.000065>
801   00:07:31.011092 stat64("/usr/lib/python3.11/site-packages/adi", {st_mode=S_IFDIR|0755, st_size=0, ...}) = 0 <0.000088>
801   00:07:31.011663 stat64("/usr/lib/python3.11/site-packages/adi", {st_mode=S_IFDIR|0755, st_size=0, ...}) = 0 <0.000078>
801   00:07:31.012234 stat64("/usr/lib/python3.11/site-packages/adi", {st_mode=S_IFDIR|0755, st_size=0, ...}) = 0 <0.000080>
801   00:07:31.012642 open("/usr/lib/python3.11/site-packages/adi", O_RDONLY|O_NONBLOCK|O_LARGEFILE|O_CLOEXEC|O_DIRECTORY) = 3 <0.000086>
801   00:07:31.012942 fstat64(3, {st_mode=S_IFDIR|0755, st_size=0, ...}) = 0 <0.000057>
801   00:07:31.013218 getdents64(3, 0x4bba40 /* 144 entries */, 32768) = 4784 <0.000385>
801   00:07:31.014157 getdents64(3, 0x4bba40 /* 0 entries */, 32768) = 0 <0.000062>
801   00:07:31.014424 close(3)          = 0 <0.000067>
801   00:07:31.015012 stat64("/usr/lib/python3.11/site-packages/adi/ad2s1210.pyc", {st_mode=S_IFREG|0644, st_size=5521, ...}) = 0 <0.000082>
801   00:07:31.015861 open("/usr/lib/python3.11/site-packages/adi/ad2s1210.pyc", O_RDONLY|O_LARGEFILE|O_CLOEXEC) = 3 <0.000088>
801   00:07:31.016194 fstat64(3, {st_mode=S_IFREG|0644, st_size=5521, ...}) = 0 <0.000057>
801   00:07:31.016502 _llseek(3, 0, [0], SEEK_CUR) = 0 <0.000061>
801   00:07:31.016770 fstat64(3, {st_mode=S_IFREG|0644, st_size=5521, ...}) = 0 <0.000056>
801   00:07:31.017040 read(3, "\247\r\r\n\0\0\0\0D\340\35i\323\f\0\0\343\0\0\0\0\0\0\0\0\0\0\0\0\6\0\0"..., 5522) = 5521 <0.000082>
801   00:07:31.017334 read(3, "", 1)    = 0 <0.000058>
801   00:07:31.017603 close(3)          = 0 <0.000064>
801   00:07:31.018760 stat64("/usr/lib/python3.11/site-packages/adi", {st_mode=S_IFDIR|0755, st_size=0, ...}) = 0 <0.000083>
801   00:07:31.019366 stat64("/usr/lib/python3.11/site-packages/adi/attribute.pyc", {st_mode=S_IFREG|0644, st_size=11753, ...}) = 0 <0.000078>
801   00:07:31.020373 open("/usr/lib/python3.11/site-packages/adi/attribute.pyc", O_RDONLY|O_LARGEFILE|O_CLOEXEC) = 3 <0.000091>
801   00:07:31.020713 fstat64(3, {st_mode=S_IFREG|0644, st_size=11753, ...}) = 0 <0.000061>
801   00:07:31.021029 _llseek(3, 0, [0], SEEK_CUR) = 0 <0.000058>
801   00:07:31.021293 fstat64(3, {st_mode=S_IFREG|0644, st_size=11753, ...}) = 0 <0.000056>
801   00:07:31.021564 read(3, "\247\r\r\n\0\0\0\0D\340\35i\373\34\0\0\343\0\0\0\0\0\0\0\0\0\0\0\0\4\0\0"..., 11754) = 11753 <0.000095>
801   00:07:31.021876 read(3, "", 1)    = 0 <0.000058>
801   00:07:31.022152 close(3)          = 0 <0.000061>
801   00:07:31.023614 stat64("/root", {st_mode=S_IFDIR|0700, st_size=0, ...}) = 0 <0.000081>
801   00:07:31.024271 stat64("/usr/lib/python3.11", {st_mode=S_IFDIR|0755, st_size=0, ...}) = 0 <0.000075>
801   00:07:31.024715 stat64("/usr/lib/python3.11/re/__init__.cpython-311-arm-linux-gnueabihf.so", 0xbe9dcaa0) = -1 ENOENT (No such file or directory) <0.000088>
801   00:07:31.025179 stat64("/usr/lib/python3.11/re/__init__.abi3.so", 0xbe9dcaa0) = -1 ENOENT (No such file or directory) <0.000086>
801   00:07:31.025611 stat64("/usr/lib/python3.11/re/__init__.so", 0xbe9dcaa0) = -1 ENOENT (No such file or directory) <0.000083>
801   00:07:31.026025 stat64("/usr/lib/python3.11/re/__init__.py", 0xbe9dcaa0) = -1 ENOENT (No such file or directory) <0.000084>
801   00:07:31.026433 stat64("/usr/lib/python3.11/re/__init__.pyc", {st_mode=S_IFREG|0644, st_size=19314, ...}) = 0 <0.000073>
801   00:07:31.027240 open("/usr/lib/python3.11/re/__init__.pyc", O_RDONLY|O_LARGEFILE|O_CLOEXEC) = 3 <0.000087>
801   00:07:31.027573 fstat64(3, {st_mode=S_IFREG|0644, st_size=19314, ...}) = 0 <0.000057>
801   00:07:31.027883 _llseek(3, 0, [0], SEEK_CUR) = 0 <0.000058>
801   00:07:31.028150 fstat64(3, {st_mode=S_IFREG|0644, st_size=19314, ...}) = 0 <0.000056>
801   00:07:31.028419 read(3, "\247\r\r\n\0\0\0\0a&\325i\21>\0\0\343\0\0\0\0\0\0\0\0\0\0\0\0\6\0\0"..., 19315) = 19314 <0.000112>
801   00:07:31.028752 read(3, "", 1)    = 0 <0.000061>
801   00:07:31.029037 close(3)          = 0 <0.000068>
801   00:07:31.030932 stat64("/root", {st_mode=S_IFDIR|0700, st_size=0, ...}) = 0 <0.000082>
801   00:07:31.031605 stat64("/usr/lib/python3.11", {st_mode=S_IFDIR|0755, st_size=0, ...}) = 0 <0.000076>
801   00:07:31.032160 stat64("/usr/lib/python3.11/enum.pyc", {st_mode=S_IFREG|0644, st_size=86914, ...}) = 0 <0.000078>
801   00:07:31.032970 open("/usr/lib/python3.11/enum.pyc", O_RDONLY|O_LARGEFILE|O_CLOEXEC) = 3 <0.000087>
801   00:07:31.033302 fstat64(3, {st_mode=S_IFREG|0644, st_size=86914, ...}) = 0 <0.000061>
801   00:07:31.033614 _llseek(3, 0, [0], SEEK_CUR) = 0 <0.000057>
801   00:07:31.033875 fstat64(3, {st_mode=S_IFREG|0644, st_size=86914, ...}) = 0 <0.000056>
801   00:07:31.034144 brk(0x4f1000)     = 0x4f1000 <0.000084>
801   00:07:31.034427 read(3, "\247\r\r\n\0\0\0\0a&\325iM3\1\0\343\0\0\0\0\0\0\0\0\0\0\0\0\10\0\0"..., 86915) = 86914 <0.000395>
801   00:07:31.035079 read(3, "", 1)    = 0 <0.000062>
801   00:07:31.035393 close(3)          = 0 <0.000067>
801   00:07:31.067191 stat64("/usr/lib/python3.11/re", {st_mode=S_IFDIR|0755, st_size=0, ...}) = 0 <0.000094>
801   00:07:31.067811 stat64("/usr/lib/python3.11/re", {st_mode=S_IFDIR|0755, st_size=0, ...}) = 0 <0.000079>
801   00:07:31.068380 stat64("/usr/lib/python3.11/re", {st_mode=S_IFDIR|0755, st_size=0, ...}) = 0 <0.000074>
801   00:07:31.068791 open("/usr/lib/python3.11/re", O_RDONLY|O_NONBLOCK|O_LARGEFILE|O_CLOEXEC|O_DIRECTORY) = 3 <0.000087>
801   00:07:31.069099 fstat64(3, {st_mode=S_IFDIR|0755, st_size=0, ...}) = 0 <0.000057>
801   00:07:31.069379 getdents64(3, 0x4bba40 /* 7 entries */, 32768) = 224 <0.000081>
801   00:07:31.069701 getdents64(3, 0x4bba40 /* 0 entries */, 32768) = 0 <0.000058>
801   00:07:31.069945 close(3)          = 0 <0.000068>
801   00:07:31.070536 stat64("/usr/lib/python3.11/re/_compiler.pyc", {st_mode=S_IFREG|0644, st_size=31820, ...}) = 0 <0.000078>
801   00:07:31.071385 open("/usr/lib/python3.11/re/_compiler.pyc", O_RDONLY|O_LARGEFILE|O_CLOEXEC) = 3 <0.000087>
801   00:07:31.071724 fstat64(3, {st_mode=S_IFREG|0644, st_size=31820, ...}) = 0 <0.000057>
801   00:07:31.072034 _llseek(3, 0, [0], SEEK_CUR) = 0 <0.000061>
801   00:07:31.072301 fstat64(3, {st_mode=S_IFREG|0644, st_size=31820, ...}) = 0 <0.000055>
801   00:07:31.072571 read(3, "\247\r\r\n\0\0\0\0a&\325i\235e\0\0\343\0\0\0\0\0\0\0\0\0\0\0\0\10\0\0"..., 31821) = 31820 <0.000149>
801   00:07:31.072949 read(3, "", 1)    = 0 <0.000059>
801   00:07:31.073243 close(3)          = 0 <0.000062>
801   00:07:31.076483 stat64("/usr/lib/python3.11/re", {st_mode=S_IFDIR|0755, st_size=0, ...}) = 0 <0.000090>
801   00:07:31.077152 stat64("/usr/lib/python3.11/re/_parser.pyc", {st_mode=S_IFREG|0644, st_size=50037, ...}) = 0 <0.000117>
801   00:07:31.078063 open("/usr/lib/python3.11/re/_parser.pyc", O_RDONLY|O_LARGEFILE|O_CLOEXEC) = 3 <0.000090>
801   00:07:31.078404 fstat64(3, {st_mode=S_IFREG|0644, st_size=50037, ...}) = 0 <0.000060>
801   00:07:31.078714 _llseek(3, 0, [0], SEEK_CUR) = 0 <0.000058>
801   00:07:31.078978 fstat64(3, {st_mode=S_IFREG|0644, st_size=50037, ...}) = 0 <0.000056>
801   00:07:31.079270 read(3, "\247\r\r\n\0\0\0\0a&\325i\325\244\0\0\343\0\0\0\0\0\0\0\0\0\0\0\0\v\0\0"..., 50038) = 50037 <0.000258>
801   00:07:31.079765 read(3, "", 1)    = 0 <0.000060>
801   00:07:31.080157 close(3)          = 0 <0.000066>
801   00:07:31.082819 stat64("/usr/lib/python3.11/re", {st_mode=S_IFDIR|0755, st_size=0, ...}) = 0 <0.000087>
801   00:07:31.083486 stat64("/usr/lib/python3.11/re/_constants.pyc", {st_mode=S_IFREG|0644, st_size=5950, ...}) = 0 <0.000081>
801   00:07:31.084168 mmap2(NULL, 262144, PROT_READ|PROT_WRITE, MAP_PRIVATE|MAP_ANONYMOUS, -1, 0) = 0xb67c6000 <0.000106>
801   00:07:31.084806 open("/usr/lib/python3.11/re/_constants.pyc", O_RDONLY|O_LARGEFILE|O_CLOEXEC) = 3 <0.000091>
801   00:07:31.085161 fstat64(3, {st_mode=S_IFREG|0644, st_size=5950, ...}) = 0 <0.000058>
801   00:07:31.085474 _llseek(3, 0, [0], SEEK_CUR) = 0 <0.000058>
801   00:07:31.085737 fstat64(3, {st_mode=S_IFREG|0644, st_size=5950, ...}) = 0 <0.000059>
801   00:07:31.086010 read(3, "\247\r\r\n\0\0\0\0a&\325i*\27\0\0\343\0\0\0\0\0\0\0\0\0\0\0\0\24\0\0"..., 5951) = 5950 <0.000084>
801   00:07:31.086332 read(3, "", 1)    = 0 <0.000059>
801   00:07:31.086614 close(3)          = 0 <0.000062>
801   00:07:31.093524 stat64("/usr/lib/python3.11/re", {st_mode=S_IFDIR|0755, st_size=0, ...}) = 0 <0.000091>
801   00:07:31.094210 stat64("/usr/lib/python3.11/re/_casefix.pyc", {st_mode=S_IFREG|0644, st_size=1846, ...}) = 0 <0.000081>
801   00:07:31.095067 open("/usr/lib/python3.11/re/_casefix.pyc", O_RDONLY|O_LARGEFILE|O_CLOEXEC) = 3 <0.000092>
801   00:07:31.095409 fstat64(3, {st_mode=S_IFREG|0644, st_size=1846, ...}) = 0 <0.000058>
801   00:07:31.095719 _llseek(3, 0, [0], SEEK_CUR) = 0 <0.000057>
801   00:07:31.095982 fstat64(3, {st_mode=S_IFREG|0644, st_size=1846, ...}) = 0 <0.000056>
801   00:07:31.096252 read(3, "\247\r\r\n\0\0\0\0a&\325iF\25\0\0\343\0\0\0\0\0\0\0\0\0\0\0\0\4\0\0"..., 1847) = 1846 <0.000077>
801   00:07:31.096537 read(3, "", 1)    = 0 <0.000058>
801   00:07:31.096806 close(3)          = 0 <0.000061>
801   00:07:31.103142 stat64("/root", {st_mode=S_IFDIR|0700, st_size=0, ...}) = 0 <0.000083>
801   00:07:31.103832 stat64("/usr/lib/python3.11", {st_mode=S_IFDIR|0755, st_size=0, ...}) = 0 <0.000079>
801   00:07:31.104400 stat64("/usr/lib/python3.11/copyreg.pyc", {st_mode=S_IFREG|0644, st_size=8178, ...}) = 0 <0.000077>
801   00:07:31.105226 open("/usr/lib/python3.11/copyreg.pyc", O_RDONLY|O_LARGEFILE|O_CLOEXEC) = 3 <0.000088>
801   00:07:31.105562 fstat64(3, {st_mode=S_IFREG|0644, st_size=8178, ...}) = 0 <0.000058>
801   00:07:31.105876 _llseek(3, 0, [0], SEEK_CUR) = 0 <0.000058>
801   00:07:31.106141 fstat64(3, {st_mode=S_IFREG|0644, st_size=8178, ...}) = 0 <0.000055>
801   00:07:31.106411 read(3, "\247\r\r\n\0\0\0\0a&\325i\375\35\0\0\343\0\0\0\0\0\0\0\0\0\0\0\0\6\0\0"..., 8179) = 8178 <0.000088>
801   00:07:31.106714 read(3, "", 1)    = 0 <0.000061>
801   00:07:31.106988 close(3)          = 0 <0.000062>
801   00:07:31.109211 stat64("/usr/lib/python3.11/site-packages/adi", {st_mode=S_IFDIR|0755, st_size=0, ...}) = 0 <0.000088>
801   00:07:31.109890 stat64("/usr/lib/python3.11/site-packages/adi/context_manager.pyc", {st_mode=S_IFREG|0644, st_size=2338, ...}) = 0 <0.000105>
801   00:07:31.110855 open("/usr/lib/python3.11/site-packages/adi/context_manager.pyc", O_RDONLY|O_LARGEFILE|O_CLOEXEC) = 3 <0.000093>
801   00:07:31.111204 fstat64(3, {st_mode=S_IFREG|0644, st_size=2338, ...}) = 0 <0.000058>
801   00:07:31.111517 _llseek(3, 0, [0], SEEK_CUR) = 0 <0.000058>
801   00:07:31.111780 fstat64(3, {st_mode=S_IFREG|0644, st_size=2338, ...}) = 0 <0.000056>
801   00:07:31.112056 read(3, "\247\r\r\n\0\0\0\0D\340\35i\204\5\0\0\343\0\0\0\0\0\0\0\0\0\0\0\0\5\0\0"..., 2339) = 2338 <0.000073>
801   00:07:31.112341 read(3, "", 1)    = 0 <0.000058>
801   00:07:31.112609 close(3)          = 0 <0.000062>
801   00:07:31.113625 stat64("/root", {st_mode=S_IFDIR|0700, st_size=0, ...}) = 0 <0.000079>
801   00:07:31.114257 stat64("/usr/lib/python3.11", {st_mode=S_IFDIR|0755, st_size=0, ...}) = 0 <0.000075>
801   00:07:31.114827 stat64("/usr/lib/python3.11/lib-dynload", {st_mode=S_IFDIR|0755, st_size=0, ...}) = 0 <0.000076>
801   00:07:31.115389 stat64("/usr/lib/python3.11/site-packages", {st_mode=S_IFDIR|0755, st_size=0, ...}) = 0 <0.000074>
801   00:07:31.115910 stat64("/usr/lib/python3.11/site-packages/iio.pyc", {st_mode=S_IFREG|0644, st_size=63564, ...}) = 0 <0.000076>
801   00:07:31.116699 open("/usr/lib/python3.11/site-packages/iio.pyc", O_RDONLY|O_LARGEFILE|O_CLOEXEC) = 3 <0.000088>
801   00:07:31.117028 fstat64(3, {st_mode=S_IFREG|0644, st_size=63564, ...}) = 0 <0.000056>
801   00:07:31.117336 _llseek(3, 0, [0], SEEK_CUR) = 0 <0.000056>
801   00:07:31.117596 fstat64(3, {st_mode=S_IFREG|0644, st_size=63564, ...}) = 0 <0.000055>
801   00:07:31.117890 read(3, "\247\r\r\n\0\0\0\0Z%\325i\0\252\0\0\343\0\0\0\0\0\0\0\0\0\0\0\0\6\0\0"..., 63565) = 63564 <0.000247>
801   00:07:31.118381 read(3, "", 1)    = 0 <0.000061>
801   00:07:31.118683 close(3)          = 0 <0.000063>
801   00:07:31.124041 stat64("/root", {st_mode=S_IFDIR|0700, st_size=0, ...}) = 0 <0.000087>
801   00:07:31.124796 stat64("/usr/lib/python3.11", {st_mode=S_IFDIR|0755, st_size=0, ...}) = 0 <0.000078>
801   00:07:31.125272 stat64("/usr/lib/python3.11/ctypes/__init__.cpython-311-arm-linux-gnueabihf.so", 0xbe9dc6b0) = -1 ENOENT (No such file or directory) <0.000092>
801   00:07:31.125753 stat64("/usr/lib/python3.11/ctypes/__init__.abi3.so", 0xbe9dc6b0) = -1 ENOENT (No such file or directory) <0.000085>
801   00:07:31.126186 stat64("/usr/lib/python3.11/ctypes/__init__.so", 0xbe9dc6b0) = -1 ENOENT (No such file or directory) <0.000084>
801   00:07:31.126607 stat64("/usr/lib/python3.11/ctypes/__init__.py", 0xbe9dc6b0) = -1 ENOENT (No such file or directory) <0.000086>
801   00:07:31.127018 stat64("/usr/lib/python3.11/ctypes/__init__.pyc", {st_mode=S_IFREG|0644, st_size=26799, ...}) = 0 <0.000073>
801   00:07:31.127835 open("/usr/lib/python3.11/ctypes/__init__.pyc", O_RDONLY|O_LARGEFILE|O_CLOEXEC) = 3 <0.000089>
801   00:07:31.128169 fstat64(3, {st_mode=S_IFREG|0644, st_size=26799, ...}) = 0 <0.000058>
801   00:07:31.128478 _llseek(3, 0, [0], SEEK_CUR) = 0 <0.000057>
801   00:07:31.128738 fstat64(3, {st_mode=S_IFREG|0644, st_size=26799, ...}) = 0 <0.000059>
801   00:07:31.129011 read(3, "\247\r\r\n\0\0\0\0a&\325i\264E\0\0\343\0\0\0\0\0\0\0\0\0\0\0\0\7\0\0"..., 26800) = 26799 <0.000134>
801   00:07:31.129368 read(3, "", 1)    = 0 <0.000058>
801   00:07:31.129648 close(3)          = 0 <0.000062>
801   00:07:31.132412 stat64("/root", {st_mode=S_IFDIR|0700, st_size=0, ...}) = 0 <0.000082>
801   00:07:31.133098 stat64("/usr/lib/python3.11", {st_mode=S_IFDIR|0755, st_size=0, ...}) = 0 <0.000078>
801   00:07:31.133683 stat64("/usr/lib/python3.11/lib-dynload", {st_mode=S_IFDIR|0755, st_size=0, ...}) = 0 <0.000076>
801   00:07:31.134122 stat64("/usr/lib/python3.11/lib-dynload/_ctypes.cpython-311-arm-linux-gnueabihf.so", {st_mode=S_IFREG|0755, st_size=101964, ...}) = 0 <0.000078>
801   00:07:31.134737 futex(0xb6ad40b0, FUTEX_WAKE_PRIVATE, 2147483647) = 0 <0.000060>
801   00:07:31.135053 open("/usr/lib/python3.11/lib-dynload/_ctypes.cpython-311-arm-linux-gnueabihf.so", O_RDONLY|O_CLOEXEC) = 3 <0.000090>
801   00:07:31.135369 read(3, "\177ELF\1\1\1\0\0\0\0\0\0\0\0\0\3\0(\0\1\0\0\0\350A\0\0004\0\0\0"..., 512) = 512 <0.000071>
801   00:07:31.135648 fstat64(3, {st_mode=S_IFREG|0755, st_size=101964, ...}) = 0 <0.000057>
801   00:07:31.135923 mmap2(NULL, 166356, PROT_READ|PROT_EXEC, MAP_PRIVATE|MAP_DENYWRITE, 3, 0) = 0xb679d000 <0.000105>
801   00:07:31.136218 mprotect(0xb67b4000, 61440, PROT_NONE) = 0 <0.000098>
801   00:07:31.136492 mmap2(0xb67c3000, 12288, PROT_READ|PROT_WRITE, MAP_PRIVATE|MAP_FIXED|MAP_DENYWRITE, 3, 0x16000) = 0xb67c3000 <0.000122>
801   00:07:31.136875 close(3)          = 0 <0.000059>
801   00:07:31.137211 open("/lib/libffi.so.8", O_RDONLY|O_CLOEXEC) = -1 ENOENT (No such file or directory) <0.000088>
801   00:07:31.137524 open("/usr/lib/libffi.so.8", O_RDONLY|O_CLOEXEC) = 3 <0.000091>
801   00:07:31.137815 read(3, "\177ELF\1\1\1\0\0\0\0\0\0\0\0\0\3\0(\0\1\0\0\0\330\23\0\0004\0\0\0"..., 512) = 512 <0.000066>
801   00:07:31.138086 fstat64(3, {st_mode=S_IFREG|0755, st_size=30088, ...}) = 0 <0.000056>
801   00:07:31.138357 mmap2(NULL, 94816, PROT_READ|PROT_EXEC, MAP_PRIVATE|MAP_DENYWRITE, 3, 0) = 0xb6785000 <0.000091>
801   00:07:31.138632 mprotect(0xb678c000, 61440, PROT_NONE) = 0 <0.000098>
801   00:07:31.138901 mmap2(0xb679b000, 8192, PROT_READ|PROT_WRITE, MAP_PRIVATE|MAP_FIXED|MAP_DENYWRITE, 3, 0x6000) = 0xb679b000 <0.000109>
801   00:07:31.139258 close(3)          = 0 <0.000060>
801   00:07:31.139560 open("/lib/libgcc_s.so.1", O_RDONLY|O_CLOEXEC) = 3 <0.000079>
801   00:07:31.139848 read(3, "\177ELF\1\1\1\0\0\0\0\0\0\0\0\0\3\0(\0\1\0\0\0P\316\0\0004\0\0\0"..., 512) = 512 <0.000067>
801   00:07:31.140278 fstat64(3, {st_mode=S_IFREG|0755, st_size=99884, ...}) = 0 <0.000061>
801   00:07:31.140564 mmap2(NULL, 164148, PROT_READ|PROT_EXEC, MAP_PRIVATE|MAP_DENYWRITE, 3, 0) = 0xb675c000 <0.000109>
801   00:07:31.140858 mprotect(0xb6774000, 61440, PROT_NONE) = 0 <0.000098>
801   00:07:31.141155 mmap2(0xb6783000, 8192, PROT_READ|PROT_WRITE, MAP_PRIVATE|MAP_FIXED|MAP_DENYWRITE, 3, 0x17000) = 0xb6783000 <0.000109>
801   00:07:31.141519 close(3)          = 0 <0.000056>
801   00:07:31.142276 mprotect(0xb6783000, 4096, PROT_READ) = 0 <0.000100>
801   00:07:31.142868 mprotect(0xb679b000, 4096, PROT_READ) = 0 <0.000092>
801   00:07:31.143886 mprotect(0xb67c3000, 4096, PROT_READ) = 0 <0.000096>
801   00:07:31.146578 stat64("/root", {st_mode=S_IFDIR|0700, st_size=0, ...}) = 0 <0.000088>
801   00:07:31.147304 stat64("/usr/lib/python3.11", {st_mode=S_IFDIR|0755, st_size=0, ...}) = 0 <0.000077>
801   00:07:31.147865 stat64("/usr/lib/python3.11/struct.pyc", {st_mode=S_IFREG|0644, st_size=380, ...}) = 0 <0.000076>
801   00:07:31.148672 open("/usr/lib/python3.11/struct.pyc", O_RDONLY|O_LARGEFILE|O_CLOEXEC) = 3 <0.000089>
801   00:07:31.149006 fstat64(3, {st_mode=S_IFREG|0644, st_size=380, ...}) = 0 <0.000056>
801   00:07:31.149310 _llseek(3, 0, [0], SEEK_CUR) = 0 <0.000058>
801   00:07:31.149573 fstat64(3, {st_mode=S_IFREG|0644, st_size=380, ...}) = 0 <0.000055>
801   00:07:31.149841 read(3, "\247\r\r\n\0\0\0\0a&\325i\1\1\0\0\343\0\0\0\0\0\0\0\0\0\0\0\0\2\0\0"..., 381) = 380 <0.000069>
801   00:07:31.150244 read(3, "", 1)    = 0 <0.000063>
801   00:07:31.150523 close(3)          = 0 <0.000063>
801   00:07:31.151438 stat64("/root", {st_mode=S_IFDIR|0700, st_size=0, ...}) = 0 <0.000077>
801   00:07:31.152074 stat64("/usr/lib/python3.11", {st_mode=S_IFDIR|0755, st_size=0, ...}) = 0 <0.000075>
801   00:07:31.152651 stat64("/usr/lib/python3.11/lib-dynload", {st_mode=S_IFDIR|0755, st_size=0, ...}) = 0 <0.000074>
801   00:07:31.153085 stat64("/usr/lib/python3.11/lib-dynload/_struct.cpython-311-arm-linux-gnueabihf.so", {st_mode=S_IFREG|0755, st_size=35524, ...}) = 0 <0.000077>
801   00:07:31.153692 open("/usr/lib/python3.11/lib-dynload/_struct.cpython-311-arm-linux-gnueabihf.so", O_RDONLY|O_CLOEXEC) = 3 <0.000090>
801   00:07:31.154024 read(3, "\177ELF\1\1\1\0\0\0\0\0\0\0\0\0\3\0(\0\1\0\0\0\200\37\0\0004\0\0\0"..., 512) = 512 <0.000070>
801   00:07:31.154304 fstat64(3, {st_mode=S_IFREG|0755, st_size=35524, ...}) = 0 <0.000057>
801   00:07:31.154582 mmap2(NULL, 99836, PROT_READ|PROT_EXEC, MAP_PRIVATE|MAP_DENYWRITE, 3, 0) = 0xb6743000 <0.000105>
801   00:07:31.154876 mprotect(0xb674b000, 61440, PROT_NONE) = 0 <0.000101>
801   00:07:31.155151 mmap2(0xb675a000, 8192, PROT_READ|PROT_WRITE, MAP_PRIVATE|MAP_FIXED|MAP_DENYWRITE, 3, 0x7000) = 0xb675a000 <0.000120>
801   00:07:31.155527 close(3)          = 0 <0.000058>
801   00:07:31.156181 mprotect(0xb675a000, 4096, PROT_READ) = 0 <0.000095>
801   00:07:31.168829 stat64("/usr/lib/python3.11/ctypes", {st_mode=S_IFDIR|0755, st_size=0, ...}) = 0 <0.000091>
801   00:07:31.169427 stat64("/usr/lib/python3.11/ctypes", {st_mode=S_IFDIR|0755, st_size=0, ...}) = 0 <0.000076>
801   00:07:31.169993 stat64("/usr/lib/python3.11/ctypes", {st_mode=S_IFDIR|0755, st_size=0, ...}) = 0 <0.000105>
801   00:07:31.170525 open("/usr/lib/python3.11/ctypes", O_RDONLY|O_NONBLOCK|O_LARGEFILE|O_CLOEXEC|O_DIRECTORY) = 3 <0.000087>
801   00:07:31.170832 fstat64(3, {st_mode=S_IFDIR|0755, st_size=0, ...}) = 0 <0.000056>
801   00:07:31.171109 getdents64(3, 0x4da050 /* 8 entries */, 32768) = 240 <0.000084>
801   00:07:31.171435 getdents64(3, 0x4da050 /* 0 entries */, 32768) = 0 <0.000058>
801   00:07:31.171676 close(3)          = 0 <0.000067>
801   00:07:31.172187 stat64("/usr/lib/python3.11/ctypes/_endian.pyc", {st_mode=S_IFREG|0644, st_size=3980, ...}) = 0 <0.000078>
801   00:07:31.173018 open("/usr/lib/python3.11/ctypes/_endian.pyc", O_RDONLY|O_LARGEFILE|O_CLOEXEC) = 3 <0.000085>
801   00:07:31.173347 fstat64(3, {st_mode=S_IFREG|0644, st_size=3980, ...}) = 0 <0.000057>
801   00:07:31.173657 _llseek(3, 0, [0], SEEK_CUR) = 0 <0.000059>
801   00:07:31.173924 fstat64(3, {st_mode=S_IFREG|0644, st_size=3980, ...}) = 0 <0.000055>
801   00:07:31.174193 read(3, "\247\r\r\n\0\0\0\0a&\325i\326\t\0\0\343\0\0\0\0\0\0\0\0\0\0\0\0\10\0\0"..., 3981) = 3980 <0.000076>
801   00:07:31.174474 read(3, "", 1)    = 0 <0.000057>
801   00:07:31.174767 close(3)          = 0 <0.000061>
801   00:07:31.178653 stat64("/usr/lib/python3.11/ctypes", {st_mode=S_IFDIR|0755, st_size=0, ...}) = 0 <0.000087>
801   00:07:31.179309 stat64("/usr/lib/python3.11/ctypes/util.pyc", {st_mode=S_IFREG|0644, st_size=18550, ...}) = 0 <0.000078>
801   00:07:31.180329 open("/usr/lib/python3.11/ctypes/util.pyc", O_RDONLY|O_LARGEFILE|O_CLOEXEC) = 3 <0.000090>
801   00:07:31.180673 fstat64(3, {st_mode=S_IFREG|0644, st_size=18550, ...}) = 0 <0.000058>
801   00:07:31.180987 _llseek(3, 0, [0], SEEK_CUR) = 0 <0.000058>
801   00:07:31.181254 fstat64(3, {st_mode=S_IFREG|0644, st_size=18550, ...}) = 0 <0.000056>
801   00:07:31.181527 read(3, "\247\r\r\n\0\0\0\0a&\325i76\0\0\343\0\0\0\0\0\0\0\0\0\0\0\0\3\0\0"..., 18551) = 18550 <0.000115>
801   00:07:31.181860 read(3, "", 1)    = 0 <0.000060>
801   00:07:31.182137 close(3)          = 0 <0.000066>
801   00:07:31.183916 stat64("/root", {st_mode=S_IFDIR|0700, st_size=0, ...}) = 0 <0.000081>
801   00:07:31.184577 stat64("/usr/lib/python3.11", {st_mode=S_IFDIR|0755, st_size=0, ...}) = 0 <0.000076>
801   00:07:31.185127 stat64("/usr/lib/python3.11/shutil.pyc", {st_mode=S_IFREG|0644, st_size=70972, ...}) = 0 <0.000076>
801   00:07:31.185939 open("/usr/lib/python3.11/shutil.pyc", O_RDONLY|O_LARGEFILE|O_CLOEXEC) = 3 <0.000086>
801   00:07:31.186268 fstat64(3, {st_mode=S_IFREG|0644, st_size=70972, ...}) = 0 <0.000057>
801   00:07:31.186578 _llseek(3, 0, [0], SEEK_CUR) = 0 <0.000057>
801   00:07:31.186840 fstat64(3, {st_mode=S_IFREG|0644, st_size=70972, ...}) = 0 <0.000056>
801   00:07:31.187108 brk(0x512000)     = 0x512000 <0.000085>
801   00:07:31.187394 read(3, "\247\r\r\n\0\0\0\0a&\325i\367\327\0\0\343\0\0\0\0\0\0\0\0\0\0\0\0\5\0\0"..., 70973) = 70972 <0.000306>
801   00:07:31.187949 read(3, "", 1)    = 0 <0.000061>
801   00:07:31.188258 close(3)          = 0 <0.000061>
801   00:07:31.189806 mmap2(NULL, 262144, PROT_READ|PROT_WRITE, MAP_PRIVATE|MAP_ANONYMOUS, -1, 0) = 0xb6703000 <0.000262>
801   00:07:31.191318 brk(0x534000)     = 0x534000 <0.000087>
801   00:07:31.194681 stat64("/root", {st_mode=S_IFDIR|0700, st_size=0, ...}) = 0 <0.000092>
801   00:07:31.195416 stat64("/usr/lib/python3.11", {st_mode=S_IFDIR|0755, st_size=0, ...}) = 0 <0.000078>
801   00:07:31.195982 stat64("/usr/lib/python3.11/fnmatch.pyc", {st_mode=S_IFREG|0644, st_size=7469, ...}) = 0 <0.000076>
801   00:07:31.196803 open("/usr/lib/python3.11/fnmatch.pyc", O_RDONLY|O_LARGEFILE|O_CLOEXEC) = 3 <0.000092>
801   00:07:31.197145 fstat64(3, {st_mode=S_IFREG|0644, st_size=7469, ...}) = 0 <0.000058>
801   00:07:31.197453 _llseek(3, 0, [0], SEEK_CUR) = 0 <0.000058>
801   00:07:31.197717 fstat64(3, {st_mode=S_IFREG|0644, st_size=7469, ...}) = 0 <0.000055>
801   00:07:31.197985 read(3, "\247\r\r\n\0\0\0\0a&\325io\27\0\0\343\0\0\0\0\0\0\0\0\0\0\0\0\4\0\0"..., 7470) = 7469 <0.000092>
801   00:07:31.198288 read(3, "", 1)    = 0 <0.000058>
801   00:07:31.198561 close(3)          = 0 <0.000062>
801   00:07:31.201104 stat64("/root", {st_mode=S_IFDIR|0700, st_size=0, ...}) = 0 <0.000083>
801   00:07:31.201778 stat64("/usr/lib/python3.11", {st_mode=S_IFDIR|0755, st_size=0, ...}) = 0 <0.000075>
801   00:07:31.202359 stat64("/usr/lib/python3.11/lib-dynload", {st_mode=S_IFDIR|0755, st_size=0, ...}) = 0 <0.000073>
801   00:07:31.202789 stat64("/usr/lib/python3.11/lib-dynload/zlib.cpython-311-arm-linux-gnueabihf.so", {st_mode=S_IFREG|0755, st_size=34908, ...}) = 0 <0.000077>
801   00:07:31.203412 open("/usr/lib/python3.11/lib-dynload/zlib.cpython-311-arm-linux-gnueabihf.so", O_RDONLY|O_CLOEXEC) = 3 <0.000088>
801   00:07:31.203734 read(3, "\177ELF\1\1\1\0\0\0\0\0\0\0\0\0\3\0(\0\1\0\0\0\240\26\0\0004\0\0\0"..., 512) = 512 <0.000071>
801   00:07:31.204014 fstat64(3, {st_mode=S_IFREG|0755, st_size=34908, ...}) = 0 <0.000056>
801   00:07:31.204291 mmap2(NULL, 99220, PROT_READ|PROT_EXEC, MAP_PRIVATE|MAP_DENYWRITE, 3, 0) = 0xb66ea000 <0.000111>
801   00:07:31.204590 mprotect(0xb66f2000, 61440, PROT_NONE) = 0 <0.000115>
801   00:07:31.204882 mmap2(0xb6701000, 8192, PROT_READ|PROT_WRITE, MAP_PRIVATE|MAP_FIXED|MAP_DENYWRITE, 3, 0x7000) = 0xb6701000 <0.000124>
801   00:07:31.205289 close(3)          = 0 <0.000061>
801   00:07:31.205606 open("/lib/libz.so.1", O_RDONLY|O_CLOEXEC) = -1 ENOENT (No such file or directory) <0.000088>
801   00:07:31.205930 open("/usr/lib/libz.so.1", O_RDONLY|O_CLOEXEC) = 3 <0.000093>
801   00:07:31.206226 read(3, "\177ELF\1\1\1\0\0\0\0\0\0\0\0\0\3\0(\0\1\0\0\0\360\32\0\0004\0\0\0"..., 512) = 512 <0.000066>
801   00:07:31.206502 fstat64(3, {st_mode=S_IFREG|0755, st_size=79164, ...}) = 0 <0.000057>
801   00:07:31.206773 mmap2(NULL, 143368, PROT_READ|PROT_EXEC, MAP_PRIVATE|MAP_DENYWRITE, 3, 0) = 0xb66c6000 <0.000092>
801   00:07:31.207048 mprotect(0xb66d9000, 61440, PROT_NONE) = 0 <0.000096>
801   00:07:31.207315 mmap2(0xb66e8000, 8192, PROT_READ|PROT_WRITE, MAP_PRIVATE|MAP_FIXED|MAP_DENYWRITE, 3, 0x12000) = 0xb66e8000 <0.000113>
801   00:07:31.207676 close(3)          = 0 <0.000057>
801   00:07:31.208354 mprotect(0xb66e8000, 4096, PROT_READ) = 0 <0.000096>
801   00:07:31.208899 mprotect(0xb6701000, 4096, PROT_READ) = 0 <0.000089>
801   00:07:31.210792 stat64("/root", {st_mode=S_IFDIR|0700, st_size=0, ...}) = 0 <0.000083>
801   00:07:31.211464 stat64("/usr/lib/python3.11", {st_mode=S_IFDIR|0755, st_size=0, ...}) = 0 <0.000080>
801   00:07:31.212028 stat64("/usr/lib/python3.11/bz2.pyc", {st_mode=S_IFREG|0644, st_size=16160, ...}) = 0 <0.000073>
801   00:07:31.212837 open("/usr/lib/python3.11/bz2.pyc", O_RDONLY|O_LARGEFILE|O_CLOEXEC) = 3 <0.000087>
801   00:07:31.213166 fstat64(3, {st_mode=S_IFREG|0644, st_size=16160, ...}) = 0 <0.000057>
801   00:07:31.213472 _llseek(3, 0, [0], SEEK_CUR) = 0 <0.000057>
801   00:07:31.213733 fstat64(3, {st_mode=S_IFREG|0644, st_size=16160, ...}) = 0 <0.000059>
801   00:07:31.214006 read(3, "\247\r\r\n\0\0\0\0a&\325iG.\0\0\343\0\0\0\0\0\0\0\0\0\0\0\0\5\0\0"..., 16161) = 16160 <0.000105>
801   00:07:31.214332 read(3, "", 1)    = 0 <0.000059>
801   00:07:31.214616 close(3)          = 0 <0.000062>
801   00:07:31.216332 stat64("/root", {st_mode=S_IFDIR|0700, st_size=0, ...}) = 0 <0.000079>
801   00:07:31.216987 stat64("/usr/lib/python3.11", {st_mode=S_IFDIR|0755, st_size=0, ...}) = 0 <0.000076>
801   00:07:31.217535 stat64("/usr/lib/python3.11/_compression.pyc", {st_mode=S_IFREG|0644, st_size=8047, ...}) = 0 <0.000077>
801   00:07:31.218341 open("/usr/lib/python3.11/_compression.pyc", O_RDONLY|O_LARGEFILE|O_CLOEXEC) = 3 <0.000087>
801   00:07:31.218674 fstat64(3, {st_mode=S_IFREG|0644, st_size=8047, ...}) = 0 <0.000057>
801   00:07:31.218979 _llseek(3, 0, [0], SEEK_CUR) = 0 <0.000060>
801   00:07:31.219243 fstat64(3, {st_mode=S_IFREG|0644, st_size=8047, ...}) = 0 <0.000055>
801   00:07:31.219511 read(3, "\247\r\r\n\0\0\0\0a&\325i1\26\0\0\343\0\0\0\0\0\0\0\0\0\0\0\0\5\0\0"..., 8048) = 8047 <0.000087>
801   00:07:31.219809 read(3, "", 1)    = 0 <0.000058>
801   00:07:31.220237 close(3)          = 0 <0.000064>
801   00:07:31.222519 stat64("/root", {st_mode=S_IFDIR|0700, st_size=0, ...}) = 0 <0.000082>
801   00:07:31.223178 stat64("/usr/lib/python3.11", {st_mode=S_IFDIR|0755, st_size=0, ...}) = 0 <0.000078>
801   00:07:31.223759 stat64("/usr/lib/python3.11/lib-dynload", {st_mode=S_IFDIR|0755, st_size=0, ...}) = 0 <0.000074>
801   00:07:31.224325 stat64("/usr/lib/python3.11/site-packages", {st_mode=S_IFDIR|0755, st_size=0, ...}) = 0 <0.000076>
801   00:07:31.225768 stat64("/root", {st_mode=S_IFDIR|0700, st_size=0, ...}) = 0 <0.000077>
801   00:07:31.226388 stat64("/usr/lib/python3.11", {st_mode=S_IFDIR|0755, st_size=0, ...}) = 0 <0.000074>
801   00:07:31.226928 stat64("/usr/lib/python3.11/lzma.pyc", {st_mode=S_IFREG|0644, st_size=16717, ...}) = 0 <0.000074>
801   00:07:31.227722 open("/usr/lib/python3.11/lzma.pyc", O_RDONLY|O_LARGEFILE|O_CLOEXEC) = 3 <0.000087>
801   00:07:31.228045 fstat64(3, {st_mode=S_IFREG|0644, st_size=16717, ...}) = 0 <0.000058>
801   00:07:31.228350 _llseek(3, 0, [0], SEEK_CUR) = 0 <0.000060>
801   00:07:31.228616 fstat64(3, {st_mode=S_IFREG|0644, st_size=16717, ...}) = 0 <0.000055>
801   00:07:31.228886 read(3, "\247\r\r\n\0\0\0\0a&\325i\3353\0\0\343\0\0\0\0\0\0\0\0\0\0\0\0\t\0\0"..., 16718) = 16717 <0.000108>
801   00:07:31.229241 read(3, "", 1)    = 0 <0.000060>
801   00:07:31.229529 close(3)          = 0 <0.000062>
801   00:07:31.231354 stat64("/root", {st_mode=S_IFDIR|0700, st_size=0, ...}) = 0 <0.000081>
801   00:07:31.232014 stat64("/usr/lib/python3.11", {st_mode=S_IFDIR|0755, st_size=0, ...}) = 0 <0.000078>
801   00:07:31.232600 stat64("/usr/lib/python3.11/lib-dynload", {st_mode=S_IFDIR|0755, st_size=0, ...}) = 0 <0.000077>
801   00:07:31.233170 stat64("/usr/lib/python3.11/site-packages", {st_mode=S_IFDIR|0755, st_size=0, ...}) = 0 <0.000074>
801   00:07:31.239134 stat64("/root", {st_mode=S_IFDIR|0700, st_size=0, ...}) = 0 <0.000085>
801   00:07:31.239838 stat64("/usr/lib/python3.11", {st_mode=S_IFDIR|0755, st_size=0, ...}) = 0 <0.000220>
801   00:07:31.240566 stat64("/usr/lib/python3.11/subprocess.pyc", {st_mode=S_IFREG|0644, st_size=84696, ...}) = 0 <0.000076>
801   00:07:31.241401 open("/usr/lib/python3.11/subprocess.pyc", O_RDONLY|O_LARGEFILE|O_CLOEXEC) = 3 <0.000089>
801   00:07:31.241737 fstat64(3, {st_mode=S_IFREG|0644, st_size=84696, ...}) = 0 <0.000057>
801   00:07:31.242050 _llseek(3, 0, [0], SEEK_CUR) = 0 <0.000061>
801   00:07:31.242316 fstat64(3, {st_mode=S_IFREG|0644, st_size=84696, ...}) = 0 <0.000056>
801   00:07:31.242613 read(3, "\247\r\r\n\0\0\0\0a&\325i\200Y\1\0\343\0\0\0\0\0\0\0\0\0\0\0\0\5\0\0"..., 84697) = 84696 <0.000426>
801   00:07:31.243291 read(3, "", 1)    = 0 <0.000062>
801   00:07:31.243606 close(3)          = 0 <0.000063>
801   00:07:31.247917 stat64("/root", {st_mode=S_IFDIR|0700, st_size=0, ...}) = 0 <0.000089>
801   00:07:31.248669 stat64("/usr/lib/python3.11", {st_mode=S_IFDIR|0755, st_size=0, ...}) = 0 <0.000079>
801   00:07:31.249243 stat64("/usr/lib/python3.11/locale.pyc", {st_mode=S_IFREG|0644, st_size=64291, ...}) = 0 <0.000079>
801   00:07:31.250222 open("/usr/lib/python3.11/locale.pyc", O_RDONLY|O_LARGEFILE|O_CLOEXEC) = 3 <0.000094>
801   00:07:31.250574 fstat64(3, {st_mode=S_IFREG|0644, st_size=64291, ...}) = 0 <0.000058>
801   00:07:31.250890 _llseek(3, 0, [0], SEEK_CUR) = 0 <0.000058>
801   00:07:31.251154 fstat64(3, {st_mode=S_IFREG|0644, st_size=64291, ...}) = 0 <0.000055>
801   00:07:31.251422 read(3, "\247\r\r\n\0\0\0\0a&\325i\2264\1\0\343\0\0\0\0\0\0\0\0\0\0\0\0\f\0\0"..., 64292) = 64291 <0.000233>
801   00:07:31.251900 read(3, "", 1)    = 0 <0.000060>
801   00:07:31.252203 close(3)          = 0 <0.000063>
801   00:07:31.264717 stat64("/root", {st_mode=S_IFDIR|0700, st_size=0, ...}) = 0 <0.000088>
801   00:07:31.265458 stat64("/usr/lib/python3.11", {st_mode=S_IFDIR|0755, st_size=0, ...}) = 0 <0.000076>
801   00:07:31.266025 stat64("/usr/lib/python3.11/signal.pyc", {st_mode=S_IFREG|0644, st_size=5017, ...}) = 0 <0.000078>
801   00:07:31.266852 open("/usr/lib/python3.11/signal.pyc", O_RDONLY|O_LARGEFILE|O_CLOEXEC) = 3 <0.000091>
801   00:07:31.267195 fstat64(3, {st_mode=S_IFREG|0644, st_size=5017, ...}) = 0 <0.000060>
801   00:07:31.267508 _llseek(3, 0, [0], SEEK_CUR) = 0 <0.000058>
801   00:07:31.267770 fstat64(3, {st_mode=S_IFREG|0644, st_size=5017, ...}) = 0 <0.000056>
801   00:07:31.268041 read(3, "\247\r\r\n\0\0\0\0a&\325i\206\t\0\0\343\0\0\0\0\0\0\0\0\0\0\0\0\5\0\0"..., 5018) = 5017 <0.000082>
801   00:07:31.268339 read(3, "", 1)    = 0 <0.000058>
801   00:07:31.268609 close(3)          = 0 <0.000062>
801   00:07:31.279598 stat64("/root", {st_mode=S_IFDIR|0700, st_size=0, ...}) = 0 <0.000086>
801   00:07:31.280431 stat64("/usr/lib/python3.11", {st_mode=S_IFDIR|0755, st_size=0, ...}) = 0 <0.000079>
801   00:07:31.281006 stat64("/usr/lib/python3.11/threading.pyc", {st_mode=S_IFREG|0644, st_size=69833, ...}) = 0 <0.000077>
801   00:07:31.281828 open("/usr/lib/python3.11/threading.pyc", O_RDONLY|O_LARGEFILE|O_CLOEXEC) = 3 <0.000091>
801   00:07:31.282166 fstat64(3, {st_mode=S_IFREG|0644, st_size=69833, ...}) = 0 <0.000057>
801   00:07:31.282475 _llseek(3, 0, [0], SEEK_CUR) = 0 <0.000057>
801   00:07:31.282737 fstat64(3, {st_mode=S_IFREG|0644, st_size=69833, ...}) = 0 <0.000056>
801   00:07:31.283014 read(3, "\247\r\r\n\0\0\0\0a&\325i\332\341\0\0\343\0\0\0\0\0\0\0\0\0\0\0\0\5\0\0"..., 69834) = 69833 <0.000249>
801   00:07:31.283548 read(3, "", 1)    = 0 <0.000062>
801   00:07:31.283858 close(3)          = 0 <0.000067>
801   00:07:31.284417 mmap2(NULL, 262144, PROT_READ|PROT_WRITE, MAP_PRIVATE|MAP_ANONYMOUS, -1, 0) = 0xb6686000 <0.000108>
801   00:07:31.289328 stat64("/root", {st_mode=S_IFDIR|0700, st_size=0, ...}) = 0 <0.000085>
801   00:07:31.290128 stat64("/usr/lib/python3.11", {st_mode=S_IFDIR|0755, st_size=0, ...}) = 0 <0.000105>
801   00:07:31.290747 stat64("/usr/lib/python3.11/_weakrefset.pyc", {st_mode=S_IFREG|0644, st_size=13137, ...}) = 0 <0.000077>
801   00:07:31.291591 open("/usr/lib/python3.11/_weakrefset.pyc", O_RDONLY|O_LARGEFILE|O_CLOEXEC) = 3 <0.000090>
801   00:07:31.291931 fstat64(3, {st_mode=S_IFREG|0644, st_size=13137, ...}) = 0 <0.000057>
801   00:07:31.292241 _llseek(3, 0, [0], SEEK_CUR) = 0 <0.000060>
801   00:07:31.292507 fstat64(3, {st_mode=S_IFREG|0644, st_size=13137, ...}) = 0 <0.000056>
801   00:07:31.292777 read(3, "\247\r\r\n\0\0\0\0a&\325i\5\27\0\0\343\0\0\0\0\0\0\0\0\0\0\0\0\4\0\0"..., 13138) = 13137 <0.000099>
801   00:07:31.293093 read(3, "", 1)    = 0 <0.000058>
801   00:07:31.293368 close(3)          = 0 <0.000065>
801   00:07:31.298416 gettid()          = 801 <0.000063>
801   00:07:31.299587 stat64("/root", {st_mode=S_IFDIR|0700, st_size=0, ...}) = 0 <0.000083>
801   00:07:31.300361 stat64("/usr/lib/python3.11", {st_mode=S_IFDIR|0755, st_size=0, ...}) = 0 <0.000077>
801   00:07:31.300962 stat64("/usr/lib/python3.11/lib-dynload", {st_mode=S_IFDIR|0755, st_size=0, ...}) = 0 <0.000077>
801   00:07:31.301402 stat64("/usr/lib/python3.11/lib-dynload/fcntl.cpython-311-arm-linux-gnueabihf.so", {st_mode=S_IFREG|0755, st_size=17712, ...}) = 0 <0.000078>
801   00:07:31.302035 open("/usr/lib/python3.11/lib-dynload/fcntl.cpython-311-arm-linux-gnueabihf.so", O_RDONLY|O_CLOEXEC) = 3 <0.000089>
801   00:07:31.302361 read(3, "\177ELF\1\1\1\0\0\0\0\0\0\0\0\0\3\0(\0\1\0\0\0`\f\0\0004\0\0\0"..., 512) = 512 <0.000071>
801   00:07:31.302641 fstat64(3, {st_mode=S_IFREG|0755, st_size=17712, ...}) = 0 <0.000057>
801   00:07:31.302923 mmap2(NULL, 82076, PROT_READ|PROT_EXEC, MAP_PRIVATE|MAP_DENYWRITE, 3, 0) = 0xb6671000 <0.000104>
801   00:07:31.303214 mprotect(0xb6675000, 61440, PROT_NONE) = 0 <0.000099>
801   00:07:31.303489 mmap2(0xb6684000, 8192, PROT_READ|PROT_WRITE, MAP_PRIVATE|MAP_FIXED|MAP_DENYWRITE, 3, 0x3000) = 0xb6684000 <0.000123>
801   00:07:31.303873 close(3)          = 0 <0.000063>
801   00:07:31.304354 mprotect(0xb6684000, 4096, PROT_READ) = 0 <0.000095>
801   00:07:31.305811 stat64("/root", {st_mode=S_IFDIR|0700, st_size=0, ...}) = 0 <0.000083>
801   00:07:31.306496 stat64("/usr/lib/python3.11", {st_mode=S_IFDIR|0755, st_size=0, ...}) = 0 <0.000077>
801   00:07:31.307078 stat64("/usr/lib/python3.11/lib-dynload", {st_mode=S_IFDIR|0755, st_size=0, ...}) = 0 <0.000076>
801   00:07:31.307640 stat64("/usr/lib/python3.11/site-packages", {st_mode=S_IFDIR|0755, st_size=0, ...}) = 0 <0.000075>
801   00:07:31.308779 stat64("/root", {st_mode=S_IFDIR|0700, st_size=0, ...}) = 0 <0.000076>
801   00:07:31.309392 stat64("/usr/lib/python3.11", {st_mode=S_IFDIR|0755, st_size=0, ...}) = 0 <0.000073>
801   00:07:31.309952 stat64("/usr/lib/python3.11/lib-dynload", {st_mode=S_IFDIR|0755, st_size=0, ...}) = 0 <0.000109>
801   00:07:31.310523 stat64("/usr/lib/python3.11/lib-dynload/_posixsubprocess.cpython-311-arm-linux-gnueabihf.so", {st_mode=S_IFREG|0755, st_size=17648, ...}) = 0 <0.000080>
801   00:07:31.311147 open("/usr/lib/python3.11/lib-dynload/_posixsubprocess.cpython-311-arm-linux-gnueabihf.so", O_RDONLY|O_CLOEXEC) = 3 <0.000095>
801   00:07:31.311478 read(3, "\177ELF\1\1\1\0\0\0\0\0\0\0\0\0\3\0(\0\1\0\0\0000\24\0\0004\0\0\0"..., 512) = 512 <0.000072>
801   00:07:31.311757 fstat64(3, {st_mode=S_IFREG|0755, st_size=17648, ...}) = 0 <0.000057>
801   00:07:31.312037 mmap2(NULL, 82020, PROT_READ|PROT_EXEC, MAP_PRIVATE|MAP_DENYWRITE, 3, 0) = 0xb665c000 <0.000103>
801   00:07:31.312331 mprotect(0xb6660000, 61440, PROT_NONE) = 0 <0.000099>
801   00:07:31.312630 mmap2(0xb666f000, 8192, PROT_READ|PROT_WRITE, MAP_PRIVATE|MAP_FIXED|MAP_DENYWRITE, 3, 0x3000) = 0xb666f000 <0.000118>
801   00:07:31.313007 close(3)          = 0 <0.000058>
801   00:07:31.313641 mprotect(0xb666f000, 4096, PROT_READ) = 0 <0.000099>
801   00:07:31.314901 stat64("/root", {st_mode=S_IFDIR|0700, st_size=0, ...}) = 0 <0.000081>
801   00:07:31.315581 stat64("/usr/lib/python3.11", {st_mode=S_IFDIR|0755, st_size=0, ...}) = 0 <0.000076>
801   00:07:31.316158 stat64("/usr/lib/python3.11/lib-dynload", {st_mode=S_IFDIR|0755, st_size=0, ...}) = 0 <0.000075>
801   00:07:31.316592 stat64("/usr/lib/python3.11/lib-dynload/select.cpython-311-arm-linux-gnueabihf.so", {st_mode=S_IFREG|0755, st_size=26504, ...}) = 0 <0.000078>
801   00:07:31.317209 open("/usr/lib/python3.11/lib-dynload/select.cpython-311-arm-linux-gnueabihf.so", O_RDONLY|O_CLOEXEC) = 3 <0.000090>
801   00:07:31.317535 read(3, "\177ELF\1\1\1\0\0\0\0\0\0\0\0\0\3\0(\0\1\0\0\0\20\30\0\0004\0\0\0"..., 512) = 512 <0.000074>
801   00:07:31.317816 fstat64(3, {st_mode=S_IFREG|0755, st_size=26504, ...}) = 0 <0.000056>
801   00:07:31.318093 mmap2(NULL, 90816, PROT_READ|PROT_EXEC, MAP_PRIVATE|MAP_DENYWRITE, 3, 0) = 0xb6645000 <0.000116>
801   00:07:31.318398 mprotect(0xb664b000, 61440, PROT_NONE) = 0 <0.000098>
801   00:07:31.318672 mmap2(0xb665a000, 8192, PROT_READ|PROT_WRITE, MAP_PRIVATE|MAP_FIXED|MAP_DENYWRITE, 3, 0x5000) = 0xb665a000 <0.000114>
801   00:07:31.319039 close(3)          = 0 <0.000057>
801   00:07:31.319630 mprotect(0xb665a000, 4096, PROT_READ) = 0 <0.000098>
801   00:07:31.321273 stat64("/root", {st_mode=S_IFDIR|0700, st_size=0, ...}) = 0 <0.000080>
801   00:07:31.321939 stat64("/usr/lib/python3.11", {st_mode=S_IFDIR|0755, st_size=0, ...}) = 0 <0.000075>
801   00:07:31.322491 stat64("/usr/lib/python3.11/selectors.pyc", {st_mode=S_IFREG|0644, st_size=28345, ...}) = 0 <0.000077>
801   00:07:31.323302 open("/usr/lib/python3.11/selectors.pyc", O_RDONLY|O_LARGEFILE|O_CLOEXEC) = 3 <0.000086>
801   00:07:31.323628 fstat64(3, {st_mode=S_IFREG|0644, st_size=28345, ...}) = 0 <0.000057>
801   00:07:31.323939 _llseek(3, 0, [0], SEEK_CUR) = 0 <0.000058>
801   00:07:31.324203 fstat64(3, {st_mode=S_IFREG|0644, st_size=28345, ...}) = 0 <0.000056>
801   00:07:31.324472 read(3, "\247\r\r\n\0\0\0\0a&\325i\35L\0\0\343\0\0\0\0\0\0\0\0\0\0\0\0\5\0\0"..., 28346) = 28345 <0.000134>
801   00:07:31.324829 read(3, "", 1)    = 0 <0.000062>
801   00:07:31.325120 close(3)          = 0 <0.000062>
801   00:07:31.327319 stat64("/usr/lib/python3.11/collections", {st_mode=S_IFDIR|0755, st_size=0, ...}) = 0 <0.000085>
801   00:07:31.327881 stat64("/usr/lib/python3.11/collections", {st_mode=S_IFDIR|0755, st_size=0, ...}) = 0 <0.000080>
801   00:07:31.328440 stat64("/usr/lib/python3.11/collections", {st_mode=S_IFDIR|0755, st_size=0, ...}) = 0 <0.000075>
801   00:07:31.328834 open("/usr/lib/python3.11/collections", O_RDONLY|O_NONBLOCK|O_LARGEFILE|O_CLOEXEC|O_DIRECTORY) = 3 <0.000087>
801   00:07:31.329139 fstat64(3, {st_mode=S_IFDIR|0755, st_size=0, ...}) = 0 <0.000056>
801   00:07:31.329411 getdents64(3, 0x513d78 /* 4 entries */, 32768) = 112 <0.000075>
801   00:07:31.329714 getdents64(3, 0x513d78 /* 0 entries */, 32768) = 0 <0.000059>
801   00:07:31.329958 close(3)          = 0 <0.000071>
801   00:07:31.330595 stat64("/usr/lib/python3.11/collections/abc.pyc", {st_mode=S_IFREG|0644, st_size=294, ...}) = 0 <0.000077>
801   00:07:31.331439 open("/usr/lib/python3.11/collections/abc.pyc", O_RDONLY|O_LARGEFILE|O_CLOEXEC) = 3 <0.000086>
801   00:07:31.331771 fstat64(3, {st_mode=S_IFREG|0644, st_size=294, ...}) = 0 <0.000058>
801   00:07:31.332082 _llseek(3, 0, [0], SEEK_CUR) = 0 <0.000061>
801   00:07:31.332345 fstat64(3, {st_mode=S_IFREG|0644, st_size=294, ...}) = 0 <0.000056>
801   00:07:31.332609 read(3, "\247\r\r\n\0\0\0\0a&\325iw\0\0\0\343\0\0\0\0\0\0\0\0\0\0\0\0\2\0\0"..., 295) = 294 <0.000069>
801   00:07:31.332885 read(3, "", 1)    = 0 <0.000058>
801   00:07:31.333148 close(3)          = 0 <0.000063>
801   00:07:31.334356 stat64("/root", {st_mode=S_IFDIR|0700, st_size=0, ...}) = 0 <0.000078>
801   00:07:31.335008 stat64("/usr/lib/python3.11", {st_mode=S_IFDIR|0755, st_size=0, ...}) = 0 <0.000077>
801   00:07:31.335594 stat64("/usr/lib/python3.11/lib-dynload", {st_mode=S_IFDIR|0755, st_size=0, ...}) = 0 <0.000076>
801   00:07:31.336034 stat64("/usr/lib/python3.11/lib-dynload/math.cpython-311-arm-linux-gnueabihf.so", {st_mode=S_IFREG|0755, st_size=51496, ...}) = 0 <0.000077>
801   00:07:31.336651 open("/usr/lib/python3.11/lib-dynload/math.cpython-311-arm-linux-gnueabihf.so", O_RDONLY|O_CLOEXEC) = 3 <0.000087>
801   00:07:31.336969 read(3, "\177ELF\1\1\1\0\0\0\0\0\0\0\0\0\3\0(\0\1\0\0\0` \0\0004\0\0\0"..., 512) = 512 <0.000070>
801   00:07:31.337246 fstat64(3, {st_mode=S_IFREG|0755, st_size=51496, ...}) = 0 <0.000057>
801   00:07:31.337530 mmap2(NULL, 115756, PROT_READ|PROT_EXEC, MAP_PRIVATE|MAP_DENYWRITE, 3, 0) = 0xb6628000 <0.000105>
801   00:07:31.337822 mprotect(0xb6633000, 65536, PROT_NONE) = 0 <0.000100>
801   00:07:31.338098 mmap2(0xb6643000, 8192, PROT_READ|PROT_WRITE, MAP_PRIVATE|MAP_FIXED|MAP_DENYWRITE, 3, 0xb000) = 0xb6643000 <0.000120>
801   00:07:31.338476 close(3)          = 0 <0.000061>
801   00:07:31.339262 mprotect(0xb6643000, 4096, PROT_READ) = 0 <0.000098>
801   00:07:31.345471 epoll_create1(EPOLL_CLOEXEC) = 3 <0.000082>
801   00:07:31.345827 close(3)          = 0 <0.000079>
801   00:07:31.348862 stat64("/root", {st_mode=S_IFDIR|0700, st_size=0, ...}) = 0 <0.000088>
801   00:07:31.349552 stat64("/usr/lib/python3.11", {st_mode=S_IFDIR|0755, st_size=0, ...}) = 0 <0.000077>
801   00:07:31.350304 stat64("/usr/lib/python3.11/tempfile.pyc", {st_mode=S_IFREG|0644, st_size=40650, ...}) = 0 <0.000078>
801   00:07:31.351168 open("/usr/lib/python3.11/tempfile.pyc", O_RDONLY|O_LARGEFILE|O_CLOEXEC) = 3 <0.000089>
801   00:07:31.351505 fstat64(3, {st_mode=S_IFREG|0644, st_size=40650, ...}) = 0 <0.000058>
801   00:07:31.351820 _llseek(3, 0, [0], SEEK_CUR) = 0 <0.000058>
801   00:07:31.352084 fstat64(3, {st_mode=S_IFREG|0644, st_size=40650, ...}) = 0 <0.000059>
801   00:07:31.352361 read(3, "\247\r\r\n\0\0\0\0a&\325i\235u\0\0\343\0\0\0\0\0\0\0\0\0\0\0\0\5\0\0"..., 40651) = 40650 <0.000168>
801   00:07:31.352759 read(3, "", 1)    = 0 <0.000060>
801   00:07:31.353050 close(3)          = 0 <0.000065>
801   00:07:31.355961 stat64("/root", {st_mode=S_IFDIR|0700, st_size=0, ...}) = 0 <0.000084>
801   00:07:31.356650 stat64("/usr/lib/python3.11", {st_mode=S_IFDIR|0755, st_size=0, ...}) = 0 <0.000079>
801   00:07:31.357211 stat64("/usr/lib/python3.11/random.pyc", {st_mode=S_IFREG|0644, st_size=34524, ...}) = 0 <0.000078>
801   00:07:31.358028 open("/usr/lib/python3.11/random.pyc", O_RDONLY|O_LARGEFILE|O_CLOEXEC) = 3 <0.000088>
801   00:07:31.358358 fstat64(3, {st_mode=S_IFREG|0644, st_size=34524, ...}) = 0 <0.000060>
801   00:07:31.358668 _llseek(3, 0, [0], SEEK_CUR) = 0 <0.000058>
801   00:07:31.358930 fstat64(3, {st_mode=S_IFREG|0644, st_size=34524, ...}) = 0 <0.000055>
801   00:07:31.359198 read(3, "\247\r\r\n\0\0\0\0a&\325i\242}\0\0\343\0\0\0\0\0\0\0\0\0\0\0\0\5\0\0"..., 34525) = 34524 <0.000153>
801   00:07:31.359581 read(3, "", 1)    = 0 <0.000061>
801   00:07:31.359874 close(3)          = 0 <0.000155>
801   00:07:31.362698 stat64("/root", {st_mode=S_IFDIR|0700, st_size=0, ...}) = 0 <0.000083>
801   00:07:31.363376 stat64("/usr/lib/python3.11", {st_mode=S_IFDIR|0755, st_size=0, ...}) = 0 <0.000076>
801   00:07:31.363933 stat64("/usr/lib/python3.11/bisect.pyc", {st_mode=S_IFREG|0644, st_size=3698, ...}) = 0 <0.000075>
801   00:07:31.364743 open("/usr/lib/python3.11/bisect.pyc", O_RDONLY|O_LARGEFILE|O_CLOEXEC) = 3 <0.000089>
801   00:07:31.365070 fstat64(3, {st_mode=S_IFREG|0644, st_size=3698, ...}) = 0 <0.000057>
801   00:07:31.365377 _llseek(3, 0, [0], SEEK_CUR) = 0 <0.000058>
801   00:07:31.365641 fstat64(3, {st_mode=S_IFREG|0644, st_size=3698, ...}) = 0 <0.000056>
801   00:07:31.365912 read(3, "\247\r\r\n\0\0\0\0a&\325i?\f\0\0\343\0\0\0\0\0\0\0\0\0\0\0\0\4\0\0"..., 3699) = 3698 <0.000078>
801   00:07:31.366201 read(3, "", 1)    = 0 <0.000058>
801   00:07:31.366470 close(3)          = 0 <0.000063>
801   00:07:31.367518 stat64("/root", {st_mode=S_IFDIR|0700, st_size=0, ...}) = 0 <0.000079>
801   00:07:31.368147 stat64("/usr/lib/python3.11", {st_mode=S_IFDIR|0755, st_size=0, ...}) = 0 <0.000076>
801   00:07:31.368721 stat64("/usr/lib/python3.11/lib-dynload", {st_mode=S_IFDIR|0755, st_size=0, ...}) = 0 <0.000074>
801   00:07:31.369157 stat64("/usr/lib/python3.11/lib-dynload/_bisect.cpython-311-arm-linux-gnueabihf.so", {st_mode=S_IFREG|0755, st_size=13812, ...}) = 0 <0.000077>
801   00:07:31.369783 open("/usr/lib/python3.11/lib-dynload/_bisect.cpython-311-arm-linux-gnueabihf.so", O_RDONLY|O_CLOEXEC) = 3 <0.000153>
801   00:07:31.370211 read(3, "\177ELF\1\1\1\0\0\0\0\0\0\0\0\0\3\0(\0\1\0\0\0\350\n\0\0004\0\0\0"..., 512) = 512 <0.000072>
801   00:07:31.370503 fstat64(3, {st_mode=S_IFREG|0755, st_size=13812, ...}) = 0 <0.000057>
801   00:07:31.370786 mmap2(NULL, 78124, PROT_READ|PROT_EXEC, MAP_PRIVATE|MAP_DENYWRITE, 3, 0) = 0xb6614000 <0.000105>
801   00:07:31.371084 mprotect(0xb6617000, 61440, PROT_NONE) = 0 <0.000098>
801   00:07:31.371356 mmap2(0xb6626000, 8192, PROT_READ|PROT_WRITE, MAP_PRIVATE|MAP_FIXED|MAP_DENYWRITE, 3, 0x2000) = 0xb6626000 <0.000123>
801   00:07:31.371740 close(3)          = 0 <0.000058>
801   00:07:31.372169 mprotect(0xb6626000, 4096, PROT_READ) = 0 <0.000092>
801   00:07:31.373632 stat64("/root", {st_mode=S_IFDIR|0700, st_size=0, ...}) = 0 <0.000078>
801   00:07:31.374274 stat64("/usr/lib/python3.11", {st_mode=S_IFDIR|0755, st_size=0, ...}) = 0 <0.000074>
801   00:07:31.374842 stat64("/usr/lib/python3.11/lib-dynload", {st_mode=S_IFDIR|0755, st_size=0, ...}) = 0 <0.000075>
801   00:07:31.375284 stat64("/usr/lib/python3.11/lib-dynload/_random.cpython-311-arm-linux-gnueabihf.so", {st_mode=S_IFREG|0755, st_size=13700, ...}) = 0 <0.000077>
801   00:07:31.375895 open("/usr/lib/python3.11/lib-dynload/_random.cpython-311-arm-linux-gnueabihf.so", O_RDONLY|O_CLOEXEC) = 3 <0.000089>
801   00:07:31.376221 read(3, "\177ELF\1\1\1\0\0\0\0\0\0\0\0\0\3\0(\0\1\0\0\0\370\16\0\0004\0\0\0"..., 512) = 512 <0.000074>
801   00:07:31.376505 fstat64(3, {st_mode=S_IFREG|0755, st_size=13700, ...}) = 0 <0.000057>
801   00:07:31.376785 mmap2(NULL, 78064, PROT_READ|PROT_EXEC, MAP_PRIVATE|MAP_DENYWRITE, 3, 0) = 0xb6600000 <0.000101>
801   00:07:31.377073 mprotect(0xb6602000, 65536, PROT_NONE) = 0 <0.000102>
801   00:07:31.377352 mmap2(0xb6612000, 8192, PROT_READ|PROT_WRITE, MAP_PRIVATE|MAP_FIXED|MAP_DENYWRITE, 3, 0x2000) = 0xb6612000 <0.000115>
801   00:07:31.377723 close(3)          = 0 <0.000058>
801   00:07:31.378204 mprotect(0xb6612000, 4096, PROT_READ) = 0 <0.000110>
801   00:07:31.379484 stat64("/root", {st_mode=S_IFDIR|0700, st_size=0, ...}) = 0 <0.000080>
801   00:07:31.380325 stat64("/usr/lib/python3.11", {st_mode=S_IFDIR|0755, st_size=0, ...}) = 0 <0.000082>
801   00:07:31.380922 stat64("/usr/lib/python3.11/lib-dynload", {st_mode=S_IFDIR|0755, st_size=0, ...}) = 0 <0.000076>
801   00:07:31.381365 stat64("/usr/lib/python3.11/lib-dynload/_sha512.cpython-311-arm-linux-gnueabihf.so", {st_mode=S_IFREG|0755, st_size=50888, ...}) = 0 <0.000081>
801   00:07:31.381983 open("/usr/lib/python3.11/lib-dynload/_sha512.cpython-311-arm-linux-gnueabihf.so", O_RDONLY|O_CLOEXEC) = 3 <0.000088>
801   00:07:31.382307 read(3, "\177ELF\1\1\1\0\0\0\0\0\0\0\0\0\3\0(\0\1\0\0\0\260\f\0\0004\0\0\0"..., 512) = 512 <0.000071>
801   00:07:31.382590 fstat64(3, {st_mode=S_IFREG|0755, st_size=50888, ...}) = 0 <0.000057>
801   00:07:31.382869 mmap2(NULL, 115200, PROT_READ|PROT_EXEC, MAP_PRIVATE|MAP_DENYWRITE, 3, 0) = 0xb65e3000 <0.000099>
801   00:07:31.383153 mprotect(0xb65ee000, 65536, PROT_NONE) = 0 <0.000096>
801   00:07:31.383426 mmap2(0xb65fe000, 8192, PROT_READ|PROT_WRITE, MAP_PRIVATE|MAP_FIXED|MAP_DENYWRITE, 3, 0xb000) = 0xb65fe000 <0.000116>
801   00:07:31.383807 close(3)          = 0 <0.000058>
801   00:07:31.384281 mprotect(0xb65fe000, 4096, PROT_READ) = 0 <0.000093>
801   00:07:31.385895 mmap2(NULL, 262144, PROT_READ|PROT_WRITE, MAP_PRIVATE|MAP_ANONYMOUS, -1, 0) = 0xb65a3000 <0.000105>
801   00:07:31.386613 getrandom("\xdd\xcc\x6b\x39\x95\xb7\x3a\x48\xb1\x00\xfb\x8a\x71\xd5\x27\x12\x78\x04\xb6\xd7\x99\xdc\xcc\x1b\xa2\xf1\xa1\x78\x8c\x4c\xfc\xe6"..., 2496, GRND_NONBLOCK) = 2496 <0.000158>
801   00:07:31.387893 stat64("/root", {st_mode=S_IFDIR|0700, st_size=0, ...}) = 0 <0.000080>
801   00:07:31.388532 stat64("/usr/lib/python3.11", {st_mode=S_IFDIR|0755, st_size=0, ...}) = 0 <0.000076>
801   00:07:31.389084 stat64("/usr/lib/python3.11/weakref.pyc", {st_mode=S_IFREG|0644, st_size=34957, ...}) = 0 <0.000075>
801   00:07:31.389893 open("/usr/lib/python3.11/weakref.pyc", O_RDONLY|O_LARGEFILE|O_CLOEXEC) = 3 <0.000114>
801   00:07:31.390347 fstat64(3, {st_mode=S_IFREG|0644, st_size=34957, ...}) = 0 <0.000057>
801   00:07:31.390667 _llseek(3, 0, [0], SEEK_CUR) = 0 <0.000058>
801   00:07:31.390931 fstat64(3, {st_mode=S_IFREG|0644, st_size=34957, ...}) = 0 <0.000059>
801   00:07:31.391207 read(3, "\247\r\r\n\0\0\0\0a&\325i\tT\0\0\343\0\0\0\0\0\0\0\0\0\0\0\0\5\0\0"..., 34958) = 34957 <0.000150>
801   00:07:31.391607 read(3, "", 1)    = 0 <0.000061>
801   00:07:31.391909 close(3)          = 0 <0.000066>
801   00:07:31.400286 stat64("/root", {st_mode=S_IFDIR|0700, st_size=0, ...}) = 0 <0.000087>
801   00:07:31.401008 stat64("/usr/lib/python3.11", {st_mode=S_IFDIR|0755, st_size=0, ...}) = 0 <0.000077>
801   00:07:31.401584 stat64("/usr/lib/python3.11/platform.pyc", {st_mode=S_IFREG|0644, st_size=43721, ...}) = 0 <0.000076>
801   00:07:31.402412 open("/usr/lib/python3.11/platform.pyc", O_RDONLY|O_LARGEFILE|O_CLOEXEC) = 3 <0.000092>
801   00:07:31.402761 fstat64(3, {st_mode=S_IFREG|0644, st_size=43721, ...}) = 0 <0.000058>
801   00:07:31.403073 _llseek(3, 0, [0], SEEK_CUR) = 0 <0.000057>
801   00:07:31.403333 fstat64(3, {st_mode=S_IFREG|0644, st_size=43721, ...}) = 0 <0.000056>
801   00:07:31.403608 read(3, "\247\r\r\n\0\0\0\0a&\325i!\245\0\0\343\0\0\0\0\0\0\0\0\0\0\0\0\f\0\0"..., 43722) = 43721 <0.000178>
801   00:07:31.404038 read(3, "", 1)    = 0 <0.000061>
801   00:07:31.404337 close(3)          = 0 <0.000062>
801   00:07:31.437324 uname({sysname="Linux", nodename="pluto", ...}) = 0 <0.000073>
801   00:07:31.468432 uname({sysname="Linux", nodename="pluto", ...}) = 0 <0.000074>
801   00:07:31.469208 open("/dev/null", O_RDWR|O_LARGEFILE|O_CLOEXEC) = 3 <0.000095>
801   00:07:31.469590 pipe2([4, 5], O_CLOEXEC) = 0 <0.000085>
801   00:07:31.470083 fstat64(4, {st_mode=S_IFIFO|0600, st_size=0, ...}) = 0 <0.000081>
801   00:07:31.470429 ioctl(4, TCGETS, 0xbe9dc5c4) = -1 ENOTTY (Inappropriate ioctl for device) <0.000057>
801   00:07:31.470731 _llseek(4, 0, 0xbe9dc4e8, SEEK_CUR) = -1 ESPIPE (Illegal seek) <0.000056>
801   00:07:31.471278 pipe2([6, 7], O_CLOEXEC) = 0 <0.000081>
801   00:07:31.471896 rt_sigprocmask(SIG_BLOCK, ~[RTMIN RT_1], [], 8) = 0 <0.000064>
801   00:07:31.472216 vfork( <unfinished ...>
802   00:07:31.472548 close(4)          = 0 <0.000058>
802   00:07:31.472788 close(6)          = 0 <0.000055>
802   00:07:31.473011 dup2(3, 0)        = 0 <0.000057>
802   00:07:31.473233 dup2(5, 1)        = 1 <0.000056>
802   00:07:31.473453 dup2(3, 2)        = 2 <0.000055>
802   00:07:31.473680 rt_sigaction(SIGPIPE, {sa_handler=SIG_DFL, sa_mask=[], sa_flags=SA_RESTORER|SA_ONSTACK, sa_restorer=0xb696afa1}, {sa_handler=SIG_IGN, sa_mask=[], sa_flags=SA_RESTORER|SA_ONSTACK, sa_restorer=0xb696afa1}, 8) = 0 <0.000060>
802   00:07:31.473989 rt_sigaction(SIGXFSZ, {sa_handler=SIG_DFL, sa_mask=[], sa_flags=SA_RESTORER|SA_ONSTACK, sa_restorer=0xb696afa1}, {sa_handler=SIG_IGN, sa_mask=[], sa_flags=SA_RESTORER|SA_ONSTACK, sa_restorer=0xb696afa1}, 8) = 0 <0.000057>
802   00:07:31.474289 rt_sigaction(SIGHUP, NULL, {sa_handler=SIG_DFL, sa_mask=[], sa_flags=0}, 8) = 0 <0.000055>
802   00:07:31.474550 rt_sigaction(SIGINT, NULL, {sa_handler=0xb6cff69c, sa_mask=[], sa_flags=SA_RESTORER|SA_ONSTACK, sa_restorer=0xb696afa1}, 8) = 0 <0.000054>
802   00:07:31.474809 rt_sigaction(SIGINT, {sa_handler=SIG_DFL, sa_mask=[], sa_flags=SA_RESTORER, sa_restorer=0xb696afa1}, NULL, 8) = 0 <0.000059>
802   00:07:31.475067 rt_sigaction(SIGQUIT, NULL, {sa_handler=SIG_DFL, sa_mask=[], sa_flags=0}, 8) = 0 <0.000055>
802   00:07:31.475364 rt_sigaction(SIGILL, NULL, {sa_handler=SIG_DFL, sa_mask=[], sa_flags=0}, 8) = 0 <0.000056>
802   00:07:31.475632 rt_sigaction(SIGTRAP, NULL, {sa_handler=SIG_DFL, sa_mask=[], sa_flags=0}, 8) = 0 <0.000055>
802   00:07:31.475895 rt_sigaction(SIGABRT, NULL, {sa_handler=SIG_DFL, sa_mask=[], sa_flags=0}, 8) = 0 <0.000055>
802   00:07:31.476153 rt_sigaction(SIGBUS, NULL, {sa_handler=SIG_DFL, sa_mask=[], sa_flags=0}, 8) = 0 <0.000055>
802   00:07:31.476411 rt_sigaction(SIGFPE, NULL, {sa_handler=SIG_DFL, sa_mask=[], sa_flags=0}, 8) = 0 <0.000054>
802   00:07:31.476667 rt_sigaction(SIGUSR1, NULL, {sa_handler=SIG_DFL, sa_mask=[], sa_flags=0}, 8) = 0 <0.000054>
802   00:07:31.476928 rt_sigaction(SIGSEGV, NULL, {sa_handler=SIG_DFL, sa_mask=[], sa_flags=0}, 8) = 0 <0.000055>
802   00:07:31.477185 rt_sigaction(SIGUSR2, NULL, {sa_handler=SIG_DFL, sa_mask=[], sa_flags=0}, 8) = 0 <0.000055>
802   00:07:31.477442 rt_sigaction(SIGPIPE, NULL, {sa_handler=SIG_DFL, sa_mask=[], sa_flags=SA_RESTORER|SA_ONSTACK, sa_restorer=0xb696afa1}, 8) = 0 <0.000055>
802   00:07:31.477704 rt_sigaction(SIGALRM, NULL, {sa_handler=SIG_DFL, sa_mask=[], sa_flags=0}, 8) = 0 <0.000055>
802   00:07:31.477960 rt_sigaction(SIGTERM, NULL, {sa_handler=SIG_DFL, sa_mask=[], sa_flags=0}, 8) = 0 <0.000058>
802   00:07:31.478231 rt_sigaction(SIGSTKFLT, NULL, {sa_handler=SIG_DFL, sa_mask=[], sa_flags=0}, 8) = 0 <0.000055>
802   00:07:31.478481 rt_sigaction(SIGCHLD, NULL, {sa_handler=SIG_DFL, sa_mask=[], sa_flags=0}, 8) = 0 <0.000047>
802   00:07:31.478718 rt_sigaction(SIGCONT, NULL, {sa_handler=SIG_DFL, sa_mask=[], sa_flags=0}, 8) = 0 <0.000047>
802   00:07:31.478957 rt_sigaction(SIGTSTP, NULL, {sa_handler=SIG_DFL, sa_mask=[], sa_flags=0}, 8) = 0 <0.000049>
802   00:07:31.479199 rt_sigaction(SIGTTIN, NULL, {sa_handler=SIG_DFL, sa_mask=[], sa_flags=0}, 8) = 0 <0.000047>
802   00:07:31.479439 rt_sigaction(SIGTTOU, NULL, {sa_handler=SIG_DFL, sa_mask=[], sa_flags=0}, 8) = 0 <0.000047>
802   00:07:31.479678 rt_sigaction(SIGURG, NULL, {sa_handler=SIG_DFL, sa_mask=[], sa_flags=0}, 8) = 0 <0.000048>
802   00:07:31.479918 rt_sigaction(SIGXCPU, NULL, {sa_handler=SIG_DFL, sa_mask=[], sa_flags=0}, 8) = 0 <0.000132>
802   00:07:31.480252 rt_sigaction(SIGXFSZ, NULL, {sa_handler=SIG_DFL, sa_mask=[], sa_flags=SA_RESTORER|SA_ONSTACK, sa_restorer=0xb696afa1}, 8) = 0 <0.000049>
802   00:07:31.480505 rt_sigaction(SIGVTALRM, NULL, {sa_handler=SIG_DFL, sa_mask=[], sa_flags=0}, 8) = 0 <0.000047>
802   00:07:31.480747 rt_sigaction(SIGPROF, NULL, {sa_handler=SIG_DFL, sa_mask=[], sa_flags=0}, 8) = 0 <0.000047>
802   00:07:31.480988 rt_sigaction(SIGWINCH, NULL, {sa_handler=SIG_DFL, sa_mask=[], sa_flags=0}, 8) = 0 <0.000047>
802   00:07:31.481231 rt_sigaction(SIGIO, NULL, {sa_handler=SIG_DFL, sa_mask=[], sa_flags=0}, 8) = 0 <0.000047>
802   00:07:31.481470 rt_sigaction(SIGPWR, NULL, {sa_handler=SIG_DFL, sa_mask=[], sa_flags=0}, 8) = 0 <0.000048>
802   00:07:31.481709 rt_sigaction(SIGSYS, NULL, {sa_handler=SIG_DFL, sa_mask=[], sa_flags=0}, 8) = 0 <0.000047>
802   00:07:31.481948 rt_sigaction(SIGRT_2, NULL, {sa_handler=SIG_DFL, sa_mask=[], sa_flags=0}, 8) = 0 <0.000047>
802   00:07:31.482193 rt_sigaction(SIGRT_3, NULL, {sa_handler=SIG_DFL, sa_mask=[], sa_flags=0}, 8) = 0 <0.000047>
802   00:07:31.482435 rt_sigaction(SIGRT_4, NULL, {sa_handler=SIG_DFL, sa_mask=[], sa_flags=0}, 8) = 0 <0.000048>
802   00:07:31.482677 rt_sigaction(SIGRT_5, NULL, {sa_handler=SIG_DFL, sa_mask=[], sa_flags=0}, 8) = 0 <0.000047>
802   00:07:31.482918 rt_sigaction(SIGRT_6, NULL, {sa_handler=SIG_DFL, sa_mask=[], sa_flags=0}, 8) = 0 <0.000047>
802   00:07:31.483159 rt_sigaction(SIGRT_7, NULL, {sa_handler=SIG_DFL, sa_mask=[], sa_flags=0}, 8) = 0 <0.000049>
802   00:07:31.483402 rt_sigaction(SIGRT_8, NULL, {sa_handler=SIG_DFL, sa_mask=[], sa_flags=0}, 8) = 0 <0.000047>
802   00:07:31.483644 rt_sigaction(SIGRT_9, NULL, {sa_handler=SIG_DFL, sa_mask=[], sa_flags=0}, 8) = 0 <0.000047>
802   00:07:31.483885 rt_sigaction(SIGRT_10, NULL, {sa_handler=SIG_DFL, sa_mask=[], sa_flags=0}, 8) = 0 <0.000047>
802   00:07:31.484145 rt_sigaction(SIGRT_11, NULL, {sa_handler=SIG_DFL, sa_mask=[], sa_flags=0}, 8) = 0 <0.000049>
802   00:07:31.484392 rt_sigaction(SIGRT_12, NULL, {sa_handler=SIG_DFL, sa_mask=[], sa_flags=0}, 8) = 0 <0.000047>
802   00:07:31.484633 rt_sigaction(SIGRT_13, NULL, {sa_handler=SIG_DFL, sa_mask=[], sa_flags=0}, 8) = 0 <0.000047>
802   00:07:31.484874 rt_sigaction(SIGRT_14, NULL, {sa_handler=SIG_DFL, sa_mask=[], sa_flags=0}, 8) = 0 <0.000047>
802   00:07:31.485116 rt_sigaction(SIGRT_15, NULL, {sa_handler=SIG_DFL, sa_mask=[], sa_flags=0}, 8) = 0 <0.000047>
802   00:07:31.485360 rt_sigaction(SIGRT_16, NULL, {sa_handler=SIG_DFL, sa_mask=[], sa_flags=0}, 8) = 0 <0.000046>
802   00:07:31.485602 rt_sigaction(SIGRT_17, NULL, {sa_handler=SIG_DFL, sa_mask=[], sa_flags=0}, 8) = 0 <0.000048>
802   00:07:31.485844 rt_sigaction(SIGRT_18, NULL, {sa_handler=SIG_DFL, sa_mask=[], sa_flags=0}, 8) = 0 <0.000047>
802   00:07:31.486086 rt_sigaction(SIGRT_19, NULL, {sa_handler=SIG_DFL, sa_mask=[], sa_flags=0}, 8) = 0 <0.000047>
802   00:07:31.486330 rt_sigaction(SIGRT_20, NULL, {sa_handler=SIG_DFL, sa_mask=[], sa_flags=0}, 8) = 0 <0.000049>
802   00:07:31.486573 rt_sigaction(SIGRT_21, NULL, {sa_handler=SIG_DFL, sa_mask=[], sa_flags=0}, 8) = 0 <0.000047>
802   00:07:31.486814 rt_sigaction(SIGRT_22, NULL, {sa_handler=SIG_DFL, sa_mask=[], sa_flags=0}, 8) = 0 <0.000047>
802   00:07:31.487056 rt_sigaction(SIGRT_23, NULL, {sa_handler=SIG_DFL, sa_mask=[], sa_flags=0}, 8) = 0 <0.000047>
802   00:07:31.487298 rt_sigaction(SIGRT_24, NULL, {sa_handler=SIG_DFL, sa_mask=[], sa_flags=0}, 8) = 0 <0.000050>
802   00:07:31.487543 rt_sigaction(SIGRT_25, NULL, {sa_handler=SIG_DFL, sa_mask=[], sa_flags=0}, 8) = 0 <0.000047>
802   00:07:31.487783 rt_sigaction(SIGRT_26, NULL, {sa_handler=SIG_DFL, sa_mask=[], sa_flags=0}, 8) = 0 <0.000047>
802   00:07:31.488024 rt_sigaction(SIGRT_27, NULL, {sa_handler=SIG_DFL, sa_mask=[], sa_flags=0}, 8) = 0 <0.000047>
802   00:07:31.488265 rt_sigaction(SIGRT_28, NULL, {sa_handler=SIG_DFL, sa_mask=[], sa_flags=0}, 8) = 0 <0.000047>
802   00:07:31.488509 rt_sigaction(SIGRT_29, NULL, {sa_handler=SIG_DFL, sa_mask=[], sa_flags=0}, 8) = 0 <0.000047>
802   00:07:31.488751 rt_sigaction(SIGRT_30, NULL, {sa_handler=SIG_DFL, sa_mask=[], sa_flags=0}, 8) = 0 <0.000047>
802   00:07:31.488991 rt_sigaction(SIGRT_31, NULL, {sa_handler=SIG_DFL, sa_mask=[], sa_flags=0}, 8) = 0 <0.000047>
802   00:07:31.489232 rt_sigaction(SIGRT_32, NULL, {sa_handler=SIG_DFL, sa_mask=[], sa_flags=0}, 8) = 0 <0.000047>
802   00:07:31.489473 rt_sigprocmask(SIG_SETMASK, [], NULL, 8) = 0 <0.000051>
802   00:07:31.489707 open("/proc/self/fd", O_RDONLY|O_LARGEFILE|O_CLOEXEC) = 4 <0.000126>
802   00:07:31.490111 getdents64(4, 0xbe9dc2dc /* 9 entries */, 280) = 216 <0.000155>
802   00:07:31.490480 close(3)          = 0 <0.000053>
802   00:07:31.490699 close(5)          = 0 <0.000048>
802   00:07:31.490904 getdents64(4, 0xbe9dc2dc /* 0 entries */, 280) = 0 <0.000050>
802   00:07:31.491119 close(4)          = 0 <0.000052>
802   00:07:31.491328 execve("/sbin/ldconfig", ["/sbin/ldconfig", "-p"], 0xb672e800 /* 2 vars */) = -1 ENOENT (No such file or directory) <0.000236>
802   00:07:31.491822 write(7, "OSError:", 8) = 8 <0.000066>
802   00:07:31.492094 write(7, "2", 1)  = 1 <0.000055>
802   00:07:31.492342 write(7, ":", 1)  = 1 <0.000055>
802   00:07:31.492585 exit_group(255)   = ?
801   00:07:31.492849 <... vfork resumed>) = 802 <0.020546>
802   00:07:31.492970 +++ exited with 255 +++
801   00:07:31.493060 rt_sigprocmask(SIG_SETMASK, [], NULL, 8) = 0 <0.000049>
801   00:07:31.493299 --- SIGCHLD {si_signo=SIGCHLD, si_code=CLD_EXITED, si_pid=802, si_uid=0, si_status=255, si_utime=0, si_stime=2 /* 0.02 s */} ---
801   00:07:31.493532 close(7)          = 0 <0.000058>
801   00:07:31.494006 close(3)          = 0 <0.000059>
801   00:07:31.494287 close(5)          = 0 <0.000056>
801   00:07:31.494601 read(6, "OSError:2:", 50000) = 10 <0.000061>
801   00:07:31.494938 read(6, "", 50000) = 0 <0.000051>
801   00:07:31.495184 close(6)          = 0 <0.000076>
801   00:07:31.495479 wait4(802, [{WIFEXITED(s) && WEXITSTATUS(s) == 255}], 0, NULL) = 802 <0.000150>
801   00:07:31.496238 close(4)          = 0 <0.000077>
801   00:07:31.496991 stat64("/bin/gcc", 0xbe9dc850) = -1 ENOENT (No such file or directory) <0.000083>
801   00:07:31.497527 stat64("/sbin/gcc", 0xbe9dc850) = -1 ENOENT (No such file or directory) <0.000076>
801   00:07:31.497992 stat64("/usr/bin/gcc", 0xbe9dc850) = -1 ENOENT (No such file or directory) <0.000075>
801   00:07:31.498442 stat64("/usr/sbin/gcc", 0xbe9dc850) = -1 ENOENT (No such file or directory) <0.000075>
801   00:07:31.499044 stat64("/bin/cc", 0xbe9dc850) = -1 ENOENT (No such file or directory) <0.000076>
801   00:07:31.499487 stat64("/sbin/cc", 0xbe9dc850) = -1 ENOENT (No such file or directory) <0.000073>
801   00:07:31.499916 stat64("/usr/bin/cc", 0xbe9dc850) = -1 ENOENT (No such file or directory) <0.000079>
801   00:07:31.500605 stat64("/usr/sbin/cc", 0xbe9dc898) = -1 ENOENT (No such file or directory) <0.000077>
801   00:07:31.501334 pipe2([3, 4], O_CLOEXEC) = 0 <0.000077>
801   00:07:31.501683 pipe2([5, 6], O_CLOEXEC) = 0 <0.000066>
801   00:07:31.502065 fstat64(3, {st_mode=S_IFIFO|0600, st_size=0, ...}) = 0 <0.000055>
801   00:07:31.502361 ioctl(3, TCGETS, 0xbe9dc5c4) = -1 ENOTTY (Inappropriate ioctl for device) <0.000050>
801   00:07:31.502637 _llseek(3, 0, 0xbe9dc4e8, SEEK_CUR) = -1 ESPIPE (Illegal seek) <0.000049>
801   00:07:31.503066 fstat64(5, {st_mode=S_IFIFO|0600, st_size=0, ...}) = 0 <0.000056>
801   00:07:31.503363 ioctl(5, TCGETS, 0xbe9dc5c4) = -1 ENOTTY (Inappropriate ioctl for device) <0.000048>
801   00:07:31.503658 _llseek(5, 0, 0xbe9dc4e8, SEEK_CUR) = -1 ESPIPE (Illegal seek) <0.000049>
801   00:07:31.504172 pipe2([7, 8], O_CLOEXEC) = 0 <0.000078>
801   00:07:31.505243 rt_sigprocmask(SIG_BLOCK, ~[RTMIN RT_1], [], 8) = 0 <0.000061>
801   00:07:31.505569 vfork( <unfinished ...>
803   00:07:31.505912 close(3)          = 0 <0.000058>
803   00:07:31.506150 close(5)          = 0 <0.000055>
803   00:07:31.506374 close(7)          = 0 <0.000054>
803   00:07:31.506590 dup2(4, 1)        = 1 <0.000055>
803   00:07:31.506810 dup2(6, 2)        = 2 <0.000054>
803   00:07:31.507036 rt_sigaction(SIGPIPE, {sa_handler=SIG_DFL, sa_mask=[], sa_flags=SA_RESTORER|SA_ONSTACK, sa_restorer=0xb696afa1}, {sa_handler=SIG_IGN, sa_mask=[], sa_flags=SA_RESTORER|SA_ONSTACK, sa_restorer=0xb696afa1}, 8) = 0 <0.000058>
803   00:07:31.507346 rt_sigaction(SIGXFSZ, {sa_handler=SIG_DFL, sa_mask=[], sa_flags=SA_RESTORER|SA_ONSTACK, sa_restorer=0xb696afa1}, {sa_handler=SIG_IGN, sa_mask=[], sa_flags=SA_RESTORER|SA_ONSTACK, sa_restorer=0xb696afa1}, 8) = 0 <0.000057>
803   00:07:31.507645 rt_sigaction(SIGHUP, NULL, {sa_handler=SIG_DFL, sa_mask=[], sa_flags=0}, 8) = 0 <0.000055>
803   00:07:31.507904 rt_sigaction(SIGINT, NULL, {sa_handler=0xb6cff69c, sa_mask=[], sa_flags=SA_RESTORER|SA_ONSTACK, sa_restorer=0xb696afa1}, 8) = 0 <0.000055>
803   00:07:31.508165 rt_sigaction(SIGINT, {sa_handler=SIG_DFL, sa_mask=[], sa_flags=SA_RESTORER, sa_restorer=0xb696afa1}, NULL, 8) = 0 <0.000056>
803   00:07:31.508423 rt_sigaction(SIGQUIT, NULL, {sa_handler=SIG_DFL, sa_mask=[], sa_flags=0}, 8) = 0 <0.000054>
803   00:07:31.508678 rt_sigaction(SIGILL, NULL, {sa_handler=SIG_DFL, sa_mask=[], sa_flags=0}, 8) = 0 <0.000055>
803   00:07:31.508934 rt_sigaction(SIGTRAP, NULL, {sa_handler=SIG_DFL, sa_mask=[], sa_flags=0}, 8) = 0 <0.000056>
803   00:07:31.509191 rt_sigaction(SIGABRT, NULL, {sa_handler=SIG_DFL, sa_mask=[], sa_flags=0}, 8) = 0 <0.000054>
803   00:07:31.509450 rt_sigaction(SIGBUS, NULL, {sa_handler=SIG_DFL, sa_mask=[], sa_flags=0}, 8) = 0 <0.000055>
803   00:07:31.509705 rt_sigaction(SIGFPE, NULL, {sa_handler=SIG_DFL, sa_mask=[], sa_flags=0}, 8) = 0 <0.000055>
803   00:07:31.509961 rt_sigaction(SIGUSR1, NULL, {sa_handler=SIG_DFL, sa_mask=[], sa_flags=0}, 8) = 0 <0.000061>
803   00:07:31.510435 rt_sigaction(SIGSEGV, NULL, {sa_handler=SIG_DFL, sa_mask=[], sa_flags=0}, 8) = 0 <0.000050>
803   00:07:31.510690 rt_sigaction(SIGUSR2, NULL, {sa_handler=SIG_DFL, sa_mask=[], sa_flags=0}, 8) = 0 <0.000047>
803   00:07:31.510957 rt_sigaction(SIGPIPE, NULL, {sa_handler=SIG_DFL, sa_mask=[], sa_flags=SA_RESTORER|SA_ONSTACK, sa_restorer=0xb696afa1}, 8) = 0 <0.000049>
803   00:07:31.511208 rt_sigaction(SIGALRM, NULL, {sa_handler=SIG_DFL, sa_mask=[], sa_flags=0}, 8) = 0 <0.000048>
803   00:07:31.511451 rt_sigaction(SIGTERM, NULL, {sa_handler=SIG_DFL, sa_mask=[], sa_flags=0}, 8) = 0 <0.000049>
803   00:07:31.511692 rt_sigaction(SIGSTKFLT, NULL, {sa_handler=SIG_DFL, sa_mask=[], sa_flags=0}, 8) = 0 <0.000047>
803   00:07:31.511932 rt_sigaction(SIGCHLD, NULL, {sa_handler=SIG_DFL, sa_mask=[], sa_flags=0}, 8) = 0 <0.000047>
803   00:07:31.512171 rt_sigaction(SIGCONT, NULL, {sa_handler=SIG_DFL, sa_mask=[], sa_flags=0}, 8) = 0 <0.000047>
803   00:07:31.512411 rt_sigaction(SIGTSTP, NULL, {sa_handler=SIG_DFL, sa_mask=[], sa_flags=0}, 8) = 0 <0.000047>
803   00:07:31.512653 rt_sigaction(SIGTTIN, NULL, {sa_handler=SIG_DFL, sa_mask=[], sa_flags=0}, 8) = 0 <0.000047>
803   00:07:31.512890 rt_sigaction(SIGTTOU, NULL, {sa_handler=SIG_DFL, sa_mask=[], sa_flags=0}, 8) = 0 <0.000047>
803   00:07:31.513129 rt_sigaction(SIGURG, NULL, {sa_handler=SIG_DFL, sa_mask=[], sa_flags=0}, 8) = 0 <0.000047>
803   00:07:31.513368 rt_sigaction(SIGXCPU, NULL, {sa_handler=SIG_DFL, sa_mask=[], sa_flags=0}, 8) = 0 <0.000047>
803   00:07:31.513607 rt_sigaction(SIGXFSZ, NULL, {sa_handler=SIG_DFL, sa_mask=[], sa_flags=SA_RESTORER|SA_ONSTACK, sa_restorer=0xb696afa1}, 8) = 0 <0.000049>
803   00:07:31.513849 rt_sigaction(SIGVTALRM, NULL, {sa_handler=SIG_DFL, sa_mask=[], sa_flags=0}, 8) = 0 <0.000047>
803   00:07:31.514087 rt_sigaction(SIGPROF, NULL, {sa_handler=SIG_DFL, sa_mask=[], sa_flags=0}, 8) = 0 <0.000047>
803   00:07:31.514326 rt_sigaction(SIGWINCH, NULL, {sa_handler=SIG_DFL, sa_mask=[], sa_flags=0}, 8) = 0 <0.000047>
803   00:07:31.514564 rt_sigaction(SIGIO, NULL, {sa_handler=SIG_DFL, sa_mask=[], sa_flags=0}, 8) = 0 <0.000049>
803   00:07:31.514805 rt_sigaction(SIGPWR, NULL, {sa_handler=SIG_DFL, sa_mask=[], sa_flags=0}, 8) = 0 <0.000047>
803   00:07:31.515043 rt_sigaction(SIGSYS, NULL, {sa_handler=SIG_DFL, sa_mask=[], sa_flags=0}, 8) = 0 <0.000047>
803   00:07:31.515281 rt_sigaction(SIGRT_2, NULL, {sa_handler=SIG_DFL, sa_mask=[], sa_flags=0}, 8) = 0 <0.000047>
803   00:07:31.515521 rt_sigaction(SIGRT_3, NULL, {sa_handler=SIG_DFL, sa_mask=[], sa_flags=0}, 8) = 0 <0.000047>
803   00:07:31.515763 rt_sigaction(SIGRT_4, NULL, {sa_handler=SIG_DFL, sa_mask=[], sa_flags=0}, 8) = 0 <0.000046>
803   00:07:31.516003 rt_sigaction(SIGRT_5, NULL, {sa_handler=SIG_DFL, sa_mask=[], sa_flags=0}, 8) = 0 <0.000048>
803   00:07:31.516244 rt_sigaction(SIGRT_6, NULL, {sa_handler=SIG_DFL, sa_mask=[], sa_flags=0}, 8) = 0 <0.000048>
803   00:07:31.516485 rt_sigaction(SIGRT_7, NULL, {sa_handler=SIG_DFL, sa_mask=[], sa_flags=0}, 8) = 0 <0.000047>
803   00:07:31.516726 rt_sigaction(SIGRT_8, NULL, {sa_handler=SIG_DFL, sa_mask=[], sa_flags=0}, 8) = 0 <0.000050>
803   00:07:31.516968 rt_sigaction(SIGRT_9, NULL, {sa_handler=SIG_DFL, sa_mask=[], sa_flags=0}, 8) = 0 <0.000047>
803   00:07:31.517210 rt_sigaction(SIGRT_10, NULL, {sa_handler=SIG_DFL, sa_mask=[], sa_flags=0}, 8) = 0 <0.000046>
803   00:07:31.517450 rt_sigaction(SIGRT_11, NULL, {sa_handler=SIG_DFL, sa_mask=[], sa_flags=0}, 8) = 0 <0.000047>
803   00:07:31.517690 rt_sigaction(SIGRT_12, NULL, {sa_handler=SIG_DFL, sa_mask=[], sa_flags=0}, 8) = 0 <0.000046>
803   00:07:31.517933 rt_sigaction(SIGRT_13, NULL, {sa_handler=SIG_DFL, sa_mask=[], sa_flags=0}, 8) = 0 <0.000048>
803   00:07:31.518175 rt_sigaction(SIGRT_14, NULL, {sa_handler=SIG_DFL, sa_mask=[], sa_flags=0}, 8) = 0 <0.000047>
803   00:07:31.518415 rt_sigaction(SIGRT_15, NULL, {sa_handler=SIG_DFL, sa_mask=[], sa_flags=0}, 8) = 0 <0.000047>
803   00:07:31.518655 rt_sigaction(SIGRT_16, NULL, {sa_handler=SIG_DFL, sa_mask=[], sa_flags=0}, 8) = 0 <0.000047>
803   00:07:31.518897 rt_sigaction(SIGRT_17, NULL, {sa_handler=SIG_DFL, sa_mask=[], sa_flags=0}, 8) = 0 <0.000046>
803   00:07:31.519138 rt_sigaction(SIGRT_18, NULL, {sa_handler=SIG_DFL, sa_mask=[], sa_flags=0}, 8) = 0 <0.000047>
803   00:07:31.519397 rt_sigaction(SIGRT_19, NULL, {sa_handler=SIG_DFL, sa_mask=[], sa_flags=0}, 8) = 0 <0.000047>
803   00:07:31.519644 rt_sigaction(SIGRT_20, NULL, {sa_handler=SIG_DFL, sa_mask=[], sa_flags=0}, 8) = 0 <0.000048>
803   00:07:31.519888 rt_sigaction(SIGRT_21, NULL, {sa_handler=SIG_DFL, sa_mask=[], sa_flags=0}, 8) = 0 <0.000181>
803   00:07:31.520277 rt_sigaction(SIGRT_22, NULL, {sa_handler=SIG_DFL, sa_mask=[], sa_flags=0}, 8) = 0 <0.000048>
803   00:07:31.520528 rt_sigaction(SIGRT_23, NULL, {sa_handler=SIG_DFL, sa_mask=[], sa_flags=0}, 8) = 0 <0.000047>
803   00:07:31.520773 rt_sigaction(SIGRT_24, NULL, {sa_handler=SIG_DFL, sa_mask=[], sa_flags=0}, 8) = 0 <0.000047>
803   00:07:31.521017 rt_sigaction(SIGRT_25, NULL, {sa_handler=SIG_DFL, sa_mask=[], sa_flags=0}, 8) = 0 <0.000048>
803   00:07:31.521258 rt_sigaction(SIGRT_26, NULL, {sa_handler=SIG_DFL, sa_mask=[], sa_flags=0}, 8) = 0 <0.000047>
803   00:07:31.521498 rt_sigaction(SIGRT_27, NULL, {sa_handler=SIG_DFL, sa_mask=[], sa_flags=0}, 8) = 0 <0.000047>
803   00:07:31.521739 rt_sigaction(SIGRT_28, NULL, {sa_handler=SIG_DFL, sa_mask=[], sa_flags=0}, 8) = 0 <0.000047>
803   00:07:31.521981 rt_sigaction(SIGRT_29, NULL, {sa_handler=SIG_DFL, sa_mask=[], sa_flags=0}, 8) = 0 <0.000049>
803   00:07:31.522224 rt_sigaction(SIGRT_30, NULL, {sa_handler=SIG_DFL, sa_mask=[], sa_flags=0}, 8) = 0 <0.000046>
803   00:07:31.522464 rt_sigaction(SIGRT_31, NULL, {sa_handler=SIG_DFL, sa_mask=[], sa_flags=0}, 8) = 0 <0.000047>
803   00:07:31.522706 rt_sigaction(SIGRT_32, NULL, {sa_handler=SIG_DFL, sa_mask=[], sa_flags=0}, 8) = 0 <0.000047>
803   00:07:31.522945 rt_sigprocmask(SIG_SETMASK, [], NULL, 8) = 0 <0.000051>
803   00:07:31.523180 open("/proc/self/fd", O_RDONLY|O_LARGEFILE|O_CLOEXEC) = 3 <0.000121>
803   00:07:31.523503 getdents64(3, 0xbe9dc2dc /* 9 entries */, 280) = 216 <0.000139>
803   00:07:31.523850 close(4)          = 0 <0.000047>
803   00:07:31.524061 close(6)          = 0 <0.000050>
803   00:07:31.524268 getdents64(3, 0xbe9dc2dc /* 0 entries */, 280) = 0 <0.000049>
803   00:07:31.524479 close(3)          = 0 <0.000051>
803   00:07:31.524687 execve("/bin/ld", ["ld", "-t", "-o", "/dev/null", "-liio"], 0xbe9dddb0 /* 15 vars */) = -1 ENOENT (No such file or directory) <0.000251>
803   00:07:31.525254 execve("/sbin/ld", ["ld", "-t", "-o", "/dev/null", "-liio"], 0xbe9dddb0 /* 15 vars */) = -1 ENOENT (No such file or directory) <0.000209>
803   00:07:31.525775 execve("/usr/bin/ld", ["ld", "-t", "-o", "/dev/null", "-liio"], 0xbe9dddb0 /* 15 vars */) = -1 ENOENT (No such file or directory) <0.000204>
803   00:07:31.526266 execve("/usr/sbin/ld", ["ld", "-t", "-o", "/dev/null", "-liio"], 0xbe9dddb0 /* 15 vars */) = -1 ENOENT (No such file or directory) <0.000197>
803   00:07:31.526744 write(8, "OSError:", 8) = 8 <0.000067>
803   00:07:31.527010 write(8, "2", 1)  = 1 <0.000054>
803   00:07:31.527256 write(8, ":", 1)  = 1 <0.000056>
803   00:07:31.527498 exit_group(255)   = ?
801   00:07:31.527753 <... vfork resumed>) = 803 <0.022099>
803   00:07:31.527876 +++ exited with 255 +++
801   00:07:31.527966 rt_sigprocmask(SIG_SETMASK, [], NULL, 8) = 0 <0.000050>
801   00:07:31.528205 --- SIGCHLD {si_signo=SIGCHLD, si_code=CLD_EXITED, si_pid=803, si_uid=0, si_status=255, si_utime=0, si_stime=0} ---
801   00:07:31.528420 close(8)          = 0 <0.000058>
801   00:07:31.528871 close(6)          = 0 <0.000060>
801   00:07:31.529157 close(4)          = 0 <0.000056>
801   00:07:31.529467 read(7, "OSError:2:", 50000) = 10 <0.000061>
801   00:07:31.529784 read(7, "", 50000) = 0 <0.000051>
801   00:07:31.530190 close(7)          = 0 <0.000081>
801   00:07:31.530484 wait4(803, [{WIFEXITED(s) && WEXITSTATUS(s) == 255}], 0, NULL) = 803 <0.000151>
801   00:07:31.531241 close(3)          = 0 <0.000078>
801   00:07:31.531571 close(5)          = 0 <0.000068>
801   00:07:31.532016 stat64("/usr/lib/libiio.so", {st_mode=S_IFREG|0755, st_size=107780, ...}) = 0 <0.000092>
801   00:07:31.532908 open("/usr/lib/libiio.so", O_RDONLY|O_CLOEXEC) = 3 <0.000090>
801   00:07:31.533239 read(3, "\177ELF\1\1\1\0\0\0\0\0\0\0\0\0\3\0(\0\1\0\0\08P\0\0004\0\0\0"..., 512) = 512 <0.000062>
801   00:07:31.533528 fstat64(3, {st_mode=S_IFREG|0755, st_size=107780, ...}) = 0 <0.000053>
801   00:07:31.533809 mmap2(NULL, 172040, PROT_READ|PROT_EXEC, MAP_PRIVATE|MAP_DENYWRITE, 3, 0) = 0xb6578000 <0.000098>
801   00:07:31.534093 mprotect(0xb6591000, 65536, PROT_NONE) = 0 <0.000093>
801   00:07:31.534354 mmap2(0xb65a1000, 8192, PROT_READ|PROT_WRITE, MAP_PRIVATE|MAP_FIXED|MAP_DENYWRITE, 3, 0x19000) = 0xb65a1000 <0.000106>
801   00:07:31.534708 close(3)          = 0 <0.000051>
801   00:07:31.535031 open("/lib/libusb-1.0.so.0", O_RDONLY|O_CLOEXEC) = -1 ENOENT (No such file or directory) <0.000081>
801   00:07:31.535330 open("/usr/lib/libusb-1.0.so.0", O_RDONLY|O_CLOEXEC) = 3 <0.000083>
801   00:07:31.535604 read(3, "\177ELF\1\1\1\0\0\0\0\0\0\0\0\0\3\0(\0\1\0\0\0\340.\0\0004\0\0\0"..., 512) = 512 <0.000062>
801   00:07:31.535861 fstat64(3, {st_mode=S_IFREG|0755, st_size=103696, ...}) = 0 <0.000049>
801   00:07:31.536115 mmap2(NULL, 168124, PROT_READ|PROT_EXEC, MAP_PRIVATE|MAP_DENYWRITE, 3, 0) = 0xb654e000 <0.000082>
801   00:07:31.536371 mprotect(0xb6566000, 65536, PROT_NONE) = 0 <0.000088>
801   00:07:31.536622 mmap2(0xb6576000, 8192, PROT_READ|PROT_WRITE, MAP_PRIVATE|MAP_FIXED|MAP_DENYWRITE, 3, 0x18000) = 0xb6576000 <0.000103>
801   00:07:31.536961 close(3)          = 0 <0.000051>
801   00:07:31.537275 open("/lib/librt.so.1", O_RDONLY|O_CLOEXEC) = 3 <0.000082>
801   00:07:31.537557 read(3, "\177ELF\1\1\1\3\0\0\0\0\0\0\0\0\3\0(\0\1\0\0\0@\27\0\0004\0\0\0"..., 512) = 512 <0.000060>
801   00:07:31.537818 fstat64(3, {st_mode=S_IFREG|0755, st_size=22388, ...}) = 0 <0.000049>
801   00:07:31.538076 mmap2(NULL, 86544, PROT_READ|PROT_EXEC, MAP_PRIVATE|MAP_DENYWRITE, 3, 0) = 0xb6538000 <0.000082>
801   00:07:31.538332 mprotect(0xb653d000, 61440, PROT_NONE) = 0 <0.000085>
801   00:07:31.538580 mmap2(0xb654c000, 8192, PROT_READ|PROT_WRITE, MAP_PRIVATE|MAP_FIXED|MAP_DENYWRITE, 3, 0x4000) = 0xb654c000 <0.000099>
801   00:07:31.538918 close(3)          = 0 <0.000050>
801   00:07:31.539192 open("/lib/libserialport.so.0", O_RDONLY|O_CLOEXEC) = -1 ENOENT (No such file or directory) <0.000078>
801   00:07:31.539480 open("/usr/lib/libserialport.so.0", O_RDONLY|O_CLOEXEC) = 3 <0.000081>
801   00:07:31.539751 read(3, "\177ELF\1\1\1\0\0\0\0\0\0\0\0\0\3\0(\0\1\0\0\0\204\34\0\0004\0\0\0"..., 512) = 512 <0.000061>
801   00:07:31.540179 fstat64(3, {st_mode=S_IFREG|0755, st_size=62640, ...}) = 0 <0.000055>
801   00:07:31.540461 mmap2(NULL, 127004, PROT_READ|PROT_EXEC, MAP_PRIVATE|MAP_DENYWRITE, 3, 0) = 0xb6518000 <0.000090>
801   00:07:31.540730 mprotect(0xb6527000, 61440, PROT_NONE) = 0 <0.000108>
801   00:07:31.541004 mmap2(0xb6536000, 8192, PROT_READ|PROT_WRITE, MAP_PRIVATE|MAP_FIXED|MAP_DENYWRITE, 3, 0xe000) = 0xb6536000 <0.000101>
801   00:07:31.541345 close(3)          = 0 <0.000050>
801   00:07:31.541659 open("/lib/libavahi-client.so.3", O_RDONLY|O_CLOEXEC) = -1 ENOENT (No such file or directory) <0.000080>
801   00:07:31.541954 open("/usr/lib/libavahi-client.so.3", O_RDONLY|O_CLOEXEC) = 3 <0.000082>
801   00:07:31.542227 read(3, "\177ELF\1\1\1\0\0\0\0\0\0\0\0\0\3\0(\0\1\0\0\0\350*\0\0004\0\0\0"..., 512) = 512 <0.000059>
801   00:07:31.542480 fstat64(3, {st_mode=S_IFREG|0755, st_size=58696, ...}) = 0 <0.000048>
801   00:07:31.542735 mmap2(NULL, 123008, PROT_READ|PROT_EXEC, MAP_PRIVATE|MAP_DENYWRITE, 3, 0) = 0xb64f9000 <0.000085>
801   00:07:31.542997 mprotect(0xb6507000, 61440, PROT_NONE) = 0 <0.000085>
801   00:07:31.543245 mmap2(0xb6516000, 8192, PROT_READ|PROT_WRITE, MAP_PRIVATE|MAP_FIXED|MAP_DENYWRITE, 3, 0xd000) = 0xb6516000 <0.000099>
801   00:07:31.543581 close(3)          = 0 <0.000049>
801   00:07:31.543887 open("/lib/libavahi-common.so.3", O_RDONLY|O_CLOEXEC) = -1 ENOENT (No such file or directory) <0.000081>
801   00:07:31.544177 open("/usr/lib/libavahi-common.so.3", O_RDONLY|O_CLOEXEC) = 3 <0.000080>
801   00:07:31.544448 read(3, "\177ELF\1\1\1\0\0\0\0\0\0\0\0\0\3\0(\0\1\0\0\0X%\0\0004\0\0\0"..., 512) = 512 <0.000058>
801   00:07:31.544698 fstat64(3, {st_mode=S_IFREG|0755, st_size=42408, ...}) = 0 <0.000050>
801   00:07:31.544977 mmap2(NULL, 106760, PROT_READ|PROT_EXEC, MAP_PRIVATE|MAP_DENYWRITE, 3, 0) = 0xb64de000 <0.000085>
801   00:07:31.545238 mprotect(0xb64e8000, 61440, PROT_NONE) = 0 <0.000086>
801   00:07:31.545487 mmap2(0xb64f7000, 8192, PROT_READ|PROT_WRITE, MAP_PRIVATE|MAP_FIXED|MAP_DENYWRITE, 3, 0x9000) = 0xb64f7000 <0.000099>
801   00:07:31.545822 close(3)          = 0 <0.000049>
801   00:07:31.546119 open("/lib/libxml2.so.2", O_RDONLY|O_CLOEXEC) = -1 ENOENT (No such file or directory) <0.000082>
801   00:07:31.546410 open("/usr/lib/libxml2.so.2", O_RDONLY|O_CLOEXEC) = 3 <0.000081>
801   00:07:31.546681 read(3, "\177ELF\1\1\1\0\0\0\0\0\0\0\0\0\3\0(\0\1\0\0\0\310\361\1\0004\0\0\0"..., 512) = 512 <0.000058>
801   00:07:31.546932 fstat64(3, {st_mode=S_IFREG|0755, st_size=1144828, ...}) = 0 <0.000048>
801   00:07:31.547189 mmap2(NULL, 1212228, PROT_READ|PROT_EXEC, MAP_PRIVATE|MAP_DENYWRITE, 3, 0) = 0xb63b6000 <0.000082>
801   00:07:31.547446 mprotect(0xb64c8000, 61440, PROT_NONE) = 0 <0.000087>
801   00:07:31.547696 mmap2(0xb64d7000, 28672, PROT_READ|PROT_WRITE, MAP_PRIVATE|MAP_FIXED|MAP_DENYWRITE, 3, 0x111000) = 0xb64d7000 <0.000099>
801   00:07:31.548033 close(3)          = 0 <0.000048>
801   00:07:31.548414 open("/lib/libatomic.so.1", O_RDONLY|O_CLOEXEC) = 3 <0.000085>
801   00:07:31.548701 read(3, "\177ELF\1\1\1\3\0\0\0\0\0\0\0\0\3\0(\0\1\0\0\0\234\24\0\0004\0\0\0"..., 512) = 512 <0.000059>
801   00:07:31.548957 fstat64(3, {st_mode=S_IFREG|0755, st_size=21776, ...}) = 0 <0.000048>
801   00:07:31.549210 mmap2(NULL, 90240, PROT_READ|PROT_EXEC, MAP_PRIVATE|MAP_DENYWRITE, 3, 0) = 0xb639f000 <0.000090>
801   00:07:31.549475 mprotect(0xb63a4000, 61440, PROT_NONE) = 0 <0.000087>
801   00:07:31.549725 mmap2(0xb63b3000, 8192, PROT_READ|PROT_WRITE, MAP_PRIVATE|MAP_FIXED|MAP_DENYWRITE, 3, 0x4000) = 0xb63b3000 <0.000116>
801   00:07:31.550187 mmap2(0xb63b5000, 128, PROT_READ|PROT_WRITE, MAP_PRIVATE|MAP_FIXED|MAP_ANONYMOUS, -1, 0) = 0xb63b5000 <0.000105>
801   00:07:31.550523 close(3)          = 0 <0.000050>
801   00:07:31.550841 open("/lib/libdbus-1.so.3", O_RDONLY|O_CLOEXEC) = -1 ENOENT (No such file or directory) <0.000081>
801   00:07:31.551138 open("/usr/lib/libdbus-1.so.3", O_RDONLY|O_CLOEXEC) = 3 <0.000084>
801   00:07:31.552027 read(3, "\177ELF\1\1\1\0\0\0\0\0\0\0\0\0\3\0(\0\1\0\0\0 \247\0\0004\0\0\0"..., 512) = 512 <0.000081>
801   00:07:31.552370 fstat64(3, {st_mode=S_IFREG|0755, st_size=263528, ...}) = 0 <0.000055>
801   00:07:31.552655 mmap2(NULL, 328016, PROT_READ|PROT_EXEC, MAP_PRIVATE|MAP_DENYWRITE, 3, 0) = 0xb634e000 <0.000106>
801   00:07:31.552944 mprotect(0xb638d000, 65536, PROT_NONE) = 0 <0.000092>
801   00:07:31.553206 mmap2(0xb639d000, 8192, PROT_READ|PROT_WRITE, MAP_PRIVATE|MAP_FIXED|MAP_DENYWRITE, 3, 0x3f000) = 0xb639d000 <0.000104>
801   00:07:31.553575 close(3)          = 0 <0.000053>
801   00:07:31.558742 mprotect(0xb639d000, 4096, PROT_READ) = 0 <0.001332>
801   00:07:31.565403 mprotect(0xb63b3000, 4096, PROT_READ) = 0 <0.000106>
801   00:07:31.576538 mprotect(0xb64d7000, 24576, PROT_READ) = 0 <0.000462>
801   00:07:31.577933 mprotect(0xb64f7000, 4096, PROT_READ) = 0 <0.000101>
801   00:07:31.579436 mprotect(0xb6516000, 4096, PROT_READ) = 0 <0.000097>
801   00:07:31.580246 mprotect(0xb6536000, 4096, PROT_READ) = 0 <0.000096>
801   00:07:31.580915 mprotect(0xb654c000, 4096, PROT_READ) = 0 <0.000092>
801   00:07:31.581813 mprotect(0xb6576000, 4096, PROT_READ) = 0 <0.000092>
801   00:07:31.583299 mprotect(0xb65a1000, 4096, PROT_READ) = 0 <0.000090>
801   00:07:31.599644 stat64("/usr/lib/python3.11/site-packages/adi", {st_mode=S_IFDIR|0755, st_size=0, ...}) = 0 <0.000094>
801   00:07:31.600457 stat64("/usr/lib/python3.11/site-packages/adi/rx_tx.pyc", {st_mode=S_IFREG|0644, st_size=36754, ...}) = 0 <0.000085>
801   00:07:31.601336 open("/usr/lib/python3.11/site-packages/adi/rx_tx.pyc", O_RDONLY|O_LARGEFILE|O_CLOEXEC) = 3 <0.000091>
801   00:07:31.601676 fstat64(3, {st_mode=S_IFREG|0644, st_size=36754, ...}) = 0 <0.000062>
801   00:07:31.601995 _llseek(3, 0, [0], SEEK_CUR) = 0 <0.000060>
801   00:07:31.602291 fstat64(3, {st_mode=S_IFREG|0644, st_size=36754, ...}) = 0 <0.000057>
801   00:07:31.602570 read(3, "\247\r\r\n\0\0\0\0D\340\35i\257b\0\0\343\0\0\0\0\0\0\0\0\0\0\0\0\10\0\0"..., 36755) = 36754 <0.000158>
801   00:07:31.602960 read(3, "", 1)    = 0 <0.000060>
801   00:07:31.603258 close(3)          = 0 <0.000062>
801   00:07:31.604649 mmap2(NULL, 262144, PROT_READ|PROT_WRITE, MAP_PRIVATE|MAP_ANONYMOUS, -1, 0) = 0xb630e000 <0.000114>
801   00:07:31.606408 stat64("/root", {st_mode=S_IFDIR|0700, st_size=0, ...}) = 0 <0.000084>
801   00:07:31.607081 stat64("/usr/lib/python3.11", {st_mode=S_IFDIR|0755, st_size=0, ...}) = 0 <0.000077>
801   00:07:31.607636 stat64("/usr/lib/python3.11/typing.pyc", {st_mode=S_IFREG|0644, st_size=159677, ...}) = 0 <0.000076>
801   00:07:31.608445 open("/usr/lib/python3.11/typing.pyc", O_RDONLY|O_LARGEFILE|O_CLOEXEC) = 3 <0.000087>
801   00:07:31.608775 fstat64(3, {st_mode=S_IFREG|0644, st_size=159677, ...}) = 0 <0.000057>
801   00:07:31.609089 _llseek(3, 0, [0], SEEK_CUR) = 0 <0.000058>
801   00:07:31.609351 fstat64(3, {st_mode=S_IFREG|0644, st_size=159677, ...}) = 0 <0.000056>
801   00:07:31.609620 mmap2(NULL, 159744, PROT_READ|PROT_WRITE, MAP_PRIVATE|MAP_ANONYMOUS, -1, 0) = 0xb62e7000 <0.000095>
801   00:07:31.609964 read(3, "\247\r\r\n\0\0\0\0a&\325i4\321\1\0\343\0\0\0\0\0\0\0\0\0\0\0\0\17\0\0"..., 159678) = 159677 <0.000732>
801   00:07:31.611050 read(3, "", 1)    = 0 <0.000067>
801   00:07:31.611388 close(3)          = 0 <0.000064>
801   00:07:31.619560 munmap(0xb62e7000, 159744) = 0 <0.000223>
801   00:07:31.620981 stat64("/root", {st_mode=S_IFDIR|0700, st_size=0, ...}) = 0 <0.000084>
801   00:07:31.621668 stat64("/usr/lib/python3.11", {st_mode=S_IFDIR|0755, st_size=0, ...}) = 0 <0.000077>
801   00:07:31.622243 stat64("/usr/lib/python3.11/lib-dynload", {st_mode=S_IFDIR|0755, st_size=0, ...}) = 0 <0.000075>
801   00:07:31.622680 stat64("/usr/lib/python3.11/lib-dynload/_typing.cpython-311-arm-linux-gnueabihf.so", {st_mode=S_IFREG|0755, st_size=5360, ...}) = 0 <0.000081>
801   00:07:31.623323 open("/usr/lib/python3.11/lib-dynload/_typing.cpython-311-arm-linux-gnueabihf.so", O_RDONLY|O_CLOEXEC) = 3 <0.000090>
801   00:07:31.623658 read(3, "\177ELF\1\1\1\0\0\0\0\0\0\0\0\0\3\0(\0\1\0\0\0t\4\0\0004\0\0\0"..., 512) = 512 <0.000076>
801   00:07:31.623945 fstat64(3, {st_mode=S_IFREG|0755, st_size=5360, ...}) = 0 <0.000056>
801   00:07:31.624228 mmap2(NULL, 69732, PROT_READ|PROT_EXEC, MAP_PRIVATE|MAP_DENYWRITE, 3, 0) = 0xb62fc000 <0.000105>
801   00:07:31.624522 mprotect(0xb62fd000, 61440, PROT_NONE) = 0 <0.000099>
801   00:07:31.624800 mmap2(0xb630c000, 8192, PROT_READ|PROT_WRITE, MAP_PRIVATE|MAP_FIXED|MAP_DENYWRITE, 3, 0) = 0xb630c000 <0.000108>
801   00:07:31.625165 close(3)          = 0 <0.000057>
801   00:07:31.625507 mprotect(0xb630c000, 4096, PROT_READ) = 0 <0.000090>
801   00:07:31.648719 mmap2(NULL, 262144, PROT_READ|PROT_WRITE, MAP_PRIVATE|MAP_ANONYMOUS, -1, 0) = 0xb62bc000 <0.000121>
801   00:07:31.656248 stat64("/root", {st_mode=S_IFDIR|0700, st_size=0, ...}) = 0 <0.000090>
801   00:07:31.656960 stat64("/usr/lib/python3.11", {st_mode=S_IFDIR|0755, st_size=0, ...}) = 0 <0.000077>
801   00:07:31.657552 stat64("/usr/lib/python3.11/lib-dynload", {st_mode=S_IFDIR|0755, st_size=0, ...}) = 0 <0.000076>
801   00:07:31.658110 stat64("/usr/lib/python3.11/site-packages", {st_mode=S_IFDIR|0755, st_size=0, ...}) = 0 <0.000074>
801   00:07:31.658547 stat64("/usr/lib/python3.11/site-packages/numpy/__init__.cpython-311-arm-linux-gnueabihf.so", 0xbe9dcaa0) = -1 ENOENT (No such file or directory) <0.000090>
801   00:07:31.659012 stat64("/usr/lib/python3.11/site-packages/numpy/__init__.abi3.so", 0xbe9dcaa0) = -1 ENOENT (No such file or directory) <0.000087>
801   00:07:31.659455 stat64("/usr/lib/python3.11/site-packages/numpy/__init__.so", 0xbe9dcaa0) = -1 ENOENT (No such file or directory) <0.000084>
801   00:07:31.659874 stat64("/usr/lib/python3.11/site-packages/numpy/__init__.py", 0xbe9dcaa0) = -1 ENOENT (No such file or directory) <0.000172>
801   00:07:31.660423 stat64("/usr/lib/python3.11/site-packages/numpy/__init__.pyc", {st_mode=S_IFREG|0644, st_size=15834, ...}) = 0 <0.000082>
801   00:07:31.661262 open("/usr/lib/python3.11/site-packages/numpy/__init__.pyc", O_RDONLY|O_LARGEFILE|O_CLOEXEC) = 3 <0.000094>
801   00:07:31.661604 fstat64(3, {st_mode=S_IFREG|0644, st_size=15834, ...}) = 0 <0.000059>
801   00:07:31.661914 _llseek(3, 0, [0], SEEK_CUR) = 0 <0.000059>
801   00:07:31.662176 fstat64(3, {st_mode=S_IFREG|0644, st_size=15834, ...}) = 0 <0.000055>
801   00:07:31.662470 read(3, "\247\r\r\n\0\0\0\0y[yc&<\0\0\343\0\0\0\0\0\0\0\0\0\0\0\0\t\0\0"..., 15835) = 15834 <0.000111>
801   00:07:31.662809 read(3, "", 1)    = 0 <0.000060>
801   00:07:31.663093 close(3)          = 0 <0.000063>
801   00:07:31.664769 stat64("/usr/lib/python3.11/site-packages/numpy", {st_mode=S_IFDIR|0755, st_size=0, ...}) = 0 <0.000086>
801   00:07:31.665324 stat64("/usr/lib/python3.11/site-packages/numpy", {st_mode=S_IFDIR|0755, st_size=0, ...}) = 0 <0.000077>
801   00:07:31.665882 stat64("/usr/lib/python3.11/site-packages/numpy", {st_mode=S_IFDIR|0755, st_size=0, ...}) = 0 <0.000076>
801   00:07:31.666280 open("/usr/lib/python3.11/site-packages/numpy", O_RDONLY|O_NONBLOCK|O_LARGEFILE|O_CLOEXEC|O_DIRECTORY) = 3 <0.000088>
801   00:07:31.666581 fstat64(3, {st_mode=S_IFDIR|0755, st_size=0, ...}) = 0 <0.000055>
801   00:07:31.666852 brk(0x55c000)     = 0x55c000 <0.000085>
801   00:07:31.667153 getdents64(3, 0x5339d8 /* 36 entries */, 32768) = 1168 <0.000148>
801   00:07:31.667605 getdents64(3, 0x5339d8 /* 0 entries */, 32768) = 0 <0.000061>
801   00:07:31.667860 close(3)          = 0 <0.000064>
801   00:07:31.668345 stat64("/usr/lib/python3.11/site-packages/numpy/_globals.pyc", {st_mode=S_IFREG|0644, st_size=5328, ...}) = 0 <0.000079>
801   00:07:31.669166 open("/usr/lib/python3.11/site-packages/numpy/_globals.pyc", O_RDONLY|O_LARGEFILE|O_CLOEXEC) = 3 <0.000088>
801   00:07:31.669498 fstat64(3, {st_mode=S_IFREG|0644, st_size=5328, ...}) = 0 <0.000057>
801   00:07:31.669806 _llseek(3, 0, [0], SEEK_CUR) = 0 <0.000062>
801   00:07:31.670172 fstat64(3, {st_mode=S_IFREG|0644, st_size=5328, ...}) = 0 <0.000057>
801   00:07:31.670458 read(3, "\247\r\r\n\0\0\0\0y[yc\254\17\0\0\343\0\0\0\0\0\0\0\0\0\0\0\0\5\0\0"..., 5329) = 5328 <0.000082>
801   00:07:31.670758 read(3, "", 1)    = 0 <0.000057>
801   00:07:31.671034 close(3)          = 0 <0.000063>
801   00:07:31.675460 stat64("/usr/lib/python3.11/site-packages/numpy", {st_mode=S_IFDIR|0755, st_size=0, ...}) = 0 <0.000090>
801   00:07:31.676113 stat64("/usr/lib/python3.11/site-packages/numpy/__config__.pyc", {st_mode=S_IFREG|0644, st_size=6202, ...}) = 0 <0.000084>
801   00:07:31.676953 open("/usr/lib/python3.11/site-packages/numpy/__config__.pyc", O_RDONLY|O_LARGEFILE|O_CLOEXEC) = 3 <0.000090>
801   00:07:31.677295 fstat64(3, {st_mode=S_IFREG|0644, st_size=6202, ...}) = 0 <0.000059>
801   00:07:31.677604 _llseek(3, 0, [0], SEEK_CUR) = 0 <0.000059>
801   00:07:31.677868 fstat64(3, {st_mode=S_IFREG|0644, st_size=6202, ...}) = 0 <0.000056>
801   00:07:31.678139 read(3, "\247\r\r\n\0\0\0\0N(\325i\34\22\0\0\343\0\0\0\0\0\0\0\0\0\0\0\0\5\0\0"..., 6203) = 6202 <0.000087>
801   00:07:31.678440 read(3, "", 1)    = 0 <0.000059>
801   00:07:31.678709 close(3)          = 0 <0.000062>
801   00:07:31.680572 stat64("/usr/lib/python3.11/site-packages/numpy", {st_mode=S_IFDIR|0755, st_size=0, ...}) = 0 <0.000086>
801   00:07:31.681213 stat64("/usr/lib/python3.11/site-packages/numpy/_distributor_init.pyc", {st_mode=S_IFREG|0644, st_size=518, ...}) = 0 <0.000083>
801   00:07:31.682058 open("/usr/lib/python3.11/site-packages/numpy/_distributor_init.pyc", O_RDONLY|O_LARGEFILE|O_CLOEXEC) = 3 <0.000091>
801   00:07:31.682399 fstat64(3, {st_mode=S_IFREG|0644, st_size=518, ...}) = 0 <0.000060>
801   00:07:31.682713 _llseek(3, 0, [0], SEEK_CUR) = 0 <0.000058>
801   00:07:31.682976 fstat64(3, {st_mode=S_IFREG|0644, st_size=518, ...}) = 0 <0.000056>
801   00:07:31.683248 read(3, "\247\r\r\n\0\0\0\0y[ycK\1\0\0\343\0\0\0\0\0\0\0\0\0\0\0\0\1\0\0"..., 519) = 518 <0.000070>
801   00:07:31.683555 read(3, "", 1)    = 0 <0.000059>
801   00:07:31.683830 close(3)          = 0 <0.000062>
801   00:07:31.684978 stat64("/usr/lib/python3.11/site-packages/numpy", {st_mode=S_IFDIR|0755, st_size=0, ...}) = 0 <0.000085>
801   00:07:31.685488 stat64("/usr/lib/python3.11/site-packages/numpy/core/__init__.cpython-311-arm-linux-gnueabihf.so", 0xbe9dc400) = -1 ENOENT (No such file or directory) <0.000096>
801   00:07:31.685965 stat64("/usr/lib/python3.11/site-packages/numpy/core/__init__.abi3.so", 0xbe9dc400) = -1 ENOENT (No such file or directory) <0.000088>
801   00:07:31.686405 stat64("/usr/lib/python3.11/site-packages/numpy/core/__init__.so", 0xbe9dc400) = -1 ENOENT (No such file or directory) <0.000085>
801   00:07:31.686825 stat64("/usr/lib/python3.11/site-packages/numpy/core/__init__.py", 0xbe9dc400) = -1 ENOENT (No such file or directory) <0.000084>
801   00:07:31.687235 stat64("/usr/lib/python3.11/site-packages/numpy/core/__init__.pyc", {st_mode=S_IFREG|0644, st_size=5879, ...}) = 0 <0.000077>
801   00:07:31.688036 open("/usr/lib/python3.11/site-packages/numpy/core/__init__.pyc", O_RDONLY|O_LARGEFILE|O_CLOEXEC) = 3 <0.000088>
801   00:07:31.688363 fstat64(3, {st_mode=S_IFREG|0644, st_size=5879, ...}) = 0 <0.000058>
801   00:07:31.688667 _llseek(3, 0, [0], SEEK_CUR) = 0 <0.000061>
801   00:07:31.688933 fstat64(3, {st_mode=S_IFREG|0644, st_size=5879, ...}) = 0 <0.000057>
801   00:07:31.689203 read(3, "\247\r\r\n\0\0\0\0z[yc\34\26\0\0\343\0\0\0\0\0\0\0\0\0\0\0\0\7\0\0"..., 5880) = 5879 <0.000083>
801   00:07:31.689503 read(3, "", 1)    = 0 <0.000058>
801   00:07:31.689772 close(3)          = 0 <0.000065>
801   00:07:31.691124 stat64("/usr/lib/python3.11/site-packages/numpy", {st_mode=S_IFDIR|0755, st_size=0, ...}) = 0 <0.000083>
801   00:07:31.691741 stat64("/usr/lib/python3.11/site-packages/numpy/version.pyc", {st_mode=S_IFREG|0644, st_size=870, ...}) = 0 <0.000081>
801   00:07:31.692557 open("/usr/lib/python3.11/site-packages/numpy/version.pyc", O_RDONLY|O_LARGEFILE|O_CLOEXEC) = 3 <0.000089>
801   00:07:31.692888 fstat64(3, {st_mode=S_IFREG|0644, st_size=870, ...}) = 0 <0.000061>
801   00:07:31.693198 _llseek(3, 0, [0], SEEK_CUR) = 0 <0.000058>
801   00:07:31.693462 fstat64(3, {st_mode=S_IFREG|0644, st_size=870, ...}) = 0 <0.000056>
801   00:07:31.693732 read(3, "\247\r\r\n\0\0\0\0z[yc\333\1\0\0\343\0\0\0\0\0\0\0\0\0\0\0\0\5\0\0"..., 871) = 870 <0.000072>
801   00:07:31.694014 read(3, "", 1)    = 0 <0.000058>
801   00:07:31.694281 close(3)          = 0 <0.000063>
801   00:07:31.695171 stat64("/root", {st_mode=S_IFDIR|0700, st_size=0, ...}) = 0 <0.000077>
801   00:07:31.695783 stat64("/usr/lib/python3.11", {st_mode=S_IFDIR|0755, st_size=0, ...}) = 0 <0.000075>
801   00:07:31.696322 stat64("/usr/lib/python3.11/__future__.pyc", {st_mode=S_IFREG|0644, st_size=4911, ...}) = 0 <0.000074>
801   00:07:31.697107 open("/usr/lib/python3.11/__future__.pyc", O_RDONLY|O_LARGEFILE|O_CLOEXEC) = 3 <0.000089>
801   00:07:31.697436 fstat64(3, {st_mode=S_IFREG|0644, st_size=4911, ...}) = 0 <0.000057>
801   00:07:31.697740 _llseek(3, 0, [0], SEEK_CUR) = 0 <0.000058>
801   00:07:31.698000 fstat64(3, {st_mode=S_IFREG|0644, st_size=4911, ...}) = 0 <0.000056>
801   00:07:31.698272 read(3, "\247\r\r\n\0\0\0\0a&\325ib\24\0\0\343\0\0\0\0\0\0\0\0\0\0\0\0\5\0\0"..., 4912) = 4911 <0.000079>
801   00:07:31.698559 read(3, "", 1)    = 0 <0.000059>
801   00:07:31.698828 close(3)          = 0 <0.000062>
801   00:07:31.709366 stat64("/usr/lib/python3.11/site-packages/numpy", {st_mode=S_IFDIR|0755, st_size=0, ...}) = 0 <0.000093>
801   00:07:31.710252 stat64("/usr/lib/python3.11/site-packages/numpy/_version.pyc", {st_mode=S_IFREG|0644, st_size=566, ...}) = 0 <0.000086>
801   00:07:31.711153 open("/usr/lib/python3.11/site-packages/numpy/_version.pyc", O_RDONLY|O_LARGEFILE|O_CLOEXEC) = 3 <0.000092>
801   00:07:31.711503 fstat64(3, {st_mode=S_IFREG|0644, st_size=566, ...}) = 0 <0.000059>
801   00:07:31.711822 _llseek(3, 0, [0], SEEK_CUR) = 0 <0.000059>
801   00:07:31.712085 fstat64(3, {st_mode=S_IFREG|0644, st_size=566, ...}) = 0 <0.000055>
801   00:07:31.712386 read(3, "\247\r\r\n\0\0\0\0O(\325i\362\1\0\0\343\0\0\0\0\0\0\0\0\0\0\0\0\2\0\0"..., 567) = 566 <0.000072>
801   00:07:31.712674 read(3, "", 1)    = 0 <0.000058>
801   00:07:31.712948 close(3)          = 0 <0.000062>
801   00:07:31.713843 stat64("/root", {st_mode=S_IFDIR|0700, st_size=0, ...}) = 0 <0.000080>
801   00:07:31.714475 stat64("/usr/lib/python3.11", {st_mode=S_IFDIR|0755, st_size=0, ...}) = 0 <0.000076>
801   00:07:31.714920 stat64("/usr/lib/python3.11/json/__init__.cpython-311-arm-linux-gnueabihf.so", 0xbe9db830) = -1 ENOENT (No such file or directory) <0.000092>
801   00:07:31.715380 stat64("/usr/lib/python3.11/json/__init__.abi3.so", 0xbe9db830) = -1 ENOENT (No such file or directory) <0.000084>
801   00:07:31.715808 stat64("/usr/lib/python3.11/json/__init__.so", 0xbe9db830) = -1 ENOENT (No such file or directory) <0.000084>
801   00:07:31.716224 stat64("/usr/lib/python3.11/json/__init__.py", 0xbe9db830) = -1 ENOENT (No such file or directory) <0.000081>
801   00:07:31.716629 stat64("/usr/lib/python3.11/json/__init__.pyc", {st_mode=S_IFREG|0644, st_size=14220, ...}) = 0 <0.000074>
801   00:07:31.717425 open("/usr/lib/python3.11/json/__init__.pyc", O_RDONLY|O_LARGEFILE|O_CLOEXEC) = 3 <0.000088>
801   00:07:31.717751 fstat64(3, {st_mode=S_IFREG|0644, st_size=14220, ...}) = 0 <0.000057>
801   00:07:31.718058 _llseek(3, 0, [0], SEEK_CUR) = 0 <0.000059>
801   00:07:31.718320 fstat64(3, {st_mode=S_IFREG|0644, st_size=14220, ...}) = 0 <0.000056>
801   00:07:31.718612 read(3, "\247\r\r\n\0\0\0\0a&\325i\3046\0\0\343\0\0\0\0\0\0\0\0\0\0\0\0\n\0\0"..., 14221) = 14220 <0.000126>
801   00:07:31.718961 read(3, "", 1)    = 0 <0.000059>
801   00:07:31.719245 close(3)          = 0 <0.000062>
801   00:07:31.720629 stat64("/usr/lib/python3.11/json", {st_mode=S_IFDIR|0755, st_size=0, ...}) = 0 <0.000085>
801   00:07:31.721177 stat64("/usr/lib/python3.11/json", {st_mode=S_IFDIR|0755, st_size=0, ...}) = 0 <0.000081>
801   00:07:31.721733 stat64("/usr/lib/python3.11/json", {st_mode=S_IFDIR|0755, st_size=0, ...}) = 0 <0.000075>
801   00:07:31.722130 open("/usr/lib/python3.11/json", O_RDONLY|O_NONBLOCK|O_LARGEFILE|O_CLOEXEC|O_DIRECTORY) = 3 <0.000091>
801   00:07:31.722451 fstat64(3, {st_mode=S_IFDIR|0755, st_size=0, ...}) = 0 <0.000056>
801   00:07:31.722724 getdents64(3, 0x5339d8 /* 7 entries */, 32768) = 208 <0.000081>
801   00:07:31.723040 getdents64(3, 0x5339d8 /* 0 entries */, 32768) = 0 <0.000058>
801   00:07:31.723285 close(3)          = 0 <0.000067>
801   00:07:31.723752 stat64("/usr/lib/python3.11/json/decoder.pyc", {st_mode=S_IFREG|0644, st_size=15187, ...}) = 0 <0.000076>
801   00:07:31.724553 open("/usr/lib/python3.11/json/decoder.pyc", O_RDONLY|O_LARGEFILE|O_CLOEXEC) = 3 <0.000086>
801   00:07:31.724878 fstat64(3, {st_mode=S_IFREG|0644, st_size=15187, ...}) = 0 <0.000057>
801   00:07:31.725186 _llseek(3, 0, [0], SEEK_CUR) = 0 <0.000058>
801   00:07:31.725452 fstat64(3, {st_mode=S_IFREG|0644, st_size=15187, ...}) = 0 <0.000056>
801   00:07:31.725721 read(3, "\247\r\r\n\0\0\0\0a&\325i\2710\0\0\343\0\0\0\0\0\0\0\0\0\0\0\0\t\0\0"..., 15188) = 15187 <0.000103>
801   00:07:31.726040 read(3, "", 1)    = 0 <0.000059>
801   00:07:31.726315 close(3)          = 0 <0.000062>
801   00:07:31.727957 stat64("/usr/lib/python3.11/json", {st_mode=S_IFDIR|0755, st_size=0, ...}) = 0 <0.000084>
801   00:07:31.728579 stat64("/usr/lib/python3.11/json/scanner.pyc", {st_mode=S_IFREG|0644, st_size=3647, ...}) = 0 <0.000080>
801   00:07:31.729384 open("/usr/lib/python3.11/json/scanner.pyc", O_RDONLY|O_LARGEFILE|O_CLOEXEC) = 3 <0.000088>
801   00:07:31.729717 fstat64(3, {st_mode=S_IFREG|0644, st_size=3647, ...}) = 0 <0.000057>
801   00:07:31.730121 _llseek(3, 0, [0], SEEK_CUR) = 0 <0.000060>
801   00:07:31.730398 fstat64(3, {st_mode=S_IFREG|0644, st_size=3647, ...}) = 0 <0.000057>
801   00:07:31.730676 read(3, "\247\r\r\n\0\0\0\0a&\325iy\t\0\0\343\0\0\0\0\0\0\0\0\0\0\0\0\5\0\0"..., 3648) = 3647 <0.000078>
801   00:07:31.730967 read(3, "", 1)    = 0 <0.000058>
801   00:07:31.731237 close(3)          = 0 <0.000062>
801   00:07:31.732293 stat64("/root", {st_mode=S_IFDIR|0700, st_size=0, ...}) = 0 <0.000082>
801   00:07:31.732953 stat64("/usr/lib/python3.11", {st_mode=S_IFDIR|0755, st_size=0, ...}) = 0 <0.000074>
801   00:07:31.733516 stat64("/usr/lib/python3.11/lib-dynload", {st_mode=S_IFDIR|0755, st_size=0, ...}) = 0 <0.000076>
801   00:07:31.733952 stat64("/usr/lib/python3.11/lib-dynload/_json.cpython-311-arm-linux-gnueabihf.so", {st_mode=S_IFREG|0755, st_size=30632, ...}) = 0 <0.000077>
801   00:07:31.734577 open("/usr/lib/python3.11/lib-dynload/_json.cpython-311-arm-linux-gnueabihf.so", O_RDONLY|O_CLOEXEC) = 3 <0.000090>
801   00:07:31.734908 read(3, "\177ELF\1\1\1\0\0\0\0\0\0\0\0\0\3\0(\0\1\0\0\0\350\27\0\0004\0\0\0"..., 512) = 512 <0.000071>
801   00:07:31.735186 fstat64(3, {st_mode=S_IFREG|0755, st_size=30632, ...}) = 0 <0.000056>
801   00:07:31.735474 mmap2(NULL, 94996, PROT_READ|PROT_EXEC, MAP_PRIVATE|MAP_DENYWRITE, 3, 0) = 0xb62a4000 <0.000105>
801   00:07:31.735771 mprotect(0xb62ab000, 61440, PROT_NONE) = 0 <0.000101>
801   00:07:31.736049 mmap2(0xb62ba000, 8192, PROT_READ|PROT_WRITE, MAP_PRIVATE|MAP_FIXED|MAP_DENYWRITE, 3, 0x6000) = 0xb62ba000 <0.000116>
801   00:07:31.736425 close(3)          = 0 <0.000058>
801   00:07:31.737003 mprotect(0xb62ba000, 4096, PROT_READ) = 0 <0.000097>
801   00:07:31.746007 stat64("/usr/lib/python3.11/json", {st_mode=S_IFDIR|0755, st_size=0, ...}) = 0 <0.000090>
801   00:07:31.746682 stat64("/usr/lib/python3.11/json/encoder.pyc", {st_mode=S_IFREG|0644, st_size=16809, ...}) = 0 <0.000079>
801   00:07:31.747519 open("/usr/lib/python3.11/json/encoder.pyc", O_RDONLY|O_LARGEFILE|O_CLOEXEC) = 3 <0.000089>
801   00:07:31.747853 fstat64(3, {st_mode=S_IFREG|0644, st_size=16809, ...}) = 0 <0.000056>
801   00:07:31.748158 _llseek(3, 0, [0], SEEK_CUR) = 0 <0.000058>
801   00:07:31.748422 fstat64(3, {st_mode=S_IFREG|0644, st_size=16809, ...}) = 0 <0.000058>
801   00:07:31.748718 read(3, "\247\r\r\n\0\0\0\0a&\325i\320>\0\0\343\0\0\0\0\0\0\0\0\0\0\0\0\n\0\0"..., 16810) = 16809 <0.000130>
801   00:07:31.749068 read(3, "", 1)    = 0 <0.000059>
801   00:07:31.749346 close(3)          = 0 <0.000062>
801   00:07:31.756765 stat64("/usr/lib/python3.11/site-packages/numpy/core", {st_mode=S_IFDIR|0755, st_size=0, ...}) = 0 <0.000095>
801   00:07:31.757374 stat64("/usr/lib/python3.11/site-packages/numpy/core", {st_mode=S_IFDIR|0755, st_size=0, ...}) = 0 <0.000079>
801   00:07:31.757930 stat64("/usr/lib/python3.11/site-packages/numpy/core", {st_mode=S_IFDIR|0755, st_size=0, ...}) = 0 <0.000081>
801   00:07:31.758331 open("/usr/lib/python3.11/site-packages/numpy/core", O_RDONLY|O_NONBLOCK|O_LARGEFILE|O_CLOEXEC|O_DIRECTORY) = 3 <0.000088>
801   00:07:31.758632 fstat64(3, {st_mode=S_IFDIR|0755, st_size=0, ...}) = 0 <0.000056>
801   00:07:31.758929 getdents64(3, 0x53a1b0 /* 60 entries */, 32768) = 2472 <0.000206>
801   00:07:31.759490 getdents64(3, 0x53a1b0 /* 0 entries */, 32768) = 0 <0.000059>
801   00:07:31.759741 close(3)          = 0 <0.000064>
801   00:07:31.760395 stat64("/usr/lib/python3.11/site-packages/numpy/core/multiarray.pyc", {st_mode=S_IFREG|0644, st_size=56802, ...}) = 0 <0.000084>
801   00:07:31.761307 open("/usr/lib/python3.11/site-packages/numpy/core/multiarray.pyc", O_RDONLY|O_LARGEFILE|O_CLOEXEC) = 3 <0.000091>
801   00:07:31.761654 fstat64(3, {st_mode=S_IFREG|0644, st_size=56802, ...}) = 0 <0.000058>
801   00:07:31.761966 _llseek(3, 0, [0], SEEK_CUR) = 0 <0.000058>
801   00:07:31.762232 fstat64(3, {st_mode=S_IFREG|0644, st_size=56802, ...}) = 0 <0.000056>
801   00:07:31.762537 read(3, "\247\r\r\n\0\0\0\0z[yc\212\330\0\0\343\0\0\0\0\0\0\0\0\0\0\0\0\6\0\0"..., 56803) = 56802 <0.000254>
801   00:07:31.763032 read(3, "", 1)    = 0 <0.000066>
801   00:07:31.763338 close(3)          = 0 <0.000064>
801   00:07:31.765579 stat64("/usr/lib/python3.11/site-packages/numpy/core", {st_mode=S_IFDIR|0755, st_size=0, ...}) = 0 <0.000092>
801   00:07:31.766247 stat64("/usr/lib/python3.11/site-packages/numpy/core/overrides.pyc", {st_mode=S_IFREG|0644, st_size=8713, ...}) = 0 <0.000086>
801   00:07:31.767088 open("/usr/lib/python3.11/site-packages/numpy/core/overrides.pyc", O_RDONLY|O_LARGEFILE|O_CLOEXEC) = 3 <0.000094>
801   00:07:31.767460 fstat64(3, {st_mode=S_IFREG|0644, st_size=8713, ...}) = 0 <0.000058>
801   00:07:31.767773 _llseek(3, 0, [0], SEEK_CUR) = 0 <0.000059>
801   00:07:31.768038 fstat64(3, {st_mode=S_IFREG|0644, st_size=8713, ...}) = 0 <0.000055>
801   00:07:31.768306 read(3, "\247\r\r\n\0\0\0\0z[yc\201\34\0\0\343\0\0\0\0\0\0\0\0\0\0\0\0\10\0\0"..., 8714) = 8713 <0.000092>
801   00:07:31.768610 read(3, "", 1)    = 0 <0.000058>
801   00:07:31.768883 close(3)          = 0 <0.000062>
801   00:07:31.770112 stat64("/usr/lib/python3.11/site-packages/numpy/core", {st_mode=S_IFDIR|0755, st_size=0, ...}) = 0 <0.000105>
801   00:07:31.770655 stat64("/usr/lib/python3.11/site-packages/numpy/core/_multiarray_umath.cpython-311-arm-linux-gnueabihf.so", {st_mode=S_IFREG|0755, st_size=3128156, ...}) = 0 <0.000083>
801   00:07:31.771315 open("/usr/lib/python3.11/site-packages/numpy/core/_multiarray_umath.cpython-311-arm-linux-gnueabihf.so", O_RDONLY|O_CLOEXEC) = 3 <0.000094>
801   00:07:31.771657 read(3, "\177ELF\1\1\1\3\0\0\0\0\0\0\0\0\3\0(\0\1\0\0\0\230<\1\0004\0\0\0"..., 512) = 512 <0.000071>
801   00:07:31.771939 fstat64(3, {st_mode=S_IFREG|0755, st_size=3128156, ...}) = 0 <0.000057>
801   00:07:31.772223 mmap2(NULL, 3286248, PROT_READ|PROT_EXEC, MAP_PRIVATE|MAP_DENYWRITE, 3, 0) = 0xb5f81000 <0.000127>
801   00:07:31.772543 mprotect(0xb6266000, 61440, PROT_NONE) = 0 <0.000104>
801   00:07:31.772826 mmap2(0xb6275000, 98304, PROT_READ|PROT_WRITE, MAP_PRIVATE|MAP_FIXED|MAP_DENYWRITE, 3, 0x2e4000) = 0xb6275000 <0.000142>
801   00:07:31.773199 mmap2(0xb628d000, 91368, PROT_READ|PROT_WRITE, MAP_PRIVATE|MAP_FIXED|MAP_ANONYMOUS, -1, 0) = 0xb628d000 <0.000104>
801   00:07:31.773550 close(3)          = 0 <0.000059>
801   00:07:31.776857 mprotect(0xb6275000, 8192, PROT_READ) = 0 <0.000112>
801   00:07:31.778657 stat64("/root", {st_mode=S_IFDIR|0700, st_size=0, ...}) = 0 <0.000082>
801   00:07:31.779333 stat64("/usr/lib/python3.11", {st_mode=S_IFDIR|0755, st_size=0, ...}) = 0 <0.000077>
801   00:07:31.779893 stat64("/usr/lib/python3.11/datetime.pyc", {st_mode=S_IFREG|0644, st_size=101508, ...}) = 0 <0.000105>
801   00:07:31.780854 open("/usr/lib/python3.11/datetime.pyc", O_RDONLY|O_LARGEFILE|O_CLOEXEC) = 3 <0.000093>
801   00:07:31.781209 fstat64(3, {st_mode=S_IFREG|0644, st_size=101508, ...}) = 0 <0.000057>
801   00:07:31.781521 _llseek(3, 0, [0], SEEK_CUR) = 0 <0.000059>
801   00:07:31.781785 fstat64(3, {st_mode=S_IFREG|0644, st_size=101508, ...}) = 0 <0.000056>
801   00:07:31.782054 brk(0x58f000)     = 0x58f000 <0.000085>
801   00:07:31.782336 read(3, "\247\r\r\n\0\0\0\0a&\325icg\1\0\343\0\0\0\0\0\0\0\0\0\0\0\0\t\0\0"..., 101509) = 101508 <0.000440>
801   00:07:31.783038 read(3, "", 1)    = 0 <0.000067>
801   00:07:31.783362 close(3)          = 0 <0.000063>
801   00:07:31.789034 mmap2(NULL, 262144, PROT_READ|PROT_WRITE, MAP_PRIVATE|MAP_ANONYMOUS, -1, 0) = 0xb5f41000 <0.000122>
801   00:07:31.795514 stat64("/root", {st_mode=S_IFDIR|0700, st_size=0, ...}) = 0 <0.000088>
801   00:07:31.796228 stat64("/usr/lib/python3.11", {st_mode=S_IFDIR|0755, st_size=0, ...}) = 0 <0.000077>
801   00:07:31.796812 stat64("/usr/lib/python3.11/lib-dynload", {st_mode=S_IFDIR|0755, st_size=0, ...}) = 0 <0.000073>
801   00:07:31.797243 stat64("/usr/lib/python3.11/lib-dynload/_datetime.cpython-311-arm-linux-gnueabihf.so", {st_mode=S_IFREG|0755, st_size=78888, ...}) = 0 <0.000078>
801   00:07:31.797898 open("/usr/lib/python3.11/lib-dynload/_datetime.cpython-311-arm-linux-gnueabihf.so", O_RDONLY|O_CLOEXEC) = 3 <0.000091>
801   00:07:31.798227 read(3, "\177ELF\1\1\1\0\0\0\0\0\0\0\0\0\3\0(\0\1\0\0\0\30*\0\0004\0\0\0"..., 512) = 512 <0.000071>
801   00:07:31.798510 fstat64(3, {st_mode=S_IFREG|0755, st_size=78888, ...}) = 0 <0.000058>
801   00:07:31.798795 mmap2(NULL, 143256, PROT_READ|PROT_EXEC, MAP_PRIVATE|MAP_DENYWRITE, 3, 0) = 0xb5f1e000 <0.000110>
801   00:07:31.799095 mprotect(0xb5f30000, 61440, PROT_NONE) = 0 <0.000103>
801   00:07:31.799375 mmap2(0xb5f3f000, 8192, PROT_READ|PROT_WRITE, MAP_PRIVATE|MAP_FIXED|MAP_DENYWRITE, 3, 0x11000) = 0xb5f3f000 <0.000126>
801   00:07:31.799784 close(3)          = 0 <0.000061>
801   00:07:31.800693 mprotect(0xb5f3f000, 4096, PROT_READ) = 0 <0.000115>
801   00:07:31.818466 mmap2(NULL, 262144, PROT_READ|PROT_WRITE, MAP_PRIVATE|MAP_ANONYMOUS, -1, 0) = 0xb5ede000 <0.000124>
801   00:07:31.828364 stat64("/usr/lib/python3.11/site-packages/numpy", {st_mode=S_IFDIR|0755, st_size=0, ...}) = 0 <0.000092>
801   00:07:31.829000 stat64("/usr/lib/python3.11/site-packages/numpy/compat/__init__.cpython-311-arm-linux-gnueabihf.so", 0xbe9db020) = -1 ENOENT (No such file or directory) <0.000097>
801   00:07:31.829516 stat64("/usr/lib/python3.11/site-packages/numpy/compat/__init__.abi3.so", 0xbe9db020) = -1 ENOENT (No such file or directory) <0.000091>
801   00:07:31.829972 stat64("/usr/lib/python3.11/site-packages/numpy/compat/__init__.so", 0xbe9db020) = -1 ENOENT (No such file or directory) <0.000121>
801   00:07:31.830522 stat64("/usr/lib/python3.11/site-packages/numpy/compat/__init__.py", 0xbe9db020) = -1 ENOENT (No such file or directory) <0.000087>
801   00:07:31.830953 stat64("/usr/lib/python3.11/site-packages/numpy/compat/__init__.pyc", {st_mode=S_IFREG|0644, st_size=844, ...}) = 0 <0.000077>
801   00:07:31.831780 open("/usr/lib/python3.11/site-packages/numpy/compat/__init__.pyc", O_RDONLY|O_LARGEFILE|O_CLOEXEC) = 3 <0.000092>
801   00:07:31.832122 fstat64(3, {st_mode=S_IFREG|0644, st_size=844, ...}) = 0 <0.000057>
801   00:07:31.832450 _llseek(3, 0, [0], SEEK_CUR) = 0 <0.000058>
801   00:07:31.832715 fstat64(3, {st_mode=S_IFREG|0644, st_size=844, ...}) = 0 <0.000056>
801   00:07:31.832986 read(3, "\247\r\r\n\0\0\0\0z[yc\306\1\0\0\343\0\0\0\0\0\0\0\0\0\0\0\0\3\0\0"..., 845) = 844 <0.000071>
801   00:07:31.833265 read(3, "", 1)    = 0 <0.000057>
801   00:07:31.833540 close(3)          = 0 <0.000062>
801   00:07:31.834513 stat64("/usr/lib/python3.11/site-packages/numpy/compat", {st_mode=S_IFDIR|0755, st_size=0, ...}) = 0 <0.000086>
801   00:07:31.835039 stat64("/usr/lib/python3.11/site-packages/numpy/compat", {st_mode=S_IFDIR|0755, st_size=0, ...}) = 0 <0.000076>
801   00:07:31.835584 stat64("/usr/lib/python3.11/site-packages/numpy/compat", {st_mode=S_IFDIR|0755, st_size=0, ...}) = 0 <0.000079>
801   00:07:31.835981 open("/usr/lib/python3.11/site-packages/numpy/compat", O_RDONLY|O_NONBLOCK|O_LARGEFILE|O_CLOEXEC|O_DIRECTORY) = 3 <0.000086>
801   00:07:31.836283 fstat64(3, {st_mode=S_IFDIR|0755, st_size=0, ...}) = 0 <0.000056>
801   00:07:31.836557 getdents64(3, 0x555cd0 /* 7 entries */, 32768) = 208 <0.000085>
801   00:07:31.836878 getdents64(3, 0x555cd0 /* 0 entries */, 32768) = 0 <0.000058>
801   00:07:31.837121 close(3)          = 0 <0.000063>
801   00:07:31.837574 stat64("/usr/lib/python3.11/site-packages/numpy/compat/_inspect.pyc", {st_mode=S_IFREG|0644, st_size=10352, ...}) = 0 <0.000082>
801   00:07:31.838377 open("/usr/lib/python3.11/site-packages/numpy/compat/_inspect.pyc", O_RDONLY|O_LARGEFILE|O_CLOEXEC) = 3 <0.000087>
801   00:07:31.838707 fstat64(3, {st_mode=S_IFREG|0644, st_size=10352, ...}) = 0 <0.000057>
801   00:07:31.839012 _llseek(3, 0, [0], SEEK_CUR) = 0 <0.000057>
801   00:07:31.839272 fstat64(3, {st_mode=S_IFREG|0644, st_size=10352, ...}) = 0 <0.000056>
801   00:07:31.839540 read(3, "\247\r\r\n\0\0\0\0z[yc\27\35\0\0\343\0\0\0\0\0\0\0\0\0\0\0\0\10\0\0"..., 10353) = 10352 <0.000093>
801   00:07:31.839848 read(3, "", 1)    = 0 <0.000059>
801   00:07:31.840236 close(3)          = 0 <0.000065>
801   00:07:31.841905 stat64("/usr/lib/python3.11/site-packages/numpy/compat", {st_mode=S_IFDIR|0755, st_size=0, ...}) = 0 <0.000088>
801   00:07:31.842528 stat64("/usr/lib/python3.11/site-packages/numpy/compat/_pep440.pyc", {st_mode=S_IFREG|0644, st_size=20875, ...}) = 0 <0.000082>
801   00:07:31.843379 open("/usr/lib/python3.11/site-packages/numpy/compat/_pep440.pyc", O_RDONLY|O_LARGEFILE|O_CLOEXEC) = 3 <0.000090>
801   00:07:31.843714 fstat64(3, {st_mode=S_IFREG|0644, st_size=20875, ...}) = 0 <0.000058>
801   00:07:31.844028 _llseek(3, 0, [0], SEEK_CUR) = 0 <0.000058>
801   00:07:31.844316 fstat64(3, {st_mode=S_IFREG|0644, st_size=20875, ...}) = 0 <0.000058>
801   00:07:31.844595 read(3, "\247\r\r\n\0\0\0\0z[yc\3656\0\0\343\0\0\0\0\0\0\0\0\0\0\0\0\6\0\0"..., 20876) = 20875 <0.000115>
801   00:07:31.844932 read(3, "", 1)    = 0 <0.000063>
801   00:07:31.845217 close(3)          = 0 <0.000062>
801   00:07:31.878347 stat64("/usr/lib/python3.11/site-packages/numpy/compat", {st_mode=S_IFDIR|0755, st_size=0, ...}) = 0 <0.000100>
801   00:07:31.879073 stat64("/usr/lib/python3.11/site-packages/numpy/compat/py3k.pyc", {st_mode=S_IFREG|0644, st_size=6354, ...}) = 0 <0.000081>
801   00:07:31.879924 open("/usr/lib/python3.11/site-packages/numpy/compat/py3k.pyc", O_RDONLY|O_LARGEFILE|O_CLOEXEC) = 3 <0.000117>
801   00:07:31.880366 fstat64(3, {st_mode=S_IFREG|0644, st_size=6354, ...}) = 0 <0.000059>
801   00:07:31.880687 _llseek(3, 0, [0], SEEK_CUR) = 0 <0.000059>
801   00:07:31.880955 fstat64(3, {st_mode=S_IFREG|0644, st_size=6354, ...}) = 0 <0.000055>
801   00:07:31.881229 read(3, "\247\r\r\n\0\0\0\0z[yc\27\16\0\0\343\0\0\0\0\0\0\0\0\0\0\0\0\4\0\0"..., 6355) = 6354 <0.000086>
801   00:07:31.881527 read(3, "", 1)    = 0 <0.000058>
801   00:07:31.881803 close(3)          = 0 <0.000061>
801   00:07:31.883080 stat64("/root", {st_mode=S_IFDIR|0700, st_size=0, ...}) = 0 <0.000079>
801   00:07:31.883716 stat64("/usr/lib/python3.11", {st_mode=S_IFDIR|0755, st_size=0, ...}) = 0 <0.000081>
801   00:07:31.884268 stat64("/usr/lib/python3.11/pathlib.pyc", {st_mode=S_IFREG|0644, st_size=67720, ...}) = 0 <0.000075>
801   00:07:31.885052 open("/usr/lib/python3.11/pathlib.pyc", O_RDONLY|O_LARGEFILE|O_CLOEXEC) = 3 <0.000087>
801   00:07:31.885379 fstat64(3, {st_mode=S_IFREG|0644, st_size=67720, ...}) = 0 <0.000058>
801   00:07:31.885682 _llseek(3, 0, [0], SEEK_CUR) = 0 <0.000057>
801   00:07:31.885948 fstat64(3, {st_mode=S_IFREG|0644, st_size=67720, ...}) = 0 <0.000056>
801   00:07:31.886218 read(3, "\247\r\r\n\0\0\0\0a&\325i\266\275\0\0\343\0\0\0\0\0\0\0\0\0\0\0\0\6\0\0"..., 67721) = 67720 <0.000222>
801   00:07:31.886679 read(3, "", 1)    = 0 <0.000061>
801   00:07:31.886984 close(3)          = 0 <0.000063>
801   00:07:31.889937 mmap2(NULL, 262144, PROT_READ|PROT_WRITE, MAP_PRIVATE|MAP_ANONYMOUS, -1, 0) = 0xb5e9e000 <0.000147>
801   00:07:31.893265 stat64("/root", {st_mode=S_IFDIR|0700, st_size=0, ...}) = 0 <0.000083>
801   00:07:31.893971 stat64("/usr/lib/python3.11", {st_mode=S_IFDIR|0755, st_size=0, ...}) = 0 <0.000076>
801   00:07:31.894557 stat64("/usr/lib/python3.11/lib-dynload", {st_mode=S_IFDIR|0755, st_size=0, ...}) = 0 <0.000077>
801   00:07:31.895117 stat64("/usr/lib/python3.11/site-packages", {st_mode=S_IFDIR|0755, st_size=0, ...}) = 0 <0.000078>
801   00:07:31.896280 stat64("/root", {st_mode=S_IFDIR|0700, st_size=0, ...}) = 0 <0.000081>
801   00:07:31.896888 stat64("/usr/lib/python3.11", {st_mode=S_IFDIR|0755, st_size=0, ...}) = 0 <0.000073>
801   00:07:31.897450 stat64("/usr/lib/python3.11/lib-dynload", {st_mode=S_IFDIR|0755, st_size=0, ...}) = 0 <0.000075>
801   00:07:31.898000 stat64("/usr/lib/python3.11/site-packages", {st_mode=S_IFDIR|0755, st_size=0, ...}) = 0 <0.000075>
801   00:07:31.899117 stat64("/root", {st_mode=S_IFDIR|0700, st_size=0, ...}) = 0 <0.000076>
801   00:07:31.899711 stat64("/usr/lib/python3.11", {st_mode=S_IFDIR|0755, st_size=0, ...}) = 0 <0.000074>
801   00:07:31.900378 stat64("/usr/lib/python3.11/lib-dynload", {st_mode=S_IFDIR|0755, st_size=0, ...}) = 0 <0.000079>
801   00:07:31.900947 stat64("/usr/lib/python3.11/site-packages", {st_mode=S_IFDIR|0755, st_size=0, ...}) = 0 <0.000075>
801   00:07:31.902049 stat64("/root", {st_mode=S_IFDIR|0700, st_size=0, ...}) = 0 <0.000074>
801   00:07:31.902632 stat64("/usr/lib/python3.11", {st_mode=S_IFDIR|0755, st_size=0, ...}) = 0 <0.000075>
801   00:07:31.903183 stat64("/usr/lib/python3.11/lib-dynload", {st_mode=S_IFDIR|0755, st_size=0, ...}) = 0 <0.000074>
801   00:07:31.903730 stat64("/usr/lib/python3.11/site-packages", {st_mode=S_IFDIR|0755, st_size=0, ...}) = 0 <0.000073>
801   00:07:31.904798 stat64("/root", {st_mode=S_IFDIR|0700, st_size=0, ...}) = 0 <0.000075>
801   00:07:31.905407 stat64("/usr/lib/python3.11", {st_mode=S_IFDIR|0755, st_size=0, ...}) = 0 <0.000074>
801   00:07:31.905972 stat64("/usr/lib/python3.11/lib-dynload", {st_mode=S_IFDIR|0755, st_size=0, ...}) = 0 <0.000074>
801   00:07:31.906519 stat64("/usr/lib/python3.11/site-packages", {st_mode=S_IFDIR|0755, st_size=0, ...}) = 0 <0.000073>
801   00:07:31.907687 stat64("/root", {st_mode=S_IFDIR|0700, st_size=0, ...}) = 0 <0.000077>
801   00:07:31.908278 stat64("/usr/lib/python3.11", {st_mode=S_IFDIR|0755, st_size=0, ...}) = 0 <0.000074>
801   00:07:31.908827 stat64("/usr/lib/python3.11/lib-dynload", {st_mode=S_IFDIR|0755, st_size=0, ...}) = 0 <0.000077>
801   00:07:31.909373 stat64("/usr/lib/python3.11/site-packages", {st_mode=S_IFDIR|0755, st_size=0, ...}) = 0 <0.000074>
801   00:07:31.911095 stat64("/root", {st_mode=S_IFDIR|0700, st_size=0, ...}) = 0 <0.000077>
801   00:07:31.911708 stat64("/usr/lib/python3.11", {st_mode=S_IFDIR|0755, st_size=0, ...}) = 0 <0.000074>
801   00:07:31.912155 stat64("/usr/lib/python3.11/urllib/__init__.cpython-311-arm-linux-gnueabihf.so", 0xbe9d9ef0) = -1 ENOENT (No such file or directory) <0.000090>
801   00:07:31.912615 stat64("/usr/lib/python3.11/urllib/__init__.abi3.so", 0xbe9d9ef0) = -1 ENOENT (No such file or directory) <0.000085>
801   00:07:31.913045 stat64("/usr/lib/python3.11/urllib/__init__.so", 0xbe9d9ef0) = -1 ENOENT (No such file or directory) <0.000086>
801   00:07:31.913464 stat64("/usr/lib/python3.11/urllib/__init__.py", 0xbe9d9ef0) = -1 ENOENT (No such file or directory) <0.000081>
801   00:07:31.913870 stat64("/usr/lib/python3.11/urllib/__init__.pyc", {st_mode=S_IFREG|0644, st_size=147, ...}) = 0 <0.000074>
801   00:07:31.914657 open("/usr/lib/python3.11/urllib/__init__.pyc", O_RDONLY|O_LARGEFILE|O_CLOEXEC) = 3 <0.000086>
801   00:07:31.914988 fstat64(3, {st_mode=S_IFREG|0644, st_size=147, ...}) = 0 <0.000057>
801   00:07:31.915295 _llseek(3, 0, [0], SEEK_CUR) = 0 <0.000058>
801   00:07:31.915558 fstat64(3, {st_mode=S_IFREG|0644, st_size=147, ...}) = 0 <0.000057>
801   00:07:31.915825 read(3, "\247\r\r\n\0\0\0\0a&\325i\0\0\0\0\343\0\0\0\0\0\0\0\0\0\0\0\0\1\0\0"..., 148) = 147 <0.000070>
801   00:07:31.916103 read(3, "", 1)    = 0 <0.000057>
801   00:07:31.916370 close(3)          = 0 <0.000062>
801   00:07:31.917106 stat64("/usr/lib/python3.11/urllib", {st_mode=S_IFDIR|0755, st_size=0, ...}) = 0 <0.000080>
801   00:07:31.917617 stat64("/usr/lib/python3.11/urllib", {st_mode=S_IFDIR|0755, st_size=0, ...}) = 0 <0.000075>
801   00:07:31.918153 stat64("/usr/lib/python3.11/urllib", {st_mode=S_IFDIR|0755, st_size=0, ...}) = 0 <0.000074>
801   00:07:31.918543 open("/usr/lib/python3.11/urllib", O_RDONLY|O_NONBLOCK|O_LARGEFILE|O_CLOEXEC|O_DIRECTORY) = 3 <0.000083>
801   00:07:31.918838 fstat64(3, {st_mode=S_IFDIR|0755, st_size=0, ...}) = 0 <0.000058>
801   00:07:31.919114 getdents64(3, 0x5571f0 /* 8 entries */, 32768) = 248 <0.000083>
801   00:07:31.919440 getdents64(3, 0x5571f0 /* 0 entries */, 32768) = 0 <0.000059>
801   00:07:31.919683 close(3)          = 0 <0.000064>
801   00:07:31.920311 stat64("/usr/lib/python3.11/urllib/parse.pyc", {st_mode=S_IFREG|0644, st_size=54614, ...}) = 0 <0.000081>
801   00:07:31.921134 open("/usr/lib/python3.11/urllib/parse.pyc", O_RDONLY|O_LARGEFILE|O_CLOEXEC) = 3 <0.000088>
801   00:07:31.921468 fstat64(3, {st_mode=S_IFREG|0644, st_size=54614, ...}) = 0 <0.000060>
801   00:07:31.921778 _llseek(3, 0, [0], SEEK_CUR) = 0 <0.000058>
801   00:07:31.922042 fstat64(3, {st_mode=S_IFREG|0644, st_size=54614, ...}) = 0 <0.000056>
801   00:07:31.922313 read(3, "\247\r\r\n\0\0\0\0a&\325i+\254\0\0\343\0\0\0\0\0\0\0\0\0\0\0\0\6\0\0"..., 54615) = 54614 <0.000195>
801   00:07:31.922745 read(3, "", 1)    = 0 <0.000061>
801   00:07:31.923048 close(3)          = 0 <0.000063>
801   00:07:31.926495 stat64("/root", {st_mode=S_IFDIR|0700, st_size=0, ...}) = 0 <0.000083>
801   00:07:31.927191 stat64("/usr/lib/python3.11", {st_mode=S_IFDIR|0755, st_size=0, ...}) = 0 <0.000078>
801   00:07:31.927752 stat64("/usr/lib/python3.11/ipaddress.pyc", {st_mode=S_IFREG|0644, st_size=94030, ...}) = 0 <0.000081>
801   00:07:31.928597 open("/usr/lib/python3.11/ipaddress.pyc", O_RDONLY|O_LARGEFILE|O_CLOEXEC) = 3 <0.000088>
801   00:07:31.928934 fstat64(3, {st_mode=S_IFREG|0644, st_size=94030, ...}) = 0 <0.000057>
801   00:07:31.929244 _llseek(3, 0, [0], SEEK_CUR) = 0 <0.000058>
801   00:07:31.929508 fstat64(3, {st_mode=S_IFREG|0644, st_size=94030, ...}) = 0 <0.000056>
801   00:07:31.929777 read(3, "\247\r\r\n\0\0\0\0a&\325i\372$\1\0\343\0\0\0\0\0\0\0\0\0\0\0\0\6\0\0"..., 94031) = 94030 <0.000472>
801   00:07:31.930510 read(3, "", 1)    = 0 <0.000062>
801   00:07:31.930827 close(3)          = 0 <0.000066>
801   00:07:31.958400 mmap2(NULL, 262144, PROT_READ|PROT_WRITE, MAP_PRIVATE|MAP_ANONYMOUS, -1, 0) = 0xb5e5e000 <0.000116>
801   00:07:31.966380 stat64("/root", {st_mode=S_IFDIR|0700, st_size=0, ...}) = 0 <0.000092>
801   00:07:31.967092 stat64("/usr/lib/python3.11", {st_mode=S_IFDIR|0755, st_size=0, ...}) = 0 <0.000078>
801   00:07:31.967688 stat64("/usr/lib/python3.11/lib-dynload", {st_mode=S_IFDIR|0755, st_size=0, ...}) = 0 <0.000075>
801   00:07:31.968253 stat64("/usr/lib/python3.11/site-packages", {st_mode=S_IFDIR|0755, st_size=0, ...}) = 0 <0.000074>
801   00:07:31.969365 stat64("/root", {st_mode=S_IFDIR|0700, st_size=0, ...}) = 0 <0.000077>
801   00:07:31.969969 stat64("/usr/lib/python3.11", {st_mode=S_IFDIR|0755, st_size=0, ...}) = 0 <0.000104>
801   00:07:31.970619 stat64("/usr/lib/python3.11/pickle.pyc", {st_mode=S_IFREG|0644, st_size=86633, ...}) = 0 <0.000078>
801   00:07:31.971456 open("/usr/lib/python3.11/pickle.pyc", O_RDONLY|O_LARGEFILE|O_CLOEXEC) = 3 <0.000087>
801   00:07:31.971794 fstat64(3, {st_mode=S_IFREG|0644, st_size=86633, ...}) = 0 <0.000061>
801   00:07:31.972107 _llseek(3, 0, [0], SEEK_CUR) = 0 <0.000057>
801   00:07:31.972370 fstat64(3, {st_mode=S_IFREG|0644, st_size=86633, ...}) = 0 <0.000056>
801   00:07:31.972643 read(3, "\247\r\r\n\0\0\0\0a&\325i\265\375\0\0\343\0\0\0\0\0\0\0\0\0\0\0\0\6\0\0"..., 86634) = 86633 <0.000281>
801   00:07:31.973175 read(3, "", 1)    = 0 <0.000061>
801   00:07:31.973484 close(3)          = 0 <0.000063>
801   00:07:31.978624 stat64("/root", {st_mode=S_IFDIR|0700, st_size=0, ...}) = 0 <0.000089>
801   00:07:31.979356 stat64("/usr/lib/python3.11", {st_mode=S_IFDIR|0755, st_size=0, ...}) = 0 <0.000077>
801   00:07:31.979916 stat64("/usr/lib/python3.11/_compat_pickle.pyc", {st_mode=S_IFREG|0644, st_size=7513, ...}) = 0 <0.000108>
801   00:07:31.980892 open("/usr/lib/python3.11/_compat_pickle.pyc", O_RDONLY|O_LARGEFILE|O_CLOEXEC) = 3 <0.000090>
801   00:07:31.981234 fstat64(3, {st_mode=S_IFREG|0644, st_size=7513, ...}) = 0 <0.000060>
801   00:07:31.981550 _llseek(3, 0, [0], SEEK_CUR) = 0 <0.000058>
801   00:07:31.981817 fstat64(3, {st_mode=S_IFREG|0644, st_size=7513, ...}) = 0 <0.000056>
801   00:07:31.982091 read(3, "\247\r\r\n\0\0\0\0a&\325i9\"\0\0\343\0\0\0\0\0\0\0\0\0\0\0\0\20\0\0"..., 7514) = 7513 <0.000088>
801   00:07:31.982401 read(3, "", 1)    = 0 <0.000059>
801   00:07:31.982675 close(3)          = 0 <0.000063>
801   00:07:31.985609 stat64("/root", {st_mode=S_IFDIR|0700, st_size=0, ...}) = 0 <0.000081>
801   00:07:31.986282 stat64("/usr/lib/python3.11", {st_mode=S_IFDIR|0755, st_size=0, ...}) = 0 <0.000076>
801   00:07:31.986863 stat64("/usr/lib/python3.11/lib-dynload", {st_mode=S_IFDIR|0755, st_size=0, ...}) = 0 <0.000073>
801   00:07:31.987290 stat64("/usr/lib/python3.11/lib-dynload/_pickle.cpython-311-arm-linux-gnueabihf.so", {st_mode=S_IFREG|0755, st_size=84976, ...}) = 0 <0.000077>
801   00:07:31.987929 open("/usr/lib/python3.11/lib-dynload/_pickle.cpython-311-arm-linux-gnueabihf.so", O_RDONLY|O_CLOEXEC) = 3 <0.000090>
801   00:07:31.988256 read(3, "\177ELF\1\1\1\0\0\0\0\0\0\0\0\0\3\0(\0\1\0\0\0\3001\0\0004\0\0\0"..., 512) = 512 <0.000071>
801   00:07:31.988537 fstat64(3, {st_mode=S_IFREG|0755, st_size=84976, ...}) = 0 <0.000061>
801   00:07:31.988824 mmap2(NULL, 149288, PROT_READ|PROT_EXEC, MAP_PRIVATE|MAP_DENYWRITE, 3, 0) = 0xb5e39000 <0.000106>
801   00:07:31.989119 mprotect(0xb5e4d000, 61440, PROT_NONE) = 0 <0.000101>
801   00:07:31.989420 mmap2(0xb5e5c000, 8192, PROT_READ|PROT_WRITE, MAP_PRIVATE|MAP_FIXED|MAP_DENYWRITE, 3, 0x13000) = 0xb5e5c000 <0.000125>
801   00:07:31.989808 close(3)          = 0 <0.000056>
801   00:07:31.990868 mprotect(0xb5e5c000, 4096, PROT_READ) = 0 <0.000100>
801   00:07:32.002436 stat64("/root", {st_mode=S_IFDIR|0700, st_size=0, ...}) = 0 <0.000086>
801   00:07:32.003172 stat64("/usr/lib/python3.11", {st_mode=S_IFDIR|0755, st_size=0, ...}) = 0 <0.000081>
801   00:07:32.003782 stat64("/usr/lib/python3.11/lib-dynload", {st_mode=S_IFDIR|0755, st_size=0, ...}) = 0 <0.000078>
801   00:07:32.004350 stat64("/usr/lib/python3.11/site-packages", {st_mode=S_IFDIR|0755, st_size=0, ...}) = 0 <0.000079>
801   00:07:32.019430 stat64("/usr/lib/python3.11/site-packages/numpy/core", {st_mode=S_IFDIR|0755, st_size=0, ...}) = 0 <0.000093>
801   00:07:32.020262 stat64("/usr/lib/python3.11/site-packages/numpy/core/umath.pyc", {st_mode=S_IFREG|0644, st_size=1795, ...}) = 0 <0.000084>
801   00:07:32.021140 open("/usr/lib/python3.11/site-packages/numpy/core/umath.pyc", O_RDONLY|O_LARGEFILE|O_CLOEXEC) = 3 <0.000096>
801   00:07:32.021492 fstat64(3, {st_mode=S_IFREG|0644, st_size=1795, ...}) = 0 <0.000059>
801   00:07:32.021809 _llseek(3, 0, [0], SEEK_CUR) = 0 <0.000058>
801   00:07:32.022074 fstat64(3, {st_mode=S_IFREG|0644, st_size=1795, ...}) = 0 <0.000059>
801   00:07:32.022350 read(3, "\247\r\r\n\0\0\0\0z[yc\370\7\0\0\343\0\0\0\0\0\0\0\0\0\0\0\0\2\0\0"..., 1796) = 1795 <0.000075>
801   00:07:32.022635 read(3, "", 1)    = 0 <0.000058>
801   00:07:32.022905 close(3)          = 0 <0.000063>
801   00:07:32.025153 stat64("/usr/lib/python3.11/site-packages/numpy/core", {st_mode=S_IFDIR|0755, st_size=0, ...}) = 0 <0.000093>
801   00:07:32.025803 stat64("/usr/lib/python3.11/site-packages/numpy/core/numerictypes.pyc", {st_mode=S_IFREG|0644, st_size=21056, ...}) = 0 <0.000080>
801   00:07:32.026644 open("/usr/lib/python3.11/site-packages/numpy/core/numerictypes.pyc", O_RDONLY|O_LARGEFILE|O_CLOEXEC) = 3 <0.000091>
801   00:07:32.026983 fstat64(3, {st_mode=S_IFREG|0644, st_size=21056, ...}) = 0 <0.000058>
801   00:07:32.027293 _llseek(3, 0, [0], SEEK_CUR) = 0 <0.000060>
801   00:07:32.027556 fstat64(3, {st_mode=S_IFREG|0644, st_size=21056, ...}) = 0 <0.000056>
801   00:07:32.027827 read(3, "\247\r\r\n\0\0\0\0z[ycwC\0\0\343\0\0\0\0\0\0\0\0\0\0\0\0\n\0\0"..., 21057) = 21056 <0.000118>
801   00:07:32.028166 read(3, "", 1)    = 0 <0.000059>
801   00:07:32.028446 close(3)          = 0 <0.000065>
801   00:07:32.030364 stat64("/root", {st_mode=S_IFDIR|0700, st_size=0, ...}) = 0 <0.000084>
801   00:07:32.031039 stat64("/usr/lib/python3.11", {st_mode=S_IFDIR|0755, st_size=0, ...}) = 0 <0.000078>
801   00:07:32.031601 stat64("/usr/lib/python3.11/numbers.pyc", {st_mode=S_IFREG|0644, st_size=15250, ...}) = 0 <0.000077>
801   00:07:32.032398 open("/usr/lib/python3.11/numbers.pyc", O_RDONLY|O_LARGEFILE|O_CLOEXEC) = 3 <0.000090>
801   00:07:32.032733 fstat64(3, {st_mode=S_IFREG|0644, st_size=15250, ...}) = 0 <0.000057>
801   00:07:32.033041 _llseek(3, 0, [0], SEEK_CUR) = 0 <0.000057>
801   00:07:32.033300 fstat64(3, {st_mode=S_IFREG|0644, st_size=15250, ...}) = 0 <0.000056>
801   00:07:32.033569 read(3, "\247\r\r\n\0\0\0\0a&\325il(\0\0\343\0\0\0\0\0\0\0\0\0\0\0\0\5\0\0"..., 15251) = 15250 <0.000109>
801   00:07:32.033895 read(3, "", 1)    = 0 <0.000059>
801   00:07:32.034176 close(3)          = 0 <0.000062>
801   00:07:32.038548 stat64("/usr/lib/python3.11/site-packages/numpy/core", {st_mode=S_IFDIR|0755, st_size=0, ...}) = 0 <0.000092>
801   00:07:32.039219 stat64("/usr/lib/python3.11/site-packages/numpy/core/_string_helpers.pyc", {st_mode=S_IFREG|0644, st_size=3692, ...}) = 0 <0.000080>
801   00:07:32.040117 open("/usr/lib/python3.11/site-packages/numpy/core/_string_helpers.pyc", O_RDONLY|O_LARGEFILE|O_CLOEXEC) = 3 <0.000120>
801   00:07:32.040496 fstat64(3, {st_mode=S_IFREG|0644, st_size=3692, ...}) = 0 <0.000058>
801   00:07:32.040815 _llseek(3, 0, [0], SEEK_CUR) = 0 <0.000059>
801   00:07:32.041083 fstat64(3, {st_mode=S_IFREG|0644, st_size=3692, ...}) = 0 <0.000056>
801   00:07:32.041381 read(3, "\247\r\r\n\0\0\0\0z[yc'\v\0\0\343\0\0\0\0\0\0\0\0\0\0\0\0\6\0\0"..., 3693) = 3692 <0.000078>
801   00:07:32.041675 read(3, "", 1)    = 0 <0.000058>
801   00:07:32.041948 close(3)          = 0 <0.000062>
801   00:07:32.043493 stat64("/usr/lib/python3.11/site-packages/numpy/core", {st_mode=S_IFDIR|0755, st_size=0, ...}) = 0 <0.000088>
801   00:07:32.044124 stat64("/usr/lib/python3.11/site-packages/numpy/core/_type_aliases.pyc", {st_mode=S_IFREG|0644, st_size=9115, ...}) = 0 <0.000085>
801   00:07:32.044944 open("/usr/lib/python3.11/site-packages/numpy/core/_type_aliases.pyc", O_RDONLY|O_LARGEFILE|O_CLOEXEC) = 3 <0.000090>
801   00:07:32.045284 fstat64(3, {st_mode=S_IFREG|0644, st_size=9115, ...}) = 0 <0.000057>
801   00:07:32.045589 _llseek(3, 0, [0], SEEK_CUR) = 0 <0.000058>
801   00:07:32.045853 fstat64(3, {st_mode=S_IFREG|0644, st_size=9115, ...}) = 0 <0.000056>
801   00:07:32.046124 read(3, "\247\r\r\n\0\0\0\0z[ycB\35\0\0\343\0\0\0\0\0\0\0\0\0\0\0\0\t\0\0"..., 9116) = 9115 <0.000090>
801   00:07:32.046430 read(3, "", 1)    = 0 <0.000059>
801   00:07:32.046706 close(3)          = 0 <0.000062>
801   00:07:32.048206 stat64("/usr/lib/python3.11/site-packages/numpy/core", {st_mode=S_IFDIR|0755, st_size=0, ...}) = 0 <0.000090>
801   00:07:32.048834 stat64("/usr/lib/python3.11/site-packages/numpy/core/_dtype.pyc", {st_mode=S_IFREG|0644, st_size=13684, ...}) = 0 <0.000079>
801   00:07:32.049640 open("/usr/lib/python3.11/site-packages/numpy/core/_dtype.pyc", O_RDONLY|O_LARGEFILE|O_CLOEXEC) = 3 <0.000090>
801   00:07:32.049973 fstat64(3, {st_mode=S_IFREG|0644, st_size=13684, ...}) = 0 <0.000087>
801   00:07:32.050411 _llseek(3, 0, [0], SEEK_CUR) = 0 <0.000061>
801   00:07:32.050684 fstat64(3, {st_mode=S_IFREG|0644, st_size=13684, ...}) = 0 <0.000056>
801   00:07:32.050953 read(3, "\247\r\r\n\0\0\0\0z[yc\377(\0\0\343\0\0\0\0\0\0\0\0\0\0\0\0\f\0\0"..., 13685) = 13684 <0.000100>
801   00:07:32.051270 read(3, "", 1)    = 0 <0.000058>
801   00:07:32.051548 close(3)          = 0 <0.000065>
801   00:07:32.060926 stat64("/usr/lib/python3.11/site-packages/numpy/core", {st_mode=S_IFDIR|0755, st_size=0, ...}) = 0 <0.000099>
801   00:07:32.061615 stat64("/usr/lib/python3.11/site-packages/numpy/core/numeric.pyc", {st_mode=S_IFREG|0644, st_size=91135, ...}) = 0 <0.000081>
801   00:07:32.062456 open("/usr/lib/python3.11/site-packages/numpy/core/numeric.pyc", O_RDONLY|O_LARGEFILE|O_CLOEXEC) = 3 <0.000092>
801   00:07:32.062798 fstat64(3, {st_mode=S_IFREG|0644, st_size=91135, ...}) = 0 <0.000059>
801   00:07:32.063111 _llseek(3, 0, [0], SEEK_CUR) = 0 <0.000059>
801   00:07:32.063376 fstat64(3, {st_mode=S_IFREG|0644, st_size=91135, ...}) = 0 <0.000055>
801   00:07:32.063649 brk(0x5b9000)     = 0x5b9000 <0.000085>
801   00:07:32.063934 read(3, "\247\r\r\n\0\0\0\0z[yc\204.\1\0\343\0\0\0\0\0\0\0\0\0\0\0\0\6\0\0"..., 91136) = 91135 <0.000422>
801   00:07:32.064608 read(3, "", 1)    = 0 <0.000064>
801   00:07:32.064927 close(3)          = 0 <0.000064>
801   00:07:32.071293 stat64("/usr/lib/python3.11/site-packages/numpy/core", {st_mode=S_IFDIR|0755, st_size=0, ...}) = 0 <0.000100>
801   00:07:32.072012 stat64("/usr/lib/python3.11/site-packages/numpy/core/shape_base.pyc", {st_mode=S_IFREG|0644, st_size=33270, ...}) = 0 <0.000082>
801   00:07:32.072862 open("/usr/lib/python3.11/site-packages/numpy/core/shape_base.pyc", O_RDONLY|O_LARGEFILE|O_CLOEXEC) = 3 <0.000092>
801   00:07:32.073209 fstat64(3, {st_mode=S_IFREG|0644, st_size=33270, ...}) = 0 <0.000058>
801   00:07:32.073520 _llseek(3, 0, [0], SEEK_CUR) = 0 <0.000061>
801   00:07:32.073786 fstat64(3, {st_mode=S_IFREG|0644, st_size=33270, ...}) = 0 <0.000056>
801   00:07:32.074056 read(3, "\247\r\r\n\0\0\0\0z[yc9q\0\0\343\0\0\0\0\0\0\0\0\0\0\0\0\5\0\0"..., 33271) = 33270 <0.000149>
801   00:07:32.074449 read(3, "", 1)    = 0 <0.000060>
801   00:07:32.074746 close(3)          = 0 <0.000062>
801   00:07:32.077322 stat64("/usr/lib/python3.11/site-packages/numpy/core", {st_mode=S_IFDIR|0755, st_size=0, ...}) = 0 <0.000091>
801   00:07:32.077982 stat64("/usr/lib/python3.11/site-packages/numpy/core/fromnumeric.pyc", {st_mode=S_IFREG|0644, st_size=132564, ...}) = 0 <0.000080>
801   00:07:32.078835 open("/usr/lib/python3.11/site-packages/numpy/core/fromnumeric.pyc", O_RDONLY|O_LARGEFILE|O_CLOEXEC) = 3 <0.000091>
801   00:07:32.079176 fstat64(3, {st_mode=S_IFREG|0644, st_size=132564, ...}) = 0 <0.000058>
801   00:07:32.079487 _llseek(3, 0, [0], SEEK_CUR) = 0 <0.000057>
801   00:07:32.079748 fstat64(3, {st_mode=S_IFREG|0644, st_size=132564, ...}) = 0 <0.000059>
801   00:07:32.080114 brk(0x5e7000)     = 0x5e7000 <0.000209>
801   00:07:32.080549 read(3, "\247\r\r\n\0\0\0\0z[yc[\342\1\0\343\0\0\0\0\0\0\0\0\0\0\0\0\7\0\0"..., 132565) = 132564 <0.000613>
801   00:07:32.081440 read(3, "", 1)    = 0 <0.000062>
801   00:07:32.081773 close(3)          = 0 <0.000063>
801   00:07:32.085722 stat64("/usr/lib/python3.11/site-packages/numpy/core", {st_mode=S_IFDIR|0755, st_size=0, ...}) = 0 <0.000092>
801   00:07:32.086420 stat64("/usr/lib/python3.11/site-packages/numpy/core/_methods.pyc", {st_mode=S_IFREG|0644, st_size=13518, ...}) = 0 <0.000082>
801   00:07:32.087266 open("/usr/lib/python3.11/site-packages/numpy/core/_methods.pyc", O_RDONLY|O_LARGEFILE|O_CLOEXEC) = 3 <0.000090>
801   00:07:32.087607 fstat64(3, {st_mode=S_IFREG|0644, st_size=13518, ...}) = 0 <0.000057>
801   00:07:32.087917 _llseek(3, 0, [0], SEEK_CUR) = 0 <0.000059>
801   00:07:32.088185 fstat64(3, {st_mode=S_IFREG|0644, st_size=13518, ...}) = 0 <0.000058>
801   00:07:32.088458 read(3, "\247\r\r\n\0\0\0\0z[yc\207*\0\0\343\0\0\0\0\0\0\0\0\0\0\0\0\6\0\0"..., 13519) = 13518 <0.000103>
801   00:07:32.088782 read(3, "", 1)    = 0 <0.000058>
801   00:07:32.089063 close(3)          = 0 <0.000062>
801   00:07:32.091235 stat64("/usr/lib/python3.11/site-packages/numpy/core", {st_mode=S_IFDIR|0755, st_size=0, ...}) = 0 <0.000090>
801   00:07:32.091881 stat64("/usr/lib/python3.11/site-packages/numpy/core/_exceptions.pyc", {st_mode=S_IFREG|0644, st_size=12922, ...}) = 0 <0.000082>
801   00:07:32.092707 open("/usr/lib/python3.11/site-packages/numpy/core/_exceptions.pyc", O_RDONLY|O_LARGEFILE|O_CLOEXEC) = 3 <0.000092>
801   00:07:32.093044 fstat64(3, {st_mode=S_IFREG|0644, st_size=12922, ...}) = 0 <0.000059>
801   00:07:32.093354 _llseek(3, 0, [0], SEEK_CUR) = 0 <0.000060>
801   00:07:32.093619 fstat64(3, {st_mode=S_IFREG|0644, st_size=12922, ...}) = 0 <0.000057>
801   00:07:32.093892 read(3, "\247\r\r\n\0\0\0\0z[yc\230 \0\0\343\0\0\0\0\0\0\0\0\0\0\0\0\7\0\0"..., 12923) = 12922 <0.000097>
801   00:07:32.094206 read(3, "", 1)    = 0 <0.000059>
801   00:07:32.094481 close(3)          = 0 <0.000065>
801   00:07:32.094840 mmap2(NULL, 262144, PROT_READ|PROT_WRITE, MAP_PRIVATE|MAP_ANONYMOUS, -1, 0) = 0xb5df9000 <0.000102>
801   00:07:32.114638 stat64("/usr/lib/python3.11/site-packages/numpy/core", {st_mode=S_IFDIR|0755, st_size=0, ...}) = 0 <0.000095>
801   00:07:32.115344 stat64("/usr/lib/python3.11/site-packages/numpy/core/_ufunc_config.pyc", {st_mode=S_IFREG|0644, st_size=16535, ...}) = 0 <0.000083>
801   00:07:32.116188 open("/usr/lib/python3.11/site-packages/numpy/core/_ufunc_config.pyc", O_RDONLY|O_LARGEFILE|O_CLOEXEC) = 3 <0.000092>
801   00:07:32.116531 fstat64(3, {st_mode=S_IFREG|0644, st_size=16535, ...}) = 0 <0.000060>
801   00:07:32.116845 _llseek(3, 0, [0], SEEK_CUR) = 0 <0.000059>
801   00:07:32.117110 fstat64(3, {st_mode=S_IFREG|0644, st_size=16535, ...}) = 0 <0.000055>
801   00:07:32.117381 read(3, "\247\r\r\n\0\0\0\0z[ycF4\0\0\343\0\0\0\0\0\0\0\0\0\0\0\0\7\0\0"..., 16536) = 16535 <0.000112>
801   00:07:32.117714 read(3, "", 1)    = 0 <0.000058>
801   00:07:32.117989 close(3)          = 0 <0.000061>
801   00:07:32.128806 stat64("/usr/lib/python3.11/site-packages/numpy/core", {st_mode=S_IFDIR|0755, st_size=0, ...}) = 0 <0.000096>
801   00:07:32.129502 stat64("/usr/lib/python3.11/site-packages/numpy/core/arrayprint.pyc", {st_mode=S_IFREG|0644, st_size=75814, ...}) = 0 <0.000081>
801   00:07:32.130456 open("/usr/lib/python3.11/site-packages/numpy/core/arrayprint.pyc", O_RDONLY|O_LARGEFILE|O_CLOEXEC) = 3 <0.000095>
801   00:07:32.130842 fstat64(3, {st_mode=S_IFREG|0644, st_size=75814, ...}) = 0 <0.000060>
801   00:07:32.131165 _llseek(3, 0, [0], SEEK_CUR) = 0 <0.000062>
801   00:07:32.131435 fstat64(3, {st_mode=S_IFREG|0644, st_size=75814, ...}) = 0 <0.000057>
801   00:07:32.131708 read(3, "\247\r\r\n\0\0\0\0z[ycw\365\0\0\343\0\0\0\0\0\0\0\0\0\0\0\0\r\0\0"..., 75815) = 75814 <0.000244>
801   00:07:32.132193 read(3, "", 1)    = 0 <0.000065>
801   00:07:32.132505 close(3)          = 0 <0.000063>
801   00:07:32.140684 stat64("/usr/lib/python3.11/site-packages/numpy/core", {st_mode=S_IFDIR|0755, st_size=0, ...}) = 0 <0.000095>
801   00:07:32.141384 stat64("/usr/lib/python3.11/site-packages/numpy/core/_asarray.pyc", {st_mode=S_IFREG|0644, st_size=4821, ...}) = 0 <0.000081>
801   00:07:32.142230 open("/usr/lib/python3.11/site-packages/numpy/core/_asarray.pyc", O_RDONLY|O_LARGEFILE|O_CLOEXEC) = 3 <0.000094>
801   00:07:32.142582 fstat64(3, {st_mode=S_IFREG|0644, st_size=4821, ...}) = 0 <0.000059>
801   00:07:32.142899 _llseek(3, 0, [0], SEEK_CUR) = 0 <0.000059>
801   00:07:32.143164 fstat64(3, {st_mode=S_IFREG|0644, st_size=4821, ...}) = 0 <0.000056>
801   00:07:32.143437 read(3, "\247\r\r\n\0\0\0\0z[yc\31\20\0\0\343\0\0\0\0\0\0\0\0\0\0\0\0\5\0\0"..., 4822) = 4821 <0.000081>
801   00:07:32.143728 read(3, "", 1)    = 0 <0.000061>
801   00:07:32.144002 close(3)          = 0 <0.000062>
801   00:07:32.148463 stat64("/usr/lib/python3.11/site-packages/numpy/core", {st_mode=S_IFDIR|0755, st_size=0, ...}) = 0 <0.000093>
801   00:07:32.149138 stat64("/usr/lib/python3.11/site-packages/numpy/core/defchararray.pyc", {st_mode=S_IFREG|0644, st_size=84270, ...}) = 0 <0.000082>
801   00:07:32.149979 open("/usr/lib/python3.11/site-packages/numpy/core/defchararray.pyc", O_RDONLY|O_LARGEFILE|O_CLOEXEC) = 3 <0.000120>
801   00:07:32.150432 fstat64(3, {st_mode=S_IFREG|0644, st_size=84270, ...}) = 0 <0.000059>
801   00:07:32.150749 _llseek(3, 0, [0], SEEK_CUR) = 0 <0.000058>
801   00:07:32.151012 fstat64(3, {st_mode=S_IFREG|0644, st_size=84270, ...}) = 0 <0.000056>
801   00:07:32.151284 brk(0x60a000)     = 0x60a000 <0.000085>
801   00:07:32.151570 read(3, "\247\r\r\n\0\0\0\0z[yc\220\20\1\0\343\0\0\0\0\0\0\0\0\0\0\0\0\6\0\0"..., 84271) = 84270 <0.000419>
801   00:07:32.152244 read(3, "", 1)    = 0 <0.000063>
801   00:07:32.152558 close(3)          = 0 <0.000063>
801   00:07:32.166432 mmap2(NULL, 262144, PROT_READ|PROT_WRITE, MAP_PRIVATE|MAP_ANONYMOUS, -1, 0) = 0xb5db9000 <0.000118>
801   00:07:32.171502 stat64("/usr/lib/python3.11/site-packages/numpy/core", {st_mode=S_IFDIR|0755, st_size=0, ...}) = 0 <0.000094>
801   00:07:32.172187 stat64("/usr/lib/python3.11/site-packages/numpy/core/records.pyc", {st_mode=S_IFREG|0644, st_size=44099, ...}) = 0 <0.000080>
801   00:07:32.173031 open("/usr/lib/python3.11/site-packages/numpy/core/records.pyc", O_RDONLY|O_LARGEFILE|O_CLOEXEC) = 3 <0.000095>
801   00:07:32.173376 fstat64(3, {st_mode=S_IFREG|0644, st_size=44099, ...}) = 0 <0.000058>
801   00:07:32.173687 _llseek(3, 0, [0], SEEK_CUR) = 0 <0.000058>
801   00:07:32.173948 fstat64(3, {st_mode=S_IFREG|0644, st_size=44099, ...}) = 0 <0.000056>
801   00:07:32.174222 read(3, "\247\r\r\n\0\0\0\0z[yc\251\222\0\0\343\0\0\0\0\0\0\0\0\0\0\0\0\17\0\0"..., 44100) = 44099 <0.000180>
801   00:07:32.174640 read(3, "", 1)    = 0 <0.000061>
801   00:07:32.174937 close(3)          = 0 <0.000062>
801   00:07:32.179716 stat64("/usr/lib/python3.11/site-packages/numpy/core", {st_mode=S_IFDIR|0755, st_size=0, ...}) = 0 <0.000092>
801   00:07:32.180506 stat64("/usr/lib/python3.11/site-packages/numpy/core/memmap.pyc", {st_mode=S_IFREG|0644, st_size=13413, ...}) = 0 <0.000088>
801   00:07:32.181351 open("/usr/lib/python3.11/site-packages/numpy/core/memmap.pyc", O_RDONLY|O_LARGEFILE|O_CLOEXEC) = 3 <0.000096>
801   00:07:32.181699 fstat64(3, {st_mode=S_IFREG|0644, st_size=13413, ...}) = 0 <0.000057>
801   00:07:32.182012 _llseek(3, 0, [0], SEEK_CUR) = 0 <0.000058>
801   00:07:32.182278 fstat64(3, {st_mode=S_IFREG|0644, st_size=13413, ...}) = 0 <0.000056>
801   00:07:32.182550 read(3, "\247\r\r\n\0\0\0\0z[yc\250-\0\0\343\0\0\0\0\0\0\0\0\0\0\0\0\6\0\0"..., 13414) = 13413 <0.000103>
801   00:07:32.182897 read(3, "", 1)    = 0 <0.000059>
801   00:07:32.183182 close(3)          = 0 <0.000063>
801   00:07:32.185514 stat64("/usr/lib/python3.11/site-packages/numpy/core", {st_mode=S_IFDIR|0755, st_size=0, ...}) = 0 <0.000090>
801   00:07:32.186163 stat64("/usr/lib/python3.11/site-packages/numpy/core/function_base.pyc", {st_mode=S_IFREG|0644, st_size=21095, ...}) = 0 <0.000082>
801   00:07:32.186976 open("/usr/lib/python3.11/site-packages/numpy/core/function_base.pyc", O_RDONLY|O_LARGEFILE|O_CLOEXEC) = 3 <0.000091>
801   00:07:32.187309 fstat64(3, {st_mode=S_IFREG|0644, st_size=21095, ...}) = 0 <0.000058>
801   00:07:32.187624 _llseek(3, 0, [0], SEEK_CUR) = 0 <0.000057>
801   00:07:32.187892 fstat64(3, {st_mode=S_IFREG|0644, st_size=21095, ...}) = 0 <0.000056>
801   00:07:32.188162 read(3, "\247\r\r\n\0\0\0\0z[ycKJ\0\0\343\0\0\0\0\0\0\0\0\0\0\0\0\4\0\0"..., 21096) = 21095 <0.000118>
801   00:07:32.188503 read(3, "", 1)    = 0 <0.000059>
801   00:07:32.188786 close(3)          = 0 <0.000065>
801   00:07:32.192021 stat64("/usr/lib/python3.11/site-packages/numpy/core", {st_mode=S_IFDIR|0755, st_size=0, ...}) = 0 <0.000093>
801   00:07:32.192680 stat64("/usr/lib/python3.11/site-packages/numpy/core/_machar.pyc", {st_mode=S_IFREG|0644, st_size=12783, ...}) = 0 <0.000082>
801   00:07:32.193504 open("/usr/lib/python3.11/site-packages/numpy/core/_machar.pyc", O_RDONLY|O_LARGEFILE|O_CLOEXEC) = 3 <0.000094>
801   00:07:32.193841 fstat64(3, {st_mode=S_IFREG|0644, st_size=12783, ...}) = 0 <0.000058>
801   00:07:32.194152 _llseek(3, 0, [0], SEEK_CUR) = 0 <0.000061>
801   00:07:32.194416 fstat64(3, {st_mode=S_IFREG|0644, st_size=12783, ...}) = 0 <0.000057>
801   00:07:32.194687 read(3, "\247\r\r\n\0\0\0\0z[ycb-\0\0\343\0\0\0\0\0\0\0\0\0\0\0\0\5\0\0"..., 12784) = 12783 <0.000099>
801   00:07:32.195002 read(3, "", 1)    = 0 <0.000059>
801   00:07:32.195283 close(3)          = 0 <0.000061>
801   00:07:32.197298 stat64("/usr/lib/python3.11/site-packages/numpy/core", {st_mode=S_IFDIR|0755, st_size=0, ...}) = 0 <0.000090>
801   00:07:32.197937 stat64("/usr/lib/python3.11/site-packages/numpy/core/getlimits.pyc", {st_mode=S_IFREG|0644, st_size=28757, ...}) = 0 <0.000080>
801   00:07:32.198754 open("/usr/lib/python3.11/site-packages/numpy/core/getlimits.pyc", O_RDONLY|O_LARGEFILE|O_CLOEXEC) = 3 <0.000091>
801   00:07:32.199091 fstat64(3, {st_mode=S_IFREG|0644, st_size=28757, ...}) = 0 <0.000058>
801   00:07:32.199402 _llseek(3, 0, [0], SEEK_CUR) = 0 <0.000061>
801   00:07:32.199668 fstat64(3, {st_mode=S_IFREG|0644, st_size=28757, ...}) = 0 <0.000056>
801   00:07:32.199960 read(3, "\247\r\r\n\0\0\0\0z[yc<^\0\0\343\0\0\0\0\0\0\0\0\0\0\0\0\16\0\0"..., 28758) = 28757 <0.000166>
801   00:07:32.200440 read(3, "", 1)    = 0 <0.000062>
801   00:07:32.200731 close(3)          = 0 <0.000063>
801   00:07:32.204716 stat64("/usr/lib/python3.11/site-packages/numpy/core", {st_mode=S_IFDIR|0755, st_size=0, ...}) = 0 <0.000090>
801   00:07:32.205380 stat64("/usr/lib/python3.11/site-packages/numpy/core/einsumfunc.pyc", {st_mode=S_IFREG|0644, st_size=54931, ...}) = 0 <0.000083>
801   00:07:32.206212 open("/usr/lib/python3.11/site-packages/numpy/core/einsumfunc.pyc", O_RDONLY|O_LARGEFILE|O_CLOEXEC) = 3 <0.000091>
801   00:07:32.206552 fstat64(3, {st_mode=S_IFREG|0644, st_size=54931, ...}) = 0 <0.000058>
801   00:07:32.206865 _llseek(3, 0, [0], SEEK_CUR) = 0 <0.000058>
801   00:07:32.207129 fstat64(3, {st_mode=S_IFREG|0644, st_size=54931, ...}) = 0 <0.000056>
801   00:07:32.207423 read(3, "\247\r\r\n\0\0\0\0z[yc\235\312\0\0\343\0\0\0\0\0\0\0\0\0\0\0\0\4\0\0"..., 54932) = 54931 <0.000285>
801   00:07:32.207954 read(3, "", 1)    = 0 <0.000062>
801   00:07:32.208257 close(3)          = 0 <0.000063>
801   00:07:32.212321 stat64("/usr/lib/python3.11/site-packages/numpy/core", {st_mode=S_IFDIR|0755, st_size=0, ...}) = 0 <0.000095>
801   00:07:32.213030 stat64("/usr/lib/python3.11/site-packages/numpy/core/_add_newdocs.pyc", {st_mode=S_IFREG|0644, st_size=198332, ...}) = 0 <0.000086>
801   00:07:32.213898 open("/usr/lib/python3.11/site-packages/numpy/core/_add_newdocs.pyc", O_RDONLY|O_LARGEFILE|O_CLOEXEC) = 3 <0.000096>
801   00:07:32.214247 fstat64(3, {st_mode=S_IFREG|0644, st_size=198332, ...}) = 0 <0.000057>
801   00:07:32.214557 _llseek(3, 0, [0], SEEK_CUR) = 0 <0.000058>
801   00:07:32.214821 fstat64(3, {st_mode=S_IFREG|0644, st_size=198332, ...}) = 0 <0.000056>
801   00:07:32.215090 mmap2(NULL, 200704, PROT_READ|PROT_WRITE, MAP_PRIVATE|MAP_ANONYMOUS, -1, 0) = 0xb5d88000 <0.000102>
801   00:07:32.215414 read(3, "\247\r\r\n\0\0\0\0z[yc\267\22\3\0\343\0\0\0\0\0\0\0\0\0\0\0\0\10\0\0"..., 198333) = 198332 <0.000868>
801   00:07:32.216568 read(3, "", 1)    = 0 <0.000065>
801   00:07:32.216911 close(3)          = 0 <0.000065>
801   00:07:32.218579 brk(0x62b000)     = 0x62b000 <0.000097>
801   00:07:32.220448 munmap(0xb5d88000, 200704) = 0 <0.000217>
801   00:07:32.226718 brk(0x64c000)     = 0x64c000 <0.000093>
801   00:07:32.235080 stat64("/usr/lib/python3.11/site-packages/numpy/core", {st_mode=S_IFDIR|0755, st_size=0, ...}) = 0 <0.000094>
801   00:07:32.235675 stat64("/usr/lib/python3.11/site-packages/numpy/core/_multiarray_tests.cpython-311-arm-linux-gnueabihf.so", {st_mode=S_IFREG|0755, st_size=109380, ...}) = 0 <0.000084>
801   00:07:32.236371 open("/usr/lib/python3.11/site-packages/numpy/core/_multiarray_tests.cpython-311-arm-linux-gnueabihf.so", O_RDONLY|O_CLOEXEC) = 3 <0.000095>
801   00:07:32.236715 read(3, "\177ELF\1\1\1\0\0\0\0\0\0\0\0\0\3\0(\0\1\0\0\0\220_\0\0004\0\0\0"..., 512) = 512 <0.000072>
801   00:07:32.237000 fstat64(3, {st_mode=S_IFREG|0755, st_size=109380, ...}) = 0 <0.000057>
801   00:07:32.237290 mmap2(NULL, 173712, PROT_READ|PROT_EXEC, MAP_PRIVATE|MAP_DENYWRITE, 3, 0) = 0xb5d8e000 <0.000105>
801   00:07:32.237584 mprotect(0xb5da7000, 65536, PROT_NONE) = 0 <0.000100>
801   00:07:32.237859 mmap2(0xb5db7000, 8192, PROT_READ|PROT_WRITE, MAP_PRIVATE|MAP_FIXED|MAP_DENYWRITE, 3, 0x19000) = 0xb5db7000 <0.000122>
801   00:07:32.238242 close(3)          = 0 <0.000058>
801   00:07:32.239662 mprotect(0xb5db7000, 4096, PROT_READ) = 0 <0.000099>
801   00:07:32.254362 stat64("/usr/lib/python3.11/site-packages/numpy/core", {st_mode=S_IFDIR|0755, st_size=0, ...}) = 0 <0.000094>
801   00:07:32.255059 stat64("/usr/lib/python3.11/site-packages/numpy/core/_add_newdocs_scalars.pyc", {st_mode=S_IFREG|0644, st_size=11824, ...}) = 0 <0.000081>
801   00:07:32.255911 open("/usr/lib/python3.11/site-packages/numpy/core/_add_newdocs_scalars.pyc", O_RDONLY|O_LARGEFILE|O_CLOEXEC) = 3 <0.000097>
801   00:07:32.256263 fstat64(3, {st_mode=S_IFREG|0644, st_size=11824, ...}) = 0 <0.000058>
801   00:07:32.256574 _llseek(3, 0, [0], SEEK_CUR) = 0 <0.000058>
801   00:07:32.256838 fstat64(3, {st_mode=S_IFREG|0644, st_size=11824, ...}) = 0 <0.000056>
801   00:07:32.257116 read(3, "\247\r\r\n\0\0\0\0z[yc\370'\0\0\343\0\0\0\0\0\0\0\0\0\0\0\0\r\0\0"..., 11825) = 11824 <0.000098>
801   00:07:32.257431 read(3, "", 1)    = 0 <0.000058>
801   00:07:32.257705 close(3)          = 0 <0.000061>
801   00:07:32.268086 stat64("/usr/lib/python3.11/site-packages/numpy/core", {st_mode=S_IFDIR|0755, st_size=0, ...}) = 0 <0.000093>
801   00:07:32.268767 stat64("/usr/lib/python3.11/site-packages/numpy/core/_dtype_ctypes.pyc", {st_mode=S_IFREG|0644, st_size=5271, ...}) = 0 <0.000082>
801   00:07:32.269599 open("/usr/lib/python3.11/site-packages/numpy/core/_dtype_ctypes.pyc", O_RDONLY|O_LARGEFILE|O_CLOEXEC) = 3 <0.000094>
801   00:07:32.269938 fstat64(3, {st_mode=S_IFREG|0644, st_size=5271, ...}) = 0 <0.000079>
801   00:07:32.270353 _llseek(3, 0, [0], SEEK_CUR) = 0 <0.000059>
801   00:07:32.270623 fstat64(3, {st_mode=S_IFREG|0644, st_size=5271, ...}) = 0 <0.000059>
801   00:07:32.270898 read(3, "\247\r\r\n\0\0\0\0z[ycY\16\0\0\343\0\0\0\0\0\0\0\0\0\0\0\0\2\0\0"..., 5272) = 5271 <0.000081>
801   00:07:32.271190 read(3, "", 1)    = 0 <0.000058>
801   00:07:32.271464 close(3)          = 0 <0.000061>
801   00:07:32.272961 stat64("/usr/lib/python3.11/site-packages/numpy/core", {st_mode=S_IFDIR|0755, st_size=0, ...}) = 0 <0.000085>
801   00:07:32.273636 stat64("/usr/lib/python3.11/site-packages/numpy/core/_internal.pyc", {st_mode=S_IFREG|0644, st_size=37869, ...}) = 0 <0.000087>
801   00:07:32.274470 open("/usr/lib/python3.11/site-packages/numpy/core/_internal.pyc", O_RDONLY|O_LARGEFILE|O_CLOEXEC) = 3 <0.000091>
801   00:07:32.274809 fstat64(3, {st_mode=S_IFREG|0644, st_size=37869, ...}) = 0 <0.000062>
801   00:07:32.275123 _llseek(3, 0, [0], SEEK_CUR) = 0 <0.000058>
801   00:07:32.275387 fstat64(3, {st_mode=S_IFREG|0644, st_size=37869, ...}) = 0 <0.000056>
801   00:07:32.275658 read(3, "\247\r\r\n\0\0\0\0z[yc<n\0\0\343\0\0\0\0\0\0\0\0\0\0\0\0\10\0\0"..., 37870) = 37869 <0.000154>
801   00:07:32.276044 read(3, "", 1)    = 0 <0.000059>
801   00:07:32.276334 close(3)          = 0 <0.000062>
801   00:07:32.279144 stat64("/root", {st_mode=S_IFDIR|0700, st_size=0, ...}) = 0 <0.000082>
801   00:07:32.279824 stat64("/usr/lib/python3.11", {st_mode=S_IFDIR|0755, st_size=0, ...}) = 0 <0.000179>
801   00:07:32.280505 stat64("/usr/lib/python3.11/ast.pyc", {st_mode=S_IFREG|0644, st_size=108974, ...}) = 0 <0.000076>
801   00:07:32.281323 open("/usr/lib/python3.11/ast.pyc", O_RDONLY|O_LARGEFILE|O_CLOEXEC) = 3 <0.000088>
801   00:07:32.281660 fstat64(3, {st_mode=S_IFREG|0644, st_size=108974, ...}) = 0 <0.000057>
801   00:07:32.281971 _llseek(3, 0, [0], SEEK_CUR) = 0 <0.000058>
801   00:07:32.282230 fstat64(3, {st_mode=S_IFREG|0644, st_size=108974, ...}) = 0 <0.000059>
801   00:07:32.282502 brk(0x67b000)     = 0x67b000 <0.000086>
801   00:07:32.282790 read(3, "\247\r\r\n\0\0\0\0a&\325i\373\354\0\0\343\0\0\0\0\0\0\0\0\0\0\0\0\21\0\0"..., 108975) = 108974 <0.000502>
801   00:07:32.283556 read(3, "", 1)    = 0 <0.000062>
801   00:07:32.283877 close(3)          = 0 <0.000064>
801   00:07:32.285137 mmap2(NULL, 262144, PROT_READ|PROT_WRITE, MAP_PRIVATE|MAP_ANONYMOUS, -1, 0) = 0xb5d4e000 <0.000115>
801   00:07:32.285740 mmap2(NULL, 241664, PROT_READ|PROT_WRITE, MAP_PRIVATE|MAP_ANONYMOUS, -1, 0) = 0xb5d13000 <0.000088>
801   00:07:32.332434 mmap2(NULL, 262144, PROT_READ|PROT_WRITE, MAP_PRIVATE|MAP_ANONYMOUS, -1, 0) = 0xb5cd3000 <0.000116>
801   00:07:32.334020 stat64("/usr/lib/python3.11/site-packages/numpy", {st_mode=S_IFDIR|0755, st_size=0, ...}) = 0 <0.000088>
801   00:07:32.334672 stat64("/usr/lib/python3.11/site-packages/numpy/_pytesttester.pyc", {st_mode=S_IFREG|0644, st_size=7492, ...}) = 0 <0.000085>
801   00:07:32.335511 open("/usr/lib/python3.11/site-packages/numpy/_pytesttester.pyc", O_RDONLY|O_LARGEFILE|O_CLOEXEC) = 3 <0.000096>
801   00:07:32.335859 fstat64(3, {st_mode=S_IFREG|0644, st_size=7492, ...}) = 0 <0.000057>
801   00:07:32.336173 _llseek(3, 0, [0], SEEK_CUR) = 0 <0.000059>
801   00:07:32.336438 fstat64(3, {st_mode=S_IFREG|0644, st_size=7492, ...}) = 0 <0.000057>
801   00:07:32.336713 read(3, "\247\r\r\n\0\0\0\0y[yc\24\32\0\0\343\0\0\0\0\0\0\0\0\0\0\0\0\4\0\0"..., 7493) = 7492 <0.000090>
801   00:07:32.337016 read(3, "", 1)    = 0 <0.000059>
801   00:07:32.337294 close(3)          = 0 <0.000062>
801   00:07:32.341172 stat64("/usr/lib/python3.11/site-packages/numpy", {st_mode=S_IFDIR|0755, st_size=0, ...}) = 0 <0.000090>
801   00:07:32.341733 stat64("/usr/lib/python3.11/site-packages/numpy/lib/__init__.cpython-311-arm-linux-gnueabihf.so", 0xbe9dc400) = -1 ENOENT (No such file or directory) <0.000093>
801   00:07:32.342225 stat64("/usr/lib/python3.11/site-packages/numpy/lib/__init__.abi3.so", 0xbe9dc400) = -1 ENOENT (No such file or directory) <0.000088>
801   00:07:32.342677 stat64("/usr/lib/python3.11/site-packages/numpy/lib/__init__.so", 0xbe9dc400) = -1 ENOENT (No such file or directory) <0.000087>
801   00:07:32.343104 stat64("/usr/lib/python3.11/site-packages/numpy/lib/__init__.py", 0xbe9dc400) = -1 ENOENT (No such file or directory) <0.000083>
801   00:07:32.343517 stat64("/usr/lib/python3.11/site-packages/numpy/lib/__init__.pyc", {st_mode=S_IFREG|0644, st_size=2146, ...}) = 0 <0.000078>
801   00:07:32.344326 open("/usr/lib/python3.11/site-packages/numpy/lib/__init__.pyc", O_RDONLY|O_LARGEFILE|O_CLOEXEC) = 3 <0.000090>
801   00:07:32.344661 fstat64(3, {st_mode=S_IFREG|0644, st_size=2146, ...}) = 0 <0.000061>
801   00:07:32.345005 _llseek(3, 0, [0], SEEK_CUR) = 0 <0.000060>
801   00:07:32.345278 fstat64(3, {st_mode=S_IFREG|0644, st_size=2146, ...}) = 0 <0.000056>
801   00:07:32.345549 read(3, "\247\r\r\n\0\0\0\0z[yc\363\6\0\0\343\0\0\0\0\0\0\0\0\0\0\0\0\3\0\0"..., 2147) = 2146 <0.000074>
801   00:07:32.345832 read(3, "", 1)    = 0 <0.000058>
801   00:07:32.346100 close(3)          = 0 <0.000065>
801   00:07:32.347240 stat64("/usr/lib/python3.11/site-packages/numpy/lib", {st_mode=S_IFDIR|0755, st_size=0, ...}) = 0 <0.000087>
801   00:07:32.347772 stat64("/usr/lib/python3.11/site-packages/numpy/lib", {st_mode=S_IFDIR|0755, st_size=0, ...}) = 0 <0.000078>
801   00:07:32.348324 stat64("/usr/lib/python3.11/site-packages/numpy/lib", {st_mode=S_IFDIR|0755, st_size=0, ...}) = 0 <0.000078>
801   00:07:32.348717 open("/usr/lib/python3.11/site-packages/numpy/lib", O_RDONLY|O_NONBLOCK|O_LARGEFILE|O_CLOEXEC|O_DIRECTORY) = 3 <0.000087>
801   00:07:32.349016 fstat64(3, {st_mode=S_IFDIR|0755, st_size=0, ...}) = 0 <0.000056>
801   00:07:32.349289 getdents64(3, 0x604a08 /* 47 entries */, 32768) = 1704 <0.000176>
801   00:07:32.349801 getdents64(3, 0x604a08 /* 0 entries */, 32768) = 0 <0.000061>
801   00:07:32.350151 close(3)          = 0 <0.000066>
801   00:07:32.350665 stat64("/usr/lib/python3.11/site-packages/numpy/lib/mixins.pyc", {st_mode=S_IFREG|0644, st_size=9209, ...}) = 0 <0.000079>
801   00:07:32.351483 open("/usr/lib/python3.11/site-packages/numpy/lib/mixins.pyc", O_RDONLY|O_LARGEFILE|O_CLOEXEC) = 3 <0.000091>
801   00:07:32.351820 fstat64(3, {st_mode=S_IFREG|0644, st_size=9209, ...}) = 0 <0.000057>
801   00:07:32.352126 _llseek(3, 0, [0], SEEK_CUR) = 0 <0.000058>
801   00:07:32.352390 fstat64(3, {st_mode=S_IFREG|0644, st_size=9209, ...}) = 0 <0.000060>
801   00:07:32.352663 read(3, "\247\r\r\n\0\0\0\0z[yc\214\33\0\0\343\0\0\0\0\0\0\0\0\0\0\0\0\4\0\0"..., 9210) = 9209 <0.000089>
801   00:07:32.352967 read(3, "", 1)    = 0 <0.000058>
801   00:07:32.353240 close(3)          = 0 <0.000062>
801   00:07:32.356116 stat64("/usr/lib/python3.11/site-packages/numpy/lib", {st_mode=S_IFDIR|0755, st_size=0, ...}) = 0 <0.000089>
801   00:07:32.356763 stat64("/usr/lib/python3.11/site-packages/numpy/lib/scimath.pyc", {st_mode=S_IFREG|0644, st_size=18187, ...}) = 0 <0.000080>
801   00:07:32.357587 open("/usr/lib/python3.11/site-packages/numpy/lib/scimath.pyc", O_RDONLY|O_LARGEFILE|O_CLOEXEC) = 3 <0.000092>
801   00:07:32.357923 fstat64(3, {st_mode=S_IFREG|0644, st_size=18187, ...}) = 0 <0.000058>
801   00:07:32.358232 _llseek(3, 0, [0], SEEK_CUR) = 0 <0.000058>
801   00:07:32.358493 fstat64(3, {st_mode=S_IFREG|0644, st_size=18187, ...}) = 0 <0.000055>
801   00:07:32.358765 read(3, "\247\r\r\n\0\0\0\0z[yc\275:\0\0\343\0\0\0\0\0\0\0\0\0\0\0\0\3\0\0"..., 18188) = 18187 <0.000115>
801   00:07:32.359096 read(3, "", 1)    = 0 <0.000059>
801   00:07:32.359377 close(3)          = 0 <0.000062>
801   00:07:32.361025 stat64("/usr/lib/python3.11/site-packages/numpy/lib", {st_mode=S_IFDIR|0755, st_size=0, ...}) = 0 <0.000088>
801   00:07:32.361655 stat64("/usr/lib/python3.11/site-packages/numpy/lib/type_check.pyc", {st_mode=S_IFREG|0644, st_size=23847, ...}) = 0 <0.000080>
801   00:07:32.362470 open("/usr/lib/python3.11/site-packages/numpy/lib/type_check.pyc", O_RDONLY|O_LARGEFILE|O_CLOEXEC) = 3 <0.000090>
801   00:07:32.362801 fstat64(3, {st_mode=S_IFREG|0644, st_size=23847, ...}) = 0 <0.000057>
801   00:07:32.363113 _llseek(3, 0, [0], SEEK_CUR) = 0 <0.000058>
801   00:07:32.363376 fstat64(3, {st_mode=S_IFREG|0644, st_size=23847, ...}) = 0 <0.000056>
801   00:07:32.363644 read(3, "\247\r\r\n\0\0\0\0z[yc\333M\0\0\343\0\0\0\0\0\0\0\0\0\0\0\0\16\0\0"..., 23848) = 23847 <0.000125>
801   00:07:32.363986 read(3, "", 1)    = 0 <0.000061>
801   00:07:32.364267 close(3)          = 0 <0.000063>
801   00:07:32.366136 stat64("/usr/lib/python3.11/site-packages/numpy/lib", {st_mode=S_IFDIR|0755, st_size=0, ...}) = 0 <0.000090>
801   00:07:32.366773 stat64("/usr/lib/python3.11/site-packages/numpy/lib/ufunclike.pyc", {st_mode=S_IFREG|0644, st_size=9881, ...}) = 0 <0.000082>
801   00:07:32.367619 open("/usr/lib/python3.11/site-packages/numpy/lib/ufunclike.pyc", O_RDONLY|O_LARGEFILE|O_CLOEXEC) = 3 <0.000091>
801   00:07:32.367954 fstat64(3, {st_mode=S_IFREG|0644, st_size=9881, ...}) = 0 <0.000058>
801   00:07:32.368265 _llseek(3, 0, [0], SEEK_CUR) = 0 <0.000057>
801   00:07:32.368526 fstat64(3, {st_mode=S_IFREG|0644, st_size=9881, ...}) = 0 <0.000056>
801   00:07:32.368796 read(3, "\247\r\r\n\0\0\0\0z[yc_\37\0\0\343\0\0\0\0\0\0\0\0\0\0\0\0\5\0\0"..., 9882) = 9881 <0.000092>
801   00:07:32.369100 read(3, "", 1)    = 0 <0.000058>
801   00:07:32.369374 close(3)          = 0 <0.000061>
801   00:07:32.378292 stat64("/usr/lib/python3.11/site-packages/numpy/lib", {st_mode=S_IFDIR|0755, st_size=0, ...}) = 0 <0.000092>
801   00:07:32.379006 stat64("/usr/lib/python3.11/site-packages/numpy/lib/index_tricks.pyc", {st_mode=S_IFREG|0644, st_size=37694, ...}) = 0 <0.000083>
801   00:07:32.379852 open("/usr/lib/python3.11/site-packages/numpy/lib/index_tricks.pyc", O_RDONLY|O_LARGEFILE|O_CLOEXEC) = 3 <0.000202>
801   00:07:32.380313 fstat64(3, {st_mode=S_IFREG|0644, st_size=37694, ...}) = 0 <0.000059>
801   00:07:32.380636 _llseek(3, 0, [0], SEEK_CUR) = 0 <0.000059>
801   00:07:32.380905 fstat64(3, {st_mode=S_IFREG|0644, st_size=37694, ...}) = 0 <0.000057>
801   00:07:32.381180 read(3, "\247\r\r\n\0\0\0\0z[ycow\0\0\343\0\0\0\0\0\0\0\0\0\0\0\0\5\0\0"..., 37695) = 37694 <0.000159>
801   00:07:32.381570 read(3, "", 1)    = 0 <0.000061>
801   00:07:32.381870 close(3)          = 0 <0.000062>
801   00:07:32.384163 stat64("/usr/lib/python3.11/site-packages/numpy", {st_mode=S_IFDIR|0755, st_size=0, ...}) = 0 <0.000091>
801   00:07:32.384751 stat64("/usr/lib/python3.11/site-packages/numpy/matrixlib/__init__.cpython-311-arm-linux-gnueabihf.so", 0xbe9dbc20) = -1 ENOENT (No such file or directory) <0.000096>
801   00:07:32.385250 stat64("/usr/lib/python3.11/site-packages/numpy/matrixlib/__init__.abi3.so", 0xbe9dbc20) = -1 ENOENT (No such file or directory) <0.000090>
801   00:07:32.385697 stat64("/usr/lib/python3.11/site-packages/numpy/matrixlib/__init__.so", 0xbe9dbc20) = -1 ENOENT (No such file or directory) <0.000085>
801   00:07:32.386127 stat64("/usr/lib/python3.11/site-packages/numpy/matrixlib/__init__.py", 0xbe9dbc20) = -1 ENOENT (No such file or directory) <0.000085>
801   00:07:32.386540 stat64("/usr/lib/python3.11/site-packages/numpy/matrixlib/__init__.pyc", {st_mode=S_IFREG|0644, st_size=459, ...}) = 0 <0.000075>
801   00:07:32.387336 open("/usr/lib/python3.11/site-packages/numpy/matrixlib/__init__.pyc", O_RDONLY|O_LARGEFILE|O_CLOEXEC) = 3 <0.000091>
801   00:07:32.387670 fstat64(3, {st_mode=S_IFREG|0644, st_size=459, ...}) = 0 <0.000057>
801   00:07:32.387978 _llseek(3, 0, [0], SEEK_CUR) = 0 <0.000059>
801   00:07:32.388245 fstat64(3, {st_mode=S_IFREG|0644, st_size=459, ...}) = 0 <0.000055>
801   00:07:32.388511 read(3, "\247\r\r\n\0\0\0\0z[yc\332\0\0\0\343\0\0\0\0\0\0\0\0\0\0\0\0\3\0\0"..., 460) = 459 <0.000071>
801   00:07:32.388789 read(3, "", 1)    = 0 <0.000058>
801   00:07:32.389055 close(3)          = 0 <0.000064>
801   00:07:32.389887 stat64("/usr/lib/python3.11/site-packages/numpy/matrixlib", {st_mode=S_IFDIR|0755, st_size=0, ...}) = 0 <0.000085>
801   00:07:32.390524 stat64("/usr/lib/python3.11/site-packages/numpy/matrixlib", {st_mode=S_IFDIR|0755, st_size=0, ...}) = 0 <0.000078>
801   00:07:32.391075 stat64("/usr/lib/python3.11/site-packages/numpy/matrixlib", {st_mode=S_IFDIR|0755, st_size=0, ...}) = 0 <0.000077>
801   00:07:32.391473 open("/usr/lib/python3.11/site-packages/numpy/matrixlib", O_RDONLY|O_NONBLOCK|O_LARGEFILE|O_CLOEXEC|O_DIRECTORY) = 3 <0.000090>
801   00:07:32.391778 fstat64(3, {st_mode=S_IFDIR|0755, st_size=0, ...}) = 0 <0.000057>
801   00:07:32.392057 getdents64(3, 0x4f6810 /* 7 entries */, 32768) = 224 <0.000082>
801   00:07:32.392397 getdents64(3, 0x4f6810 /* 0 entries */, 32768) = 0 <0.000058>
801   00:07:32.392641 close(3)          = 0 <0.000065>
801   00:07:32.393105 stat64("/usr/lib/python3.11/site-packages/numpy/matrixlib/defmatrix.pyc", {st_mode=S_IFREG|0644, st_size=37605, ...}) = 0 <0.000083>
801   00:07:32.393944 open("/usr/lib/python3.11/site-packages/numpy/matrixlib/defmatrix.pyc", O_RDONLY|O_LARGEFILE|O_CLOEXEC) = 3 <0.000089>
801   00:07:32.394279 fstat64(3, {st_mode=S_IFREG|0644, st_size=37605, ...}) = 0 <0.000057>
801   00:07:32.394589 _llseek(3, 0, [0], SEEK_CUR) = 0 <0.000058>
801   00:07:32.394850 fstat64(3, {st_mode=S_IFREG|0644, st_size=37605, ...}) = 0 <0.000055>
801   00:07:32.395119 read(3, "\247\r\r\n\0\0\0\0z[yc\313w\0\0\343\0\0\0\0\0\0\0\0\0\0\0\0\6\0\0"..., 37606) = 37605 <0.000155>
801   00:07:32.395504 read(3, "", 1)    = 0 <0.000060>
801   00:07:32.395793 close(3)          = 0 <0.000063>
801   00:07:32.398077 stat64("/usr/lib/python3.11/site-packages/numpy", {st_mode=S_IFDIR|0755, st_size=0, ...}) = 0 <0.000089>
801   00:07:32.398659 stat64("/usr/lib/python3.11/site-packages/numpy/linalg/__init__.cpython-311-arm-linux-gnueabihf.so", 0xbe9db440) = -1 ENOENT (No such file or directory) <0.000096>
801   00:07:32.399151 stat64("/usr/lib/python3.11/site-packages/numpy/linalg/__init__.abi3.so", 0xbe9db440) = -1 ENOENT (No such file or directory) <0.000089>
801   00:07:32.399592 stat64("/usr/lib/python3.11/site-packages/numpy/linalg/__init__.so", 0xbe9db440) = -1 ENOENT (No such file or directory) <0.000089>
801   00:07:32.400109 stat64("/usr/lib/python3.11/site-packages/numpy/linalg/__init__.py", 0xbe9db440) = -1 ENOENT (No such file or directory) <0.000090>
801   00:07:32.400555 stat64("/usr/lib/python3.11/site-packages/numpy/linalg/__init__.pyc", {st_mode=S_IFREG|0644, st_size=2103, ...}) = 0 <0.000081>
801   00:07:32.401394 open("/usr/lib/python3.11/site-packages/numpy/linalg/__init__.pyc", O_RDONLY|O_LARGEFILE|O_CLOEXEC) = 3 <0.000092>
801   00:07:32.401738 fstat64(3, {st_mode=S_IFREG|0644, st_size=2103, ...}) = 0 <0.000060>
801   00:07:32.402053 _llseek(3, 0, [0], SEEK_CUR) = 0 <0.000059>
801   00:07:32.402318 fstat64(3, {st_mode=S_IFREG|0644, st_size=2103, ...}) = 0 <0.000057>
801   00:07:32.402589 read(3, "\247\r\r\n\0\0\0\0z[yc\25\7\0\0\343\0\0\0\0\0\0\0\0\0\0\0\0\3\0\0"..., 2104) = 2103 <0.000074>
801   00:07:32.402876 read(3, "", 1)    = 0 <0.000058>
801   00:07:32.403145 close(3)          = 0 <0.000063>
801   00:07:32.404157 stat64("/usr/lib/python3.11/site-packages/numpy/linalg", {st_mode=S_IFDIR|0755, st_size=0, ...}) = 0 <0.000084>
801   00:07:32.404683 stat64("/usr/lib/python3.11/site-packages/numpy/linalg", {st_mode=S_IFDIR|0755, st_size=0, ...}) = 0 <0.000076>
801   00:07:32.405226 stat64("/usr/lib/python3.11/site-packages/numpy/linalg", {st_mode=S_IFDIR|0755, st_size=0, ...}) = 0 <0.000078>
801   00:07:32.405613 open("/usr/lib/python3.11/site-packages/numpy/linalg", O_RDONLY|O_NONBLOCK|O_LARGEFILE|O_CLOEXEC|O_DIRECTORY) = 3 <0.000086>
801   00:07:32.405911 fstat64(3, {st_mode=S_IFDIR|0755, st_size=0, ...}) = 0 <0.000060>
801   00:07:32.406189 getdents64(3, 0x4f6e80 /* 9 entries */, 32768) = 352 <0.000087>
801   00:07:32.406516 getdents64(3, 0x4f6e80 /* 0 entries */, 32768) = 0 <0.000060>
801   00:07:32.406763 close(3)          = 0 <0.000064>
801   00:07:32.407224 stat64("/usr/lib/python3.11/site-packages/numpy/linalg/linalg.pyc", {st_mode=S_IFREG|0644, st_size=105164, ...}) = 0 <0.000079>
801   00:07:32.408023 open("/usr/lib/python3.11/site-packages/numpy/linalg/linalg.pyc", O_RDONLY|O_LARGEFILE|O_CLOEXEC) = 3 <0.000089>
801   00:07:32.408347 fstat64(3, {st_mode=S_IFREG|0644, st_size=105164, ...}) = 0 <0.000057>
801   00:07:32.408653 _llseek(3, 0, [0], SEEK_CUR) = 0 <0.000058>
801   00:07:32.408915 fstat64(3, {st_mode=S_IFREG|0644, st_size=105164, ...}) = 0 <0.000056>
801   00:07:32.409187 read(3, "\247\r\r\n\0\0\0\0z[yc\325^\1\0\343\0\0\0\0\0\0\0\0\0\0\0\0\10\0\0"..., 105165) = 105164 <0.000316>
801   00:07:32.409768 read(3, "", 1)    = 0 <0.000063>
801   00:07:32.410285 close(3)          = 0 <0.000067>
801   00:07:32.414156 stat64("/usr/lib/python3.11/site-packages/numpy/lib", {st_mode=S_IFDIR|0755, st_size=0, ...}) = 0 <0.000096>
801   00:07:32.414854 stat64("/usr/lib/python3.11/site-packages/numpy/lib/twodim_base.pyc", {st_mode=S_IFREG|0644, st_size=38090, ...}) = 0 <0.000083>
801   00:07:32.415734 open("/usr/lib/python3.11/site-packages/numpy/lib/twodim_base.pyc", O_RDONLY|O_LARGEFILE|O_CLOEXEC) = 3 <0.000093>
801   00:07:32.416085 fstat64(3, {st_mode=S_IFREG|0644, st_size=38090, ...}) = 0 <0.000058>
801   00:07:32.416398 _llseek(3, 0, [0], SEEK_CUR) = 0 <0.000061>
801   00:07:32.416666 fstat64(3, {st_mode=S_IFREG|0644, st_size=38090, ...}) = 0 <0.000056>
801   00:07:32.416937 read(3, "\247\r\r\n\0\0\0\0z[yc|{\0\0\343\0\0\0\0\0\0\0\0\0\0\0\0\6\0\0"..., 38091) = 38090 <0.000165>
801   00:07:32.417331 read(3, "", 1)    = 0 <0.000060>
801   00:07:32.417624 close(3)          = 0 <0.000062>
801   00:07:32.420923 stat64("/usr/lib/python3.11/site-packages/numpy/lib", {st_mode=S_IFDIR|0755, st_size=0, ...}) = 0 <0.000093>
801   00:07:32.421594 stat64("/usr/lib/python3.11/site-packages/numpy/lib/stride_tricks.pyc", {st_mode=S_IFREG|0644, st_size=20933, ...}) = 0 <0.000084>
801   00:07:32.422420 open("/usr/lib/python3.11/site-packages/numpy/lib/stride_tricks.pyc", O_RDONLY|O_LARGEFILE|O_CLOEXEC) = 3 <0.000091>
801   00:07:32.422759 fstat64(3, {st_mode=S_IFREG|0644, st_size=20933, ...}) = 0 <0.000057>
801   00:07:32.423068 _llseek(3, 0, [0], SEEK_CUR) = 0 <0.000058>
801   00:07:32.423328 fstat64(3, {st_mode=S_IFREG|0644, st_size=20933, ...}) = 0 <0.000056>
801   00:07:32.423597 read(3, "\247\r\r\n\0\0\0\0z[yc\367E\0\0\343\0\0\0\0\0\0\0\0\0\0\0\0\5\0\0"..., 20934) = 20933 <0.000119>
801   00:07:32.423944 read(3, "", 1)    = 0 <0.000058>
801   00:07:32.424229 close(3)          = 0 <0.000063>
801   00:07:32.431029 stat64("/usr/lib/python3.11/site-packages/numpy/linalg", {st_mode=S_IFDIR|0755, st_size=0, ...}) = 0 <0.000096>
801   00:07:32.431609 stat64("/usr/lib/python3.11/site-packages/numpy/linalg/_umath_linalg.cpython-311-arm-linux-gnueabihf.so", {st_mode=S_IFREG|0755, st_size=2014912, ...}) = 0 <0.000084>
801   00:07:32.432295 open("/usr/lib/python3.11/site-packages/numpy/linalg/_umath_linalg.cpython-311-arm-linux-gnueabihf.so", O_RDONLY|O_CLOEXEC) = 3 <0.000095>
801   00:07:32.432636 read(3, "\177ELF\1\1\1\0\0\0\0\0\0\0\0\0\3\0(\0\1\0\0\0\300\315\0\0004\0\0\0"..., 512) = 512 <0.000071>
801   00:07:32.432919 fstat64(3, {st_mode=S_IFREG|0755, st_size=2014912, ...}) = 0 <0.000057>
801   00:07:32.433206 mmap2(NULL, 2811200, PROT_READ|PROT_EXEC, MAP_PRIVATE|MAP_DENYWRITE, 3, 0) = 0xb5a24000 <0.000112>
801   00:07:32.433510 mprotect(0xb5c0e000, 65536, PROT_NONE) = 0 <0.000099>
801   00:07:32.433785 mmap2(0xb5c1e000, 8192, PROT_READ|PROT_WRITE, MAP_PRIVATE|MAP_FIXED|MAP_DENYWRITE, 3, 0x1ea000) = 0xb5c1e000 <0.000146>
801   00:07:32.434161 mmap2(0xb5c20000, 730432, PROT_READ|PROT_WRITE, MAP_PRIVATE|MAP_FIXED|MAP_ANONYMOUS, -1, 0) = 0xb5c20000 <0.000117>
801   00:07:32.434510 close(3)          = 0 <0.000057>
801   00:07:32.437682 mprotect(0xb5c1e000, 4096, PROT_READ) = 0 <0.000106>
801   00:07:32.448468 stat64("/usr/lib/python3.11/site-packages/numpy/lib", {st_mode=S_IFDIR|0755, st_size=0, ...}) = 0 <0.000093>
801   00:07:32.449159 stat64("/usr/lib/python3.11/site-packages/numpy/lib/function_base.pyc", {st_mode=S_IFREG|0644, st_size=207465, ...}) = 0 <0.000082>
801   00:07:32.449990 open("/usr/lib/python3.11/site-packages/numpy/lib/function_base.pyc", O_RDONLY|O_LARGEFILE|O_CLOEXEC) = 3 <0.000116>
801   00:07:32.450444 fstat64(3, {st_mode=S_IFREG|0644, st_size=207465, ...}) = 0 <0.000058>
801   00:07:32.450770 _llseek(3, 0, [0], SEEK_CUR) = 0 <0.000058>
801   00:07:32.451034 fstat64(3, {st_mode=S_IFREG|0644, st_size=207465, ...}) = 0 <0.000059>
801   00:07:32.451308 mmap2(NULL, 208896, PROT_READ|PROT_WRITE, MAP_PRIVATE|MAP_ANONYMOUS, -1, 0) = 0xb59f1000 <0.000118>
801   00:07:32.451666 read(3, "\247\r\r\n\0\0\0\0z[ycY\313\2\0\343\0\0\0\0\0\0\0\0\0\0\0\0\22\0\0"..., 207466) = 207465 <0.000901>
801   00:07:32.452857 read(3, "", 1)    = 0 <0.000064>
801   00:07:32.453205 close(3)          = 0 <0.000066>
801   00:07:32.455637 mmap2(NULL, 262144, PROT_READ|PROT_WRITE, MAP_PRIVATE|MAP_ANONYMOUS, -1, 0) = 0xb59b1000 <0.000114>
801   00:07:32.459200 munmap(0xb59f1000, 208896) = 0 <0.000226>
801   00:07:32.461114 stat64("/usr/lib/python3.11/site-packages/numpy/lib", {st_mode=S_IFDIR|0755, st_size=0, ...}) = 0 <0.000092>
801   00:07:32.461791 stat64("/usr/lib/python3.11/site-packages/numpy/lib/histograms.pyc", {st_mode=S_IFREG|0644, st_size=43716, ...}) = 0 <0.000081>
801   00:07:32.462630 open("/usr/lib/python3.11/site-packages/numpy/lib/histograms.pyc", O_RDONLY|O_LARGEFILE|O_CLOEXEC) = 3 <0.000093>
801   00:07:32.462975 fstat64(3, {st_mode=S_IFREG|0644, st_size=43716, ...}) = 0 <0.000057>
801   00:07:32.463287 _llseek(3, 0, [0], SEEK_CUR) = 0 <0.000058>
801   00:07:32.463550 fstat64(3, {st_mode=S_IFREG|0644, st_size=43716, ...}) = 0 <0.000059>
801   00:07:32.463823 brk(0x69f000)     = 0x69f000 <0.000083>
801   00:07:32.464108 read(3, "\247\r\r\n\0\0\0\0z[yc\30\235\0\0\343\0\0\0\0\0\0\0\0\0\0\0\0\t\0\0"..., 43717) = 43716 <0.000237>
801   00:07:32.464585 read(3, "", 1)    = 0 <0.000064>
801   00:07:32.464890 close(3)          = 0 <0.000062>
801   00:07:32.490324 stat64("/usr/lib/python3.11/site-packages/numpy/lib", {st_mode=S_IFDIR|0755, st_size=0, ...}) = 0 <0.000095>
801   00:07:32.491042 stat64("/usr/lib/python3.11/site-packages/numpy/lib/nanfunctions.pyc", {st_mode=S_IFREG|0644, st_size=70670, ...}) = 0 <0.000083>
801   00:07:32.491880 open("/usr/lib/python3.11/site-packages/numpy/lib/nanfunctions.pyc", O_RDONLY|O_LARGEFILE|O_CLOEXEC) = 3 <0.000095>
801   00:07:32.492228 fstat64(3, {st_mode=S_IFREG|0644, st_size=70670, ...}) = 0 <0.000058>
801   00:07:32.492570 _llseek(3, 0, [0], SEEK_CUR) = 0 <0.000059>
801   00:07:32.492839 fstat64(3, {st_mode=S_IFREG|0644, st_size=70670, ...}) = 0 <0.000056>
801   00:07:32.493132 read(3, "\247\r\r\n\0\0\0\0z[yc\202\0\1\0\343\0\0\0\0\0\0\0\0\0\0\0\0\7\0\0"..., 70671) = 70670 <0.000346>
801   00:07:32.493724 read(3, "", 1)    = 0 <0.000063>
801   00:07:32.494036 close(3)          = 0 <0.000068>
801   00:07:32.501065 stat64("/usr/lib/python3.11/site-packages/numpy/lib", {st_mode=S_IFDIR|0755, st_size=0, ...}) = 0 <0.000093>
801   00:07:32.501757 stat64("/usr/lib/python3.11/site-packages/numpy/lib/shape_base.pyc", {st_mode=S_IFREG|0644, st_size=45915, ...}) = 0 <0.000079>
801   00:07:32.502629 open("/usr/lib/python3.11/site-packages/numpy/lib/shape_base.pyc", O_RDONLY|O_LARGEFILE|O_CLOEXEC) = 3 <0.000092>
801   00:07:32.502971 fstat64(3, {st_mode=S_IFREG|0644, st_size=45915, ...}) = 0 <0.000058>
801   00:07:32.503285 _llseek(3, 0, [0], SEEK_CUR) = 0 <0.000058>
801   00:07:32.503552 fstat64(3, {st_mode=S_IFREG|0644, st_size=45915, ...}) = 0 <0.000056>
801   00:07:32.503824 read(3, "\247\r\r\n\0\0\0\0z[ycc\231\0\0\343\0\0\0\0\0\0\0\0\0\0\0\0\4\0\0"..., 45916) = 45915 <0.000177>
801   00:07:32.504235 read(3, "", 1)    = 0 <0.000060>
801   00:07:32.504532 close(3)          = 0 <0.000067>
801   00:07:32.512326 stat64("/usr/lib/python3.11/site-packages/numpy/lib", {st_mode=S_IFDIR|0755, st_size=0, ...}) = 0 <0.000093>
801   00:07:32.513013 stat64("/usr/lib/python3.11/site-packages/numpy/lib/polynomial.pyc", {st_mode=S_IFREG|0644, st_size=56261, ...}) = 0 <0.000083>
801   00:07:32.513851 open("/usr/lib/python3.11/site-packages/numpy/lib/polynomial.pyc", O_RDONLY|O_LARGEFILE|O_CLOEXEC) = 3 <0.000094>
801   00:07:32.514201 fstat64(3, {st_mode=S_IFREG|0644, st_size=56261, ...}) = 0 <0.000058>
801   00:07:32.514511 _llseek(3, 0, [0], SEEK_CUR) = 0 <0.000058>
801   00:07:32.514775 fstat64(3, {st_mode=S_IFREG|0644, st_size=56261, ...}) = 0 <0.000056>
801   00:07:32.515048 brk(0x6c7000)     = 0x6c7000 <0.000086>
801   00:07:32.515336 read(3, "\247\r\r\n\0\0\0\0z[yco\254\0\0\343\0\0\0\0\0\0\0\0\0\0\0\0\6\0\0"..., 56262) = 56261 <0.000284>
801   00:07:32.515866 read(3, "", 1)    = 0 <0.000060>
801   00:07:32.516174 close(3)          = 0 <0.000063>
801   00:07:32.524208 stat64("/usr/lib/python3.11/site-packages/numpy/lib", {st_mode=S_IFDIR|0755, st_size=0, ...}) = 0 <0.000098>
801   00:07:32.524903 stat64("/usr/lib/python3.11/site-packages/numpy/lib/utils.pyc", {st_mode=S_IFREG|0644, st_size=41924, ...}) = 0 <0.000082>
801   00:07:32.525736 open("/usr/lib/python3.11/site-packages/numpy/lib/utils.pyc", O_RDONLY|O_LARGEFILE|O_CLOEXEC) = 3 <0.000093>
801   00:07:32.526103 fstat64(3, {st_mode=S_IFREG|0644, st_size=41924, ...}) = 0 <0.000058>
801   00:07:32.526421 _llseek(3, 0, [0], SEEK_CUR) = 0 <0.000061>
801   00:07:32.526686 fstat64(3, {st_mode=S_IFREG|0644, st_size=41924, ...}) = 0 <0.000056>
801   00:07:32.526958 read(3, "\247\r\r\n\0\0\0\0z[yc\313\203\0\0\343\0\0\0\0\0\0\0\0\0\0\0\0\4\0\0"..., 41925) = 41924 <0.000169>
801   00:07:32.527356 read(3, "", 1)    = 0 <0.000061>
801   00:07:32.527649 close(3)          = 0 <0.000062>
801   00:07:32.530295 stat64("/root", {st_mode=S_IFDIR|0700, st_size=0, ...}) = 0 <0.000082>
801   00:07:32.530985 stat64("/usr/lib/python3.11", {st_mode=S_IFDIR|0755, st_size=0, ...}) = 0 <0.000076>
801   00:07:32.531545 stat64("/usr/lib/python3.11/textwrap.pyc", {st_mode=S_IFREG|0644, st_size=19595, ...}) = 0 <0.000077>
801   00:07:32.532341 open("/usr/lib/python3.11/textwrap.pyc", O_RDONLY|O_LARGEFILE|O_CLOEXEC) = 3 <0.000089>
801   00:07:32.532672 fstat64(3, {st_mode=S_IFREG|0644, st_size=19595, ...}) = 0 <0.000057>
801   00:07:32.532983 _llseek(3, 0, [0], SEEK_CUR) = 0 <0.000058>
801   00:07:32.533245 fstat64(3, {st_mode=S_IFREG|0644, st_size=19595, ...}) = 0 <0.000056>
801   00:07:32.533518 read(3, "\247\r\r\n\0\0\0\0a&\325i\6M\0\0\343\0\0\0\0\0\0\0\0\0\0\0\0\5\0\0"..., 19596) = 19595 <0.000112>
801   00:07:32.533853 read(3, "", 1)    = 0 <0.000062>
801   00:07:32.534133 close(3)          = 0 <0.000061>
801   00:07:32.534757 mmap2(NULL, 262144, PROT_READ|PROT_WRITE, MAP_PRIVATE|MAP_ANONYMOUS, -1, 0) = 0xb5971000 <0.000106>
801   00:07:32.552263 brk(0x6eb000)     = 0x6eb000 <0.000098>
801   00:07:32.557100 stat64("/usr/lib/python3.11/site-packages/numpy/lib", {st_mode=S_IFDIR|0755, st_size=0, ...}) = 0 <0.000092>
801   00:07:32.557789 stat64("/usr/lib/python3.11/site-packages/numpy/lib/arraysetops.pyc", {st_mode=S_IFREG|0644, st_size=30512, ...}) = 0 <0.000085>
801   00:07:32.558631 open("/usr/lib/python3.11/site-packages/numpy/lib/arraysetops.pyc", O_RDONLY|O_LARGEFILE|O_CLOEXEC) = 3 <0.000092>
801   00:07:32.558975 fstat64(3, {st_mode=S_IFREG|0644, st_size=30512, ...}) = 0 <0.000061>
801   00:07:32.559291 _llseek(3, 0, [0], SEEK_CUR) = 0 <0.000058>
801   00:07:32.559556 fstat64(3, {st_mode=S_IFREG|0644, st_size=30512, ...}) = 0 <0.000056>
801   00:07:32.559826 read(3, "\247\r\r\n\0\0\0\0z[ycqh\0\0\343\0\0\0\0\0\0\0\0\0\0\0\0\4\0\0"..., 30513) = 30512 <0.000246>
801   00:07:32.560307 read(3, "", 1)    = 0 <0.000062>
801   00:07:32.560607 close(3)          = 0 <0.000063>
801   00:07:32.564748 stat64("/usr/lib/python3.11/site-packages/numpy/lib", {st_mode=S_IFDIR|0755, st_size=0, ...}) = 0 <0.000089>
801   00:07:32.565412 stat64("/usr/lib/python3.11/site-packages/numpy/lib/npyio.pyc", {st_mode=S_IFREG|0644, st_size=104583, ...}) = 0 <0.000082>
801   00:07:32.566234 open("/usr/lib/python3.11/site-packages/numpy/lib/npyio.pyc", O_RDONLY|O_LARGEFILE|O_CLOEXEC) = 3 <0.000092>
801   00:07:32.566566 fstat64(3, {st_mode=S_IFREG|0644, st_size=104583, ...}) = 0 <0.000057>
801   00:07:32.566902 _llseek(3, 0, [0], SEEK_CUR) = 0 <0.000058>
801   00:07:32.567173 fstat64(3, {st_mode=S_IFREG|0644, st_size=104583, ...}) = 0 <0.000056>
801   00:07:32.567446 read(3, "\247\r\r\n\0\0\0\0z[yc\301y\1\0\343\0\0\0\0\0\0\0\0\0\0\0\0\30\0\0"..., 104584) = 104583 <0.000320>
801   00:07:32.568025 read(3, "", 1)    = 0 <0.000063>
801   00:07:32.568351 close(3)          = 0 <0.000068>
801   00:07:32.572646 stat64("/usr/lib/python3.11/site-packages/numpy/lib", {st_mode=S_IFDIR|0755, st_size=0, ...}) = 0 <0.000097>
801   00:07:32.573350 stat64("/usr/lib/python3.11/site-packages/numpy/lib/format.pyc", {st_mode=S_IFREG|0644, st_size=36372, ...}) = 0 <0.000081>
801   00:07:32.574185 open("/usr/lib/python3.11/site-packages/numpy/lib/format.pyc", O_RDONLY|O_LARGEFILE|O_CLOEXEC) = 3 <0.000092>
801   00:07:32.574530 fstat64(3, {st_mode=S_IFREG|0644, st_size=36372, ...}) = 0 <0.000057>
801   00:07:32.574842 _llseek(3, 0, [0], SEEK_CUR) = 0 <0.000057>
801   00:07:32.575130 fstat64(3, {st_mode=S_IFREG|0644, st_size=36372, ...}) = 0 <0.000057>
801   00:07:32.575413 read(3, "\247\r\r\n\0\0\0\0z[yc\265\203\0\0\343\0\0\0\0\0\0\0\0\0\0\0\0\4\0\0"..., 36373) = 36372 <0.000165>
801   00:07:32.575804 read(3, "", 1)    = 0 <0.000064>
801   00:07:32.576105 close(3)          = 0 <0.000064>
801   00:07:32.579406 stat64("/usr/lib/python3.11/site-packages/numpy/lib", {st_mode=S_IFDIR|0755, st_size=0, ...}) = 0 <0.000092>
801   00:07:32.580300 stat64("/usr/lib/python3.11/site-packages/numpy/lib/_datasource.pyc", {st_mode=S_IFREG|0644, st_size=26954, ...}) = 0 <0.005948>
801   00:07:32.587170 open("/usr/lib/python3.11/site-packages/numpy/lib/_datasource.pyc", O_RDONLY|O_LARGEFILE|O_CLOEXEC) = 3 <0.000100>
801   00:07:32.587561 fstat64(3, {st_mode=S_IFREG|0644, st_size=26954, ...}) = 0 <0.000059>
801   00:07:32.587887 _llseek(3, 0, [0], SEEK_CUR) = 0 <0.000059>
801   00:07:32.588157 fstat64(3, {st_mode=S_IFREG|0644, st_size=26954, ...}) = 0 <0.000057>
801   00:07:32.588434 read(3, "\247\r\r\n\0\0\0\0z[ycsX\0\0\343\0\0\0\0\0\0\0\0\0\0\0\0\5\0\0"..., 26955) = 26954 <0.000136>
801   00:07:32.588797 read(3, "", 1)    = 0 <0.000060>
801   00:07:32.589090 close(3)          = 0 <0.000063>
801   00:07:32.592240 stat64("/usr/lib/python3.11/site-packages/numpy/lib", {st_mode=S_IFDIR|0755, st_size=0, ...}) = 0 <0.000091>
801   00:07:32.592919 stat64("/usr/lib/python3.11/site-packages/numpy/lib/_iotools.pyc", {st_mode=S_IFREG|0644, st_size=37727, ...}) = 0 <0.000082>
801   00:07:32.593750 open("/usr/lib/python3.11/site-packages/numpy/lib/_iotools.pyc", O_RDONLY|O_LARGEFILE|O_CLOEXEC) = 3 <0.000092>
801   00:07:32.594087 fstat64(3, {st_mode=S_IFREG|0644, st_size=37727, ...}) = 0 <0.000058>
801   00:07:32.594398 _llseek(3, 0, [0], SEEK_CUR) = 0 <0.000058>
801   00:07:32.594662 fstat64(3, {st_mode=S_IFREG|0644, st_size=37727, ...}) = 0 <0.000059>
801   00:07:32.594937 read(3, "\247\r\r\n\0\0\0\0z[yc\231x\0\0\343\0\0\0\0\0\0\0\0\0\0\0\0\5\0\0"..., 37728) = 37727 <0.000165>
801   00:07:32.595329 read(3, "", 1)    = 0 <0.000061>
801   00:07:32.595617 close(3)          = 0 <0.000065>
801   00:07:32.605632 stat64("/usr/lib/python3.11/site-packages/numpy/lib", {st_mode=S_IFDIR|0755, st_size=0, ...}) = 0 <0.000094>
801   00:07:32.606339 stat64("/usr/lib/python3.11/site-packages/numpy/lib/arrayterator.pyc", {st_mode=S_IFREG|0644, st_size=10313, ...}) = 0 <0.000082>
801   00:07:32.607176 open("/usr/lib/python3.11/site-packages/numpy/lib/arrayterator.pyc", O_RDONLY|O_LARGEFILE|O_CLOEXEC) = 3 <0.000094>
801   00:07:32.607519 fstat64(3, {st_mode=S_IFREG|0644, st_size=10313, ...}) = 0 <0.000057>
801   00:07:32.607831 _llseek(3, 0, [0], SEEK_CUR) = 0 <0.000058>
801   00:07:32.608095 fstat64(3, {st_mode=S_IFREG|0644, st_size=10313, ...}) = 0 <0.000057>
801   00:07:32.608372 read(3, "\247\r\r\n\0\0\0\0z[yc\227\33\0\0\343\0\0\0\0\0\0\0\0\0\0\0\0\4\0\0"..., 10314) = 10313 <0.000093>
801   00:07:32.608678 read(3, "", 1)    = 0 <0.000058>
801   00:07:32.608950 close(3)          = 0 <0.000063>
801   00:07:32.610839 stat64("/usr/lib/python3.11/site-packages/numpy/lib", {st_mode=S_IFDIR|0755, st_size=0, ...}) = 0 <0.000088>
801   00:07:32.611482 stat64("/usr/lib/python3.11/site-packages/numpy/lib/arraypad.pyc", {st_mode=S_IFREG|0644, st_size=30306, ...}) = 0 <0.000083>
801   00:07:32.612301 open("/usr/lib/python3.11/site-packages/numpy/lib/arraypad.pyc", O_RDONLY|O_LARGEFILE|O_CLOEXEC) = 3 <0.000094>
801   00:07:32.612646 fstat64(3, {st_mode=S_IFREG|0644, st_size=30306, ...}) = 0 <0.000057>
801   00:07:32.612952 _llseek(3, 0, [0], SEEK_CUR) = 0 <0.000057>
801   00:07:32.613214 fstat64(3, {st_mode=S_IFREG|0644, st_size=30306, ...}) = 0 <0.000056>
801   00:07:32.613508 read(3, "\247\r\r\n\0\0\0\0z[yc\372y\0\0\343\0\0\0\0\0\0\0\0\0\0\0\0\4\0\0"..., 30307) = 30306 <0.000172>
801   00:07:32.613908 read(3, "", 1)    = 0 <0.000059>
801   00:07:32.614191 close(3)          = 0 <0.000062>
801   00:07:32.616664 stat64("/usr/lib/python3.11/site-packages/numpy/lib", {st_mode=S_IFDIR|0755, st_size=0, ...}) = 0 <0.000093>
801   00:07:32.617321 stat64("/usr/lib/python3.11/site-packages/numpy/lib/_version.pyc", {st_mode=S_IFREG|0644, st_size=7089, ...}) = 0 <0.000083>
801   00:07:32.618178 open("/usr/lib/python3.11/site-packages/numpy/lib/_version.pyc", O_RDONLY|O_LARGEFILE|O_CLOEXEC) = 3 <0.000092>
801   00:07:32.618516 fstat64(3, {st_mode=S_IFREG|0644, st_size=7089, ...}) = 0 <0.000058>
801   00:07:32.618825 _llseek(3, 0, [0], SEEK_CUR) = 0 <0.000061>
801   00:07:32.619091 fstat64(3, {st_mode=S_IFREG|0644, st_size=7089, ...}) = 0 <0.000055>
801   00:07:32.619363 read(3, "\247\r\r\n\0\0\0\0z[yc\367\22\0\0\343\0\0\0\0\0\0\0\0\0\0\0\0\4\0\0"..., 7090) = 7089 <0.000086>
801   00:07:32.619662 read(3, "", 1)    = 0 <0.000059>
801   00:07:32.619936 close(3)          = 0 <0.000066>
801   00:07:32.623076 stat64("/usr/lib/python3.11/site-packages/numpy", {st_mode=S_IFDIR|0755, st_size=0, ...}) = 0 <0.000088>
801   00:07:32.623636 stat64("/usr/lib/python3.11/site-packages/numpy/fft/__init__.cpython-311-arm-linux-gnueabihf.so", 0xbe9dc400) = -1 ENOENT (No such file or directory) <0.000097>
801   00:07:32.624135 stat64("/usr/lib/python3.11/site-packages/numpy/fft/__init__.abi3.so", 0xbe9dc400) = -1 ENOENT (No such file or directory) <0.000088>
801   00:07:32.624588 stat64("/usr/lib/python3.11/site-packages/numpy/fft/__init__.so", 0xbe9dc400) = -1 ENOENT (No such file or directory) <0.000086>
801   00:07:32.625014 stat64("/usr/lib/python3.11/site-packages/numpy/fft/__init__.py", 0xbe9dc400) = -1 ENOENT (No such file or directory) <0.000088>
801   00:07:32.625434 stat64("/usr/lib/python3.11/site-packages/numpy/fft/__init__.pyc", {st_mode=S_IFREG|0644, st_size=8449, ...}) = 0 <0.000078>
801   00:07:32.626236 open("/usr/lib/python3.11/site-packages/numpy/fft/__init__.pyc", O_RDONLY|O_LARGEFILE|O_CLOEXEC) = 3 <0.000091>
801   00:07:32.626575 fstat64(3, {st_mode=S_IFREG|0644, st_size=8449, ...}) = 0 <0.000058>
801   00:07:32.626886 _llseek(3, 0, [0], SEEK_CUR) = 0 <0.000058>
801   00:07:32.627149 fstat64(3, {st_mode=S_IFREG|0644, st_size=8449, ...}) = 0 <0.000059>
801   00:07:32.627421 read(3, "\247\r\r\n\0\0\0\0z[yc\357\37\0\0\343\0\0\0\0\0\0\0\0\0\0\0\0\3\0\0"..., 8450) = 8449 <0.000092>
801   00:07:32.627724 read(3, "", 1)    = 0 <0.000058>
801   00:07:32.627994 close(3)          = 0 <0.000061>
801   00:07:32.629084 stat64("/usr/lib/python3.11/site-packages/numpy/fft", {st_mode=S_IFDIR|0755, st_size=0, ...}) = 0 <0.000087>
801   00:07:32.629620 stat64("/usr/lib/python3.11/site-packages/numpy/fft", {st_mode=S_IFDIR|0755, st_size=0, ...}) = 0 <0.000078>
801   00:07:32.630354 stat64("/usr/lib/python3.11/site-packages/numpy/fft", {st_mode=S_IFDIR|0755, st_size=0, ...}) = 0 <0.000084>
801   00:07:32.630778 open("/usr/lib/python3.11/site-packages/numpy/fft", O_RDONLY|O_NONBLOCK|O_LARGEFILE|O_CLOEXEC|O_DIRECTORY) = 3 <0.000088>
801   00:07:32.631086 fstat64(3, {st_mode=S_IFDIR|0755, st_size=0, ...}) = 0 <0.000056>
801   00:07:32.631381 getdents64(3, 0x6db5f0 /* 10 entries */, 32768) = 368 <0.000093>
801   00:07:32.631722 getdents64(3, 0x6db5f0 /* 0 entries */, 32768) = 0 <0.000059>
801   00:07:32.631970 close(3)          = 0 <0.000063>
801   00:07:32.632436 stat64("/usr/lib/python3.11/site-packages/numpy/fft/_pocketfft.pyc", {st_mode=S_IFREG|0644, st_size=57040, ...}) = 0 <0.000082>
801   00:07:32.633241 open("/usr/lib/python3.11/site-packages/numpy/fft/_pocketfft.pyc", O_RDONLY|O_LARGEFILE|O_CLOEXEC) = 3 <0.000089>
801   00:07:32.633574 fstat64(3, {st_mode=S_IFREG|0644, st_size=57040, ...}) = 0 <0.000058>
801   00:07:32.633885 _llseek(3, 0, [0], SEEK_CUR) = 0 <0.000058>
801   00:07:32.634148 fstat64(3, {st_mode=S_IFREG|0644, st_size=57040, ...}) = 0 <0.000056>
801   00:07:32.634439 read(3, "\247\r\r\n\0\0\0\0z[yc\241\316\0\0\343\0\0\0\0\0\0\0\0\0\0\0\0\5\0\0"..., 57041) = 57040 <0.000255>
801   00:07:32.634937 read(3, "", 1)    = 0 <0.000061>
801   00:07:32.635235 close(3)          = 0 <0.000062>
801   00:07:32.635983 brk(0x70c000)     = 0x70c000 <0.000093>
801   00:07:32.637609 stat64("/usr/lib/python3.11/site-packages/numpy/fft", {st_mode=S_IFDIR|0755, st_size=0, ...}) = 0 <0.000093>
801   00:07:32.638200 stat64("/usr/lib/python3.11/site-packages/numpy/fft/_pocketfft_internal.cpython-311-arm-linux-gnueabihf.so", {st_mode=S_IFREG|0755, st_size=50416, ...}) = 0 <0.000084>
801   00:07:32.638890 open("/usr/lib/python3.11/site-packages/numpy/fft/_pocketfft_internal.cpython-311-arm-linux-gnueabihf.so", O_RDONLY|O_CLOEXEC) = 3 <0.000095>
801   00:07:32.639233 read(3, "\177ELF\1\1\1\0\0\0\0\0\0\0\0\0\3\0(\0\1\0\0\0\10\n\0\0004\0\0\0"..., 512) = 512 <0.000070>
801   00:07:32.639518 fstat64(3, {st_mode=S_IFREG|0755, st_size=50416, ...}) = 0 <0.000057>
801   00:07:32.639811 mmap2(NULL, 114784, PROT_READ|PROT_EXEC, MAP_PRIVATE|MAP_DENYWRITE, 3, 0) = 0xb5a07000 <0.000258>
801   00:07:32.640274 mprotect(0xb5a13000, 61440, PROT_NONE) = 0 <0.000102>
801   00:07:32.640560 mmap2(0xb5a22000, 8192, PROT_READ|PROT_WRITE, MAP_PRIVATE|MAP_FIXED|MAP_DENYWRITE, 3, 0xb000) = 0xb5a22000 <0.000131>
801   00:07:32.640951 close(3)          = 0 <0.000059>
801   00:07:32.641433 mprotect(0xb5a22000, 4096, PROT_READ) = 0 <0.000093>
801   00:07:32.646843 stat64("/usr/lib/python3.11/site-packages/numpy/fft", {st_mode=S_IFDIR|0755, st_size=0, ...}) = 0 <0.000090>
801   00:07:32.647501 stat64("/usr/lib/python3.11/site-packages/numpy/fft/helper.pyc", {st_mode=S_IFREG|0644, st_size=8405, ...}) = 0 <0.000080>
801   00:07:32.648318 open("/usr/lib/python3.11/site-packages/numpy/fft/helper.pyc", O_RDONLY|O_LARGEFILE|O_CLOEXEC) = 3 <0.000088>
801   00:07:32.648649 fstat64(3, {st_mode=S_IFREG|0644, st_size=8405, ...}) = 0 <0.000057>
801   00:07:32.648957 _llseek(3, 0, [0], SEEK_CUR) = 0 <0.000059>
801   00:07:32.649222 fstat64(3, {st_mode=S_IFREG|0644, st_size=8405, ...}) = 0 <0.000060>
801   00:07:32.649497 read(3, "\247\r\r\n\0\0\0\0z[yc\n\30\0\0\343\0\0\0\0\0\0\0\0\0\0\0\0\4\0\0"..., 8406) = 8405 <0.000087>
801   00:07:32.649795 read(3, "", 1)    = 0 <0.000058>
801   00:07:32.650218 close(3)          = 0 <0.000067>
801   00:07:32.652803 stat64("/usr/lib/python3.11/site-packages/numpy", {st_mode=S_IFDIR|0755, st_size=0, ...}) = 0 <0.000090>
801   00:07:32.653362 stat64("/usr/lib/python3.11/site-packages/numpy/polynomial/__init__.cpython-311-arm-linux-gnueabihf.so", 0xbe9dc400) = -1 ENOENT (No such file or directory) <0.000099>
801   00:07:32.653859 stat64("/usr/lib/python3.11/site-packages/numpy/polynomial/__init__.abi3.so", 0xbe9dc400) = -1 ENOENT (No such file or directory) <0.000089>
801   00:07:32.654302 stat64("/usr/lib/python3.11/site-packages/numpy/polynomial/__init__.so", 0xbe9dc400) = -1 ENOENT (No such file or directory) <0.000090>
801   00:07:32.654733 stat64("/usr/lib/python3.11/site-packages/numpy/polynomial/__init__.py", 0xbe9dc400) = -1 ENOENT (No such file or directory) <0.000086>
801   00:07:32.655147 stat64("/usr/lib/python3.11/site-packages/numpy/polynomial/__init__.pyc", {st_mode=S_IFREG|0644, st_size=7176, ...}) = 0 <0.000076>
801   00:07:32.655939 open("/usr/lib/python3.11/site-packages/numpy/polynomial/__init__.pyc", O_RDONLY|O_LARGEFILE|O_CLOEXEC) = 3 <0.000091>
801   00:07:32.656273 fstat64(3, {st_mode=S_IFREG|0644, st_size=7176, ...}) = 0 <0.000058>
801   00:07:32.656585 _llseek(3, 0, [0], SEEK_CUR) = 0 <0.000057>
801   00:07:32.656847 fstat64(3, {st_mode=S_IFREG|0644, st_size=7176, ...}) = 0 <0.000055>
801   00:07:32.657119 read(3, "\247\r\r\n\0\0\0\0z[yc\204\32\0\0\343\0\0\0\0\0\0\0\0\0\0\0\0\3\0\0"..., 7177) = 7176 <0.000085>
801   00:07:32.657414 read(3, "", 1)    = 0 <0.000058>
801   00:07:32.657689 close(3)          = 0 <0.000061>
801   00:07:32.658710 stat64("/usr/lib/python3.11/site-packages/numpy/polynomial", {st_mode=S_IFDIR|0755, st_size=0, ...}) = 0 <0.000085>
801   00:07:32.659246 stat64("/usr/lib/python3.11/site-packages/numpy/polynomial", {st_mode=S_IFDIR|0755, st_size=0, ...}) = 0 <0.000078>
801   00:07:32.659814 stat64("/usr/lib/python3.11/site-packages/numpy/polynomial", {st_mode=S_IFDIR|0755, st_size=0, ...}) = 0 <0.000212>
801   00:07:32.660370 open("/usr/lib/python3.11/site-packages/numpy/polynomial", O_RDONLY|O_NONBLOCK|O_LARGEFILE|O_CLOEXEC|O_DIRECTORY) = 3 <0.000090>
801   00:07:32.660688 fstat64(3, {st_mode=S_IFDIR|0755, st_size=0, ...}) = 0 <0.000063>
801   00:07:32.661004 getdents64(3, 0x6e0878 /* 21 entries */, 32768) = 736 <0.000113>
801   00:07:32.661387 getdents64(3, 0x6e0878 /* 0 entries */, 32768) = 0 <0.000059>
801   00:07:32.661635 close(3)          = 0 <0.000063>
801   00:07:32.662122 stat64("/usr/lib/python3.11/site-packages/numpy/polynomial/polynomial.pyc", {st_mode=S_IFREG|0644, st_size=55967, ...}) = 0 <0.000080>
801   00:07:32.662936 open("/usr/lib/python3.11/site-packages/numpy/polynomial/polynomial.pyc", O_RDONLY|O_LARGEFILE|O_CLOEXEC) = 3 <0.000090>
801   00:07:32.663271 fstat64(3, {st_mode=S_IFREG|0644, st_size=55967, ...}) = 0 <0.000057>
801   00:07:32.663582 _llseek(3, 0, [0], SEEK_CUR) = 0 <0.000059>
801   00:07:32.663848 fstat64(3, {st_mode=S_IFREG|0644, st_size=55967, ...}) = 0 <0.000059>
801   00:07:32.664145 read(3, "\247\r\r\n\0\0\0\0z[yc2\276\0\0\343\0\0\0\0\0\0\0\0\0\0\0\0\5\0\0"..., 55968) = 55967 <0.000282>
801   00:07:32.664667 read(3, "", 1)    = 0 <0.000061>
801   00:07:32.664971 close(3)          = 0 <0.000062>
801   00:07:32.666783 mmap2(NULL, 262144, PROT_READ|PROT_WRITE, MAP_PRIVATE|MAP_ANONYMOUS, -1, 0) = 0xb5931000 <0.000109>
801   00:07:32.668825 stat64("/usr/lib/python3.11/site-packages/numpy/polynomial", {st_mode=S_IFDIR|0755, st_size=0, ...}) = 0 <0.000090>
801   00:07:32.669488 stat64("/usr/lib/python3.11/site-packages/numpy/polynomial/polyutils.pyc", {st_mode=S_IFREG|0644, st_size=31217, ...}) = 0 <0.000083>
801   00:07:32.670494 open("/usr/lib/python3.11/site-packages/numpy/polynomial/polyutils.pyc", O_RDONLY|O_LARGEFILE|O_CLOEXEC) = 3 <0.000093>
801   00:07:32.670848 fstat64(3, {st_mode=S_IFREG|0644, st_size=31217, ...}) = 0 <0.000058>
801   00:07:32.671160 _llseek(3, 0, [0], SEEK_CUR) = 0 <0.000062>
801   00:07:32.671428 fstat64(3, {st_mode=S_IFREG|0644, st_size=31217, ...}) = 0 <0.000056>
801   00:07:32.671701 read(3, "\247\r\r\n\0\0\0\0z[ycYV\0\0\343\0\0\0\0\0\0\0\0\0\0\0\0\5\0\0"..., 31218) = 31217 <0.000140>
801   00:07:32.672067 read(3, "", 1)    = 0 <0.000060>
801   00:07:32.672355 close(3)          = 0 <0.000062>
801   00:07:32.674902 stat64("/usr/lib/python3.11/site-packages/numpy/polynomial", {st_mode=S_IFDIR|0755, st_size=0, ...}) = 0 <0.000089>
801   00:07:32.675562 stat64("/usr/lib/python3.11/site-packages/numpy/polynomial/_polybase.pyc", {st_mode=S_IFREG|0644, st_size=46915, ...}) = 0 <0.000081>
801   00:07:32.676385 open("/usr/lib/python3.11/site-packages/numpy/polynomial/_polybase.pyc", O_RDONLY|O_LARGEFILE|O_CLOEXEC) = 3 <0.000094>
801   00:07:32.676724 fstat64(3, {st_mode=S_IFREG|0644, st_size=46915, ...}) = 0 <0.000057>
801   00:07:32.677033 _llseek(3, 0, [0], SEEK_CUR) = 0 <0.000058>
801   00:07:32.677296 fstat64(3, {st_mode=S_IFREG|0644, st_size=46915, ...}) = 0 <0.000056>
801   00:07:32.677571 brk(0x72d000)     = 0x72d000 <0.000084>
801   00:07:32.677857 read(3, "\247\r\r\n\0\0\0\0z[yc\205\216\0\0\343\0\0\0\0\0\0\0\0\0\0\0\0\5\0\0"..., 46916) = 46915 <0.000265>
801   00:07:32.678364 read(3, "", 1)    = 0 <0.000060>
801   00:07:32.678666 close(3)          = 0 <0.000063>
801   00:07:32.684336 stat64("/usr/lib/python3.11/site-packages/numpy/polynomial", {st_mode=S_IFDIR|0755, st_size=0, ...}) = 0 <0.000093>
801   00:07:32.685028 stat64("/usr/lib/python3.11/site-packages/numpy/polynomial/chebyshev.pyc", {st_mode=S_IFREG|0644, st_size=74263, ...}) = 0 <0.000084>
801   00:07:32.685871 open("/usr/lib/python3.11/site-packages/numpy/polynomial/chebyshev.pyc", O_RDONLY|O_LARGEFILE|O_CLOEXEC) = 3 <0.000094>
801   00:07:32.686210 fstat64(3, {st_mode=S_IFREG|0644, st_size=74263, ...}) = 0 <0.000058>
801   00:07:32.686520 _llseek(3, 0, [0], SEEK_CUR) = 0 <0.000058>
801   00:07:32.686781 fstat64(3, {st_mode=S_IFREG|0644, st_size=74263, ...}) = 0 <0.000055>
801   00:07:32.687077 read(3, "\247\r\r\n\0\0\0\0z[yc\32\364\0\0\343\0\0\0\0\0\0\0\0\0\0\0\0\5\0\0"..., 74264) = 74263 <0.000304>
801   00:07:32.687629 read(3, "", 1)    = 0 <0.000064>
801   00:07:32.687939 close(3)          = 0 <0.000067>
801   00:07:32.693073 stat64("/usr/lib/python3.11/site-packages/numpy/polynomial", {st_mode=S_IFDIR|0755, st_size=0, ...}) = 0 <0.000097>
801   00:07:32.693796 stat64("/usr/lib/python3.11/site-packages/numpy/polynomial/legendre.pyc", {st_mode=S_IFREG|0644, st_size=60151, ...}) = 0 <0.000084>
801   00:07:32.694651 open("/usr/lib/python3.11/site-packages/numpy/polynomial/legendre.pyc", O_RDONLY|O_LARGEFILE|O_CLOEXEC) = 3 <0.000093>
801   00:07:32.694998 fstat64(3, {st_mode=S_IFREG|0644, st_size=60151, ...}) = 0 <0.000058>
801   00:07:32.695311 _llseek(3, 0, [0], SEEK_CUR) = 0 <0.000061>
801   00:07:32.695577 fstat64(3, {st_mode=S_IFREG|0644, st_size=60151, ...}) = 0 <0.000055>
801   00:07:32.695848 read(3, "\247\r\r\n\0\0\0\0z[ycJ\310\0\0\343\0\0\0\0\0\0\0\0\0\0\0\0\5\0\0"..., 60152) = 60151 <0.000214>
801   00:07:32.696302 read(3, "", 1)    = 0 <0.000065>
801   00:07:32.696611 close(3)          = 0 <0.000064>
801   00:07:32.700371 stat64("/usr/lib/python3.11/site-packages/numpy/polynomial", {st_mode=S_IFDIR|0755, st_size=0, ...}) = 0 <0.000095>
801   00:07:32.701055 stat64("/usr/lib/python3.11/site-packages/numpy/polynomial/hermite.pyc", {st_mode=S_IFREG|0644, st_size=61809, ...}) = 0 <0.000083>
801   00:07:32.701901 open("/usr/lib/python3.11/site-packages/numpy/polynomial/hermite.pyc", O_RDONLY|O_LARGEFILE|O_CLOEXEC) = 3 <0.000092>
801   00:07:32.702249 fstat64(3, {st_mode=S_IFREG|0644, st_size=61809, ...}) = 0 <0.000058>
801   00:07:32.702562 _llseek(3, 0, [0], SEEK_CUR) = 0 <0.000058>
801   00:07:32.702830 fstat64(3, {st_mode=S_IFREG|0644, st_size=61809, ...}) = 0 <0.000057>
801   00:07:32.703100 brk(0x756000)     = 0x756000 <0.000085>
801   00:07:32.703387 read(3, "\247\r\r\n\0\0\0\0z[yc\16\314\0\0\343\0\0\0\0\0\0\0\0\0\0\0\0\5\0\0"..., 61810) = 61809 <0.000319>
801   00:07:32.703952 read(3, "", 1)    = 0 <0.000061>
801   00:07:32.704256 close(3)          = 0 <0.000063>
801   00:07:32.707789 stat64("/usr/lib/python3.11/site-packages/numpy/polynomial", {st_mode=S_IFDIR|0755, st_size=0, ...}) = 0 <0.000096>
801   00:07:32.708467 stat64("/usr/lib/python3.11/site-packages/numpy/polynomial/hermite_e.pyc", {st_mode=S_IFREG|0644, st_size=61573, ...}) = 0 <0.000083>
801   00:07:32.709303 open("/usr/lib/python3.11/site-packages/numpy/polynomial/hermite_e.pyc", O_RDONLY|O_LARGEFILE|O_CLOEXEC) = 3 <0.000091>
801   00:07:32.709640 fstat64(3, {st_mode=S_IFREG|0644, st_size=61573, ...}) = 0 <0.000058>
801   00:07:32.709952 _llseek(3, 0, [0], SEEK_CUR) = 0 <0.000081>
801   00:07:32.710326 fstat64(3, {st_mode=S_IFREG|0644, st_size=61573, ...}) = 0 <0.000058>
801   00:07:32.710611 read(3, "\247\r\r\n\0\0\0\0z[yc\216\314\0\0\343\0\0\0\0\0\0\0\0\0\0\0\0\5\0\0"..., 61574) = 61573 <0.000218>
801   00:07:32.711072 read(3, "", 1)    = 0 <0.000064>
801   00:07:32.711379 close(3)          = 0 <0.000063>
801   00:07:32.715136 stat64("/usr/lib/python3.11/site-packages/numpy/polynomial", {st_mode=S_IFDIR|0755, st_size=0, ...}) = 0 <0.000098>
801   00:07:32.715824 stat64("/usr/lib/python3.11/site-packages/numpy/polynomial/laguerre.pyc", {st_mode=S_IFREG|0644, st_size=59500, ...}) = 0 <0.000080>
801   00:07:32.716664 open("/usr/lib/python3.11/site-packages/numpy/polynomial/laguerre.pyc", O_RDONLY|O_LARGEFILE|O_CLOEXEC) = 3 <0.000094>
801   00:07:32.717013 fstat64(3, {st_mode=S_IFREG|0644, st_size=59500, ...}) = 0 <0.000057>
801   00:07:32.717327 _llseek(3, 0, [0], SEEK_CUR) = 0 <0.000060>
801   00:07:32.717594 fstat64(3, {st_mode=S_IFREG|0644, st_size=59500, ...}) = 0 <0.000056>
801   00:07:32.717866 read(3, "\247\r\r\n\0\0\0\0z[yc\210\305\0\0\343\0\0\0\0\0\0\0\0\0\0\0\0\5\0\0"..., 59501) = 59500 <0.000209>
801   00:07:32.718318 read(3, "", 1)    = 0 <0.000066>
801   00:07:32.718623 close(3)          = 0 <0.000063>
801   00:07:32.722785 stat64("/usr/lib/python3.11/site-packages/numpy", {st_mode=S_IFDIR|0755, st_size=0, ...}) = 0 <0.000090>
801   00:07:32.723364 stat64("/usr/lib/python3.11/site-packages/numpy/random/__init__.cpython-311-arm-linux-gnueabihf.so", 0xbe9dc400) = -1 ENOENT (No such file or directory) <0.000096>
801   00:07:32.723863 stat64("/usr/lib/python3.11/site-packages/numpy/random/__init__.abi3.so", 0xbe9dc400) = -1 ENOENT (No such file or directory) <0.000091>
801   00:07:32.724345 stat64("/usr/lib/python3.11/site-packages/numpy/random/__init__.so", 0xbe9dc400) = -1 ENOENT (No such file or directory) <0.000087>
801   00:07:32.724779 stat64("/usr/lib/python3.11/site-packages/numpy/random/__init__.py", 0xbe9dc400) = -1 ENOENT (No such file or directory) <0.000085>
801   00:07:32.725199 stat64("/usr/lib/python3.11/site-packages/numpy/random/__init__.pyc", {st_mode=S_IFREG|0644, st_size=7738, ...}) = 0 <0.000077>
801   00:07:32.726006 open("/usr/lib/python3.11/site-packages/numpy/random/__init__.pyc", O_RDONLY|O_LARGEFILE|O_CLOEXEC) = 3 <0.000091>
801   00:07:32.726341 fstat64(3, {st_mode=S_IFREG|0644, st_size=7738, ...}) = 0 <0.000057>
801   00:07:32.726653 _llseek(3, 0, [0], SEEK_CUR) = 0 <0.000058>
801   00:07:32.726920 fstat64(3, {st_mode=S_IFREG|0644, st_size=7738, ...}) = 0 <0.000056>
801   00:07:32.727194 read(3, "\247\r\r\n\0\0\0\0z[ycR\35\0\0\343\0\0\0\0\0\0\0\0\0\0\0\0\3\0\0"..., 7739) = 7738 <0.000088>
801   00:07:32.727496 read(3, "", 1)    = 0 <0.000058>
801   00:07:32.727770 close(3)          = 0 <0.000066>
801   00:07:32.730131 stat64("/usr/lib/python3.11/site-packages/numpy/random", {st_mode=S_IFDIR|0755, st_size=0, ...}) = 0 <0.000119>
801   00:07:32.730743 stat64("/usr/lib/python3.11/site-packages/numpy/random", {st_mode=S_IFDIR|0755, st_size=0, ...}) = 0 <0.000078>
801   00:07:32.731301 stat64("/usr/lib/python3.11/site-packages/numpy/random", {st_mode=S_IFDIR|0755, st_size=0, ...}) = 0 <0.000079>
801   00:07:32.731702 open("/usr/lib/python3.11/site-packages/numpy/random", O_RDONLY|O_NONBLOCK|O_LARGEFILE|O_CLOEXEC|O_DIRECTORY) = 3 <0.000087>
801   00:07:32.731999 fstat64(3, {st_mode=S_IFDIR|0755, st_size=0, ...}) = 0 <0.000059>
801   00:07:32.732276 getdents64(3, 0x729c48 /* 29 entries */, 32768) = 1264 <0.000132>
801   00:07:32.732715 getdents64(3, 0x729c48 /* 0 entries */, 32768) = 0 <0.000061>
801   00:07:32.732967 close(3)          = 0 <0.000064>
801   00:07:32.733457 stat64("/usr/lib/python3.11/site-packages/numpy/random/_pickle.pyc", {st_mode=S_IFREG|0644, st_size=2684, ...}) = 0 <0.000080>
801   00:07:32.734269 open("/usr/lib/python3.11/site-packages/numpy/random/_pickle.pyc", O_RDONLY|O_LARGEFILE|O_CLOEXEC) = 3 <0.000090>
801   00:07:32.734609 fstat64(3, {st_mode=S_IFREG|0644, st_size=2684, ...}) = 0 <0.000057>
801   00:07:32.734917 _llseek(3, 0, [0], SEEK_CUR) = 0 <0.000058>
801   00:07:32.735179 fstat64(3, {st_mode=S_IFREG|0644, st_size=2684, ...}) = 0 <0.000059>
801   00:07:32.735452 read(3, "\247\r\r\n\0\0\0\0z[yc\1\t\0\0\343\0\0\0\0\0\0\0\0\0\0\0\0\6\0\0"..., 2685) = 2684 <0.000074>
801   00:07:32.735736 read(3, "", 1)    = 0 <0.000058>
801   00:07:32.736004 close(3)          = 0 <0.000061>
801   00:07:32.736948 stat64("/usr/lib/python3.11/site-packages/numpy/random", {st_mode=S_IFDIR|0755, st_size=0, ...}) = 0 <0.000085>
801   00:07:32.737452 stat64("/usr/lib/python3.11/site-packages/numpy/random/mtrand.cpython-311-arm-linux-gnueabihf.so", {st_mode=S_IFREG|0755, st_size=612532, ...}) = 0 <0.000081>
801   00:07:32.738107 open("/usr/lib/python3.11/site-packages/numpy/random/mtrand.cpython-311-arm-linux-gnueabihf.so", O_RDONLY|O_CLOEXEC) = 3 <0.000093>
801   00:07:32.738444 read(3, "\177ELF\1\1\1\0\0\0\0\0\0\0\0\0\3\0(\0\1\0\0\0\210\204\0\0004\0\0\0"..., 512) = 512 <0.000070>
801   00:07:32.738724 fstat64(3, {st_mode=S_IFREG|0755, st_size=612532, ...}) = 0 <0.000057>
801   00:07:32.739017 mmap2(NULL, 680844, PROT_READ|PROT_EXEC, MAP_PRIVATE|MAP_DENYWRITE, 3, 0) = 0xb588a000 <0.000106>
801   00:07:32.739317 mprotect(0xb58fb000, 65536, PROT_NONE) = 0 <0.000102>
801   00:07:32.739596 mmap2(0xb590b000, 151552, PROT_READ|PROT_WRITE, MAP_PRIVATE|MAP_FIXED|MAP_DENYWRITE, 3, 0x71000) = 0xb590b000 <0.000145>
801   00:07:32.739969 mmap2(0xb5930000, 908, PROT_READ|PROT_WRITE, MAP_PRIVATE|MAP_FIXED|MAP_ANONYMOUS, -1, 0) = 0xb5930000 <0.000118>
801   00:07:32.740518 close(3)          = 0 <0.000059>
801   00:07:32.742206 mprotect(0xb590b000, 4096, PROT_READ) = 0 <0.000100>
801   00:07:32.744360 brk(0x777000)     = 0x777000 <0.000093>
801   00:07:32.746656 stat64("/usr/lib/python3.11/site-packages/numpy/random", {st_mode=S_IFDIR|0755, st_size=0, ...}) = 0 <0.000095>
801   00:07:32.747268 stat64("/usr/lib/python3.11/site-packages/numpy/random/bit_generator.cpython-311-arm-linux-gnueabihf.so", {st_mode=S_IFREG|0755, st_size=150808, ...}) = 0 <0.000084>
801   00:07:32.747959 open("/usr/lib/python3.11/site-packages/numpy/random/bit_generator.cpython-311-arm-linux-gnueabihf.so", O_RDONLY|O_CLOEXEC) = 3 <0.000096>
801   00:07:32.748302 read(3, "\177ELF\1\1\1\0\0\0\0\0\0\0\0\0\3\0(\0\1\0\0\0\2709\0\0004\0\0\0"..., 512) = 512 <0.000072>
801   00:07:32.748586 fstat64(3, {st_mode=S_IFREG|0755, st_size=150808, ...}) = 0 <0.000057>
801   00:07:32.748876 mmap2(NULL, 216740, PROT_READ|PROT_EXEC, MAP_PRIVATE|MAP_DENYWRITE, 3, 0) = 0xb5855000 <0.000105>
801   00:07:32.749169 mprotect(0xb5876000, 65536, PROT_NONE) = 0 <0.000098>
801   00:07:32.749445 mmap2(0xb5886000, 16384, PROT_READ|PROT_WRITE, MAP_PRIVATE|MAP_FIXED|MAP_DENYWRITE, 3, 0x21000) = 0xb5886000 <0.000113>
801   00:07:32.749830 close(3)          = 0 <0.000061>
801   00:07:32.750917 mprotect(0xb5886000, 4096, PROT_READ) = 0 <0.000104>
801   00:07:32.753573 stat64("/usr/lib/python3.11/site-packages/numpy/random", {st_mode=S_IFDIR|0755, st_size=0, ...}) = 0 <0.000094>
801   00:07:32.754146 stat64("/usr/lib/python3.11/site-packages/numpy/random/_common.cpython-311-arm-linux-gnueabihf.so", {st_mode=S_IFREG|0755, st_size=205248, ...}) = 0 <0.000083>
801   00:07:32.754814 open("/usr/lib/python3.11/site-packages/numpy/random/_common.cpython-311-arm-linux-gnueabihf.so", O_RDONLY|O_CLOEXEC) = 3 <0.000094>
801   00:07:32.755153 read(3, "\177ELF\1\1\1\0\0\0\0\0\0\0\0\0\3\0(\0\1\0\0\0`2\0\0004\0\0\0"..., 512) = 512 <0.000070>
801   00:07:32.755432 fstat64(3, {st_mode=S_IFREG|0755, st_size=205248, ...}) = 0 <0.000057>
801   00:07:32.755718 mmap2(NULL, 271780, PROT_READ|PROT_EXEC, MAP_PRIVATE|MAP_DENYWRITE, 3, 0) = 0xb5812000 <0.000106>
801   00:07:32.756014 mprotect(0xb5843000, 61440, PROT_NONE) = 0 <0.000120>
801   00:07:32.756309 mmap2(0xb5852000, 8192, PROT_READ|PROT_WRITE, MAP_PRIVATE|MAP_FIXED|MAP_DENYWRITE, 3, 0x30000) = 0xb5852000 <0.000136>
801   00:07:32.756672 mmap2(0xb5854000, 1444, PROT_READ|PROT_WRITE, MAP_PRIVATE|MAP_FIXED|MAP_ANONYMOUS, -1, 0) = 0xb5854000 <0.000103>
801   00:07:32.757008 close(3)          = 0 <0.000058>
801   00:07:32.757851 mprotect(0xb5852000, 4096, PROT_READ) = 0 <0.000095>
801   00:07:32.761070 mmap2(NULL, 262144, PROT_READ|PROT_WRITE, MAP_PRIVATE|MAP_ANONYMOUS, -1, 0) = 0xb57d2000 <0.000110>
801   00:07:32.762316 stat64("/root", {st_mode=S_IFDIR|0700, st_size=0, ...}) = 0 <0.000084>
801   00:07:32.762979 stat64("/usr/lib/python3.11", {st_mode=S_IFDIR|0755, st_size=0, ...}) = 0 <0.000077>
801   00:07:32.763562 stat64("/usr/lib/python3.11/lib-dynload", {st_mode=S_IFDIR|0755, st_size=0, ...}) = 0 <0.000076>
801   00:07:32.764120 stat64("/usr/lib/python3.11/site-packages", {st_mode=S_IFDIR|0755, st_size=0, ...}) = 0 <0.000075>
801   00:07:32.768345 stat64("/root", {st_mode=S_IFDIR|0700, st_size=0, ...}) = 0 <0.000083>
801   00:07:32.769034 stat64("/usr/lib/python3.11", {st_mode=S_IFDIR|0755, st_size=0, ...}) = 0 <0.000077>
801   00:07:32.769590 stat64("/usr/lib/python3.11/secrets.pyc", {st_mode=S_IFREG|0644, st_size=2862, ...}) = 0 <0.000076>
801   00:07:32.770554 open("/usr/lib/python3.11/secrets.pyc", O_RDONLY|O_LARGEFILE|O_CLOEXEC) = 3 <0.000089>
801   00:07:32.770900 fstat64(3, {st_mode=S_IFREG|0644, st_size=2862, ...}) = 0 <0.000058>
801   00:07:32.771215 _llseek(3, 0, [0], SEEK_CUR) = 0 <0.000058>
801   00:07:32.771476 fstat64(3, {st_mode=S_IFREG|0644, st_size=2862, ...}) = 0 <0.000056>
801   00:07:32.771746 read(3, "\247\r\r\n\0\0\0\0a&\325i\354\7\0\0\343\0\0\0\0\0\0\0\0\0\0\0\0\2\0\0"..., 2863) = 2862 <0.000076>
801   00:07:32.772034 read(3, "", 1)    = 0 <0.000058>
801   00:07:32.772305 close(3)          = 0 <0.000062>
801   00:07:32.773279 stat64("/root", {st_mode=S_IFDIR|0700, st_size=0, ...}) = 0 <0.000080>
801   00:07:32.773903 stat64("/usr/lib/python3.11", {st_mode=S_IFDIR|0755, st_size=0, ...}) = 0 <0.000080>
801   00:07:32.774480 stat64("/usr/lib/python3.11/base64.pyc", {st_mode=S_IFREG|0644, st_size=28444, ...}) = 0 <0.000075>
801   00:07:32.775262 open("/usr/lib/python3.11/base64.pyc", O_RDONLY|O_LARGEFILE|O_CLOEXEC) = 3 <0.000086>
801   00:07:32.775589 fstat64(3, {st_mode=S_IFREG|0644, st_size=28444, ...}) = 0 <0.000057>
801   00:07:32.775892 _llseek(3, 0, [0], SEEK_CUR) = 0 <0.000057>
801   00:07:32.776155 fstat64(3, {st_mode=S_IFREG|0644, st_size=28444, ...}) = 0 <0.000056>
801   00:07:32.776449 read(3, "\247\r\r\n\0\0\0\0a&\325i$R\0\0\343\0\0\0\0\0\0\0\0\0\0\0\0\5\0\0"..., 28445) = 28444 <0.000180>
801   00:07:32.776861 read(3, "", 1)    = 0 <0.000059>
801   00:07:32.777149 close(3)          = 0 <0.000065>
801   00:07:32.779231 stat64("/root", {st_mode=S_IFDIR|0700, st_size=0, ...}) = 0 <0.000086>
801   00:07:32.779892 stat64("/usr/lib/python3.11", {st_mode=S_IFDIR|0755, st_size=0, ...}) = 0 <0.000099>
801   00:07:32.780587 stat64("/usr/lib/python3.11/lib-dynload", {st_mode=S_IFDIR|0755, st_size=0, ...}) = 0 <0.000076>
801   00:07:32.781032 stat64("/usr/lib/python3.11/lib-dynload/binascii.cpython-311-arm-linux-gnueabihf.so", {st_mode=S_IFREG|0755, st_size=26336, ...}) = 0 <0.000078>
801   00:07:32.781684 open("/usr/lib/python3.11/lib-dynload/binascii.cpython-311-arm-linux-gnueabihf.so", O_RDONLY|O_CLOEXEC) = 3 <0.000087>
801   00:07:32.782016 read(3, "\177ELF\1\1\1\0\0\0\0\0\0\0\0\0\3\0(\0\1\0\0\0\230\17\0\0004\0\0\0"..., 512) = 512 <0.000070>
801   00:07:32.782298 fstat64(3, {st_mode=S_IFREG|0755, st_size=26336, ...}) = 0 <0.000060>
801   00:07:32.782591 mmap2(NULL, 90648, PROT_READ|PROT_EXEC, MAP_PRIVATE|MAP_DENYWRITE, 3, 0) = 0xb57bb000 <0.000107>
801   00:07:32.782890 mprotect(0xb57c0000, 65536, PROT_NONE) = 0 <0.000099>
801   00:07:32.783166 mmap2(0xb57d0000, 8192, PROT_READ|PROT_WRITE, MAP_PRIVATE|MAP_FIXED|MAP_DENYWRITE, 3, 0x5000) = 0xb57d0000 <0.000121>
801   00:07:32.783552 close(3)          = 0 <0.000058>
801   00:07:32.784076 mprotect(0xb57d0000, 4096, PROT_READ) = 0 <0.000094>
801   00:07:32.786119 stat64("/root", {st_mode=S_IFDIR|0700, st_size=0, ...}) = 0 <0.000080>
801   00:07:32.786773 stat64("/usr/lib/python3.11", {st_mode=S_IFDIR|0755, st_size=0, ...}) = 0 <0.000077>
801   00:07:32.787325 stat64("/usr/lib/python3.11/hmac.pyc", {st_mode=S_IFREG|0644, st_size=11470, ...}) = 0 <0.000078>
801   00:07:32.788113 open("/usr/lib/python3.11/hmac.pyc", O_RDONLY|O_LARGEFILE|O_CLOEXEC) = 3 <0.000086>
801   00:07:32.788440 fstat64(3, {st_mode=S_IFREG|0644, st_size=11470, ...}) = 0 <0.000058>
801   00:07:32.788752 _llseek(3, 0, [0], SEEK_CUR) = 0 <0.000058>
801   00:07:32.789015 fstat64(3, {st_mode=S_IFREG|0644, st_size=11470, ...}) = 0 <0.000056>
801   00:07:32.789287 read(3, "\247\r\r\n\0\0\0\0a&\325i%\36\0\0\343\0\0\0\0\0\0\0\0\0\0\0\0\6\0\0"..., 11471) = 11470 <0.000095>
801   00:07:32.789597 read(3, "", 1)    = 0 <0.000058>
801   00:07:32.789875 close(3)          = 0 <0.000148>
801   00:07:32.791376 stat64("/root", {st_mode=S_IFDIR|0700, st_size=0, ...}) = 0 <0.000081>
801   00:07:32.792027 stat64("/usr/lib/python3.11", {st_mode=S_IFDIR|0755, st_size=0, ...}) = 0 <0.000077>
801   00:07:32.792602 stat64("/usr/lib/python3.11/lib-dynload", {st_mode=S_IFDIR|0755, st_size=0, ...}) = 0 <0.000076>
801   00:07:32.793157 stat64("/usr/lib/python3.11/site-packages", {st_mode=S_IFDIR|0755, st_size=0, ...}) = 0 <0.000074>
801   00:07:32.794324 stat64("/root", {st_mode=S_IFDIR|0700, st_size=0, ...}) = 0 <0.000076>
801   00:07:32.794925 stat64("/usr/lib/python3.11", {st_mode=S_IFDIR|0755, st_size=0, ...}) = 0 <0.000077>
801   00:07:32.795469 stat64("/usr/lib/python3.11/hashlib.pyc", {st_mode=S_IFREG|0644, st_size=12336, ...}) = 0 <0.000073>
801   00:07:32.796229 open("/usr/lib/python3.11/hashlib.pyc", O_RDONLY|O_LARGEFILE|O_CLOEXEC) = 3 <0.000087>
801   00:07:32.796553 fstat64(3, {st_mode=S_IFREG|0644, st_size=12336, ...}) = 0 <0.000057>
801   00:07:32.796855 _llseek(3, 0, [0], SEEK_CUR) = 0 <0.000058>
801   00:07:32.797120 fstat64(3, {st_mode=S_IFREG|0644, st_size=12336, ...}) = 0 <0.000058>
801   00:07:32.797423 read(3, "\247\r\r\n\0\0\0\0a&\325i\365-\0\0\343\0\0\0\0\0\0\0\0\0\0\0\0\7\0\0"..., 12337) = 12336 <0.000100>
801   00:07:32.797742 read(3, "", 1)    = 0 <0.000059>
801   00:07:32.798020 close(3)          = 0 <0.000064>
801   00:07:32.799479 stat64("/root", {st_mode=S_IFDIR|0700, st_size=0, ...}) = 0 <0.000081>
801   00:07:32.800339 stat64("/usr/lib/python3.11", {st_mode=S_IFDIR|0755, st_size=0, ...}) = 0 <0.000080>
801   00:07:32.800939 stat64("/usr/lib/python3.11/lib-dynload", {st_mode=S_IFDIR|0755, st_size=0, ...}) = 0 <0.000075>
801   00:07:32.801499 stat64("/usr/lib/python3.11/site-packages", {st_mode=S_IFDIR|0755, st_size=0, ...}) = 0 <0.000074>
801   00:07:32.802603 stat64("/root", {st_mode=S_IFDIR|0700, st_size=0, ...}) = 0 <0.000075>
801   00:07:32.803199 stat64("/usr/lib/python3.11", {st_mode=S_IFDIR|0755, st_size=0, ...}) = 0 <0.000078>
801   00:07:32.803758 stat64("/usr/lib/python3.11/lib-dynload", {st_mode=S_IFDIR|0755, st_size=0, ...}) = 0 <0.000074>
801   00:07:32.804298 stat64("/usr/lib/python3.11/site-packages", {st_mode=S_IFDIR|0755, st_size=0, ...}) = 0 <0.000076>
801   00:07:32.806045 stat64("/root", {st_mode=S_IFDIR|0700, st_size=0, ...}) = 0 <0.000076>
801   00:07:32.806642 stat64("/usr/lib/python3.11", {st_mode=S_IFDIR|0755, st_size=0, ...}) = 0 <0.000075>
801   00:07:32.807201 stat64("/usr/lib/python3.11/lib-dynload", {st_mode=S_IFDIR|0755, st_size=0, ...}) = 0 <0.000074>
801   00:07:32.807741 stat64("/usr/lib/python3.11/site-packages", {st_mode=S_IFDIR|0755, st_size=0, ...}) = 0 <0.000074>
801   00:07:32.808830 stat64("/root", {st_mode=S_IFDIR|0700, st_size=0, ...}) = 0 <0.000075>
801   00:07:32.809409 stat64("/usr/lib/python3.11", {st_mode=S_IFDIR|0755, st_size=0, ...}) = 0 <0.000074>
801   00:07:32.809960 stat64("/usr/lib/python3.11/lib-dynload", {st_mode=S_IFDIR|0755, st_size=0, ...}) = 0 <0.000097>
801   00:07:32.810506 stat64("/usr/lib/python3.11/lib-dynload/_md5.cpython-311-arm-linux-gnueabihf.so", {st_mode=S_IFREG|0755, st_size=13876, ...}) = 0 <0.000078>
801   00:07:32.811155 open("/usr/lib/python3.11/lib-dynload/_md5.cpython-311-arm-linux-gnueabihf.so", O_RDONLY|O_CLOEXEC) = 3 <0.000094>
801   00:07:32.811512 read(3, "\177ELF\1\1\1\0\0\0\0\0\0\0\0\0\3\0(\0\1\0\0\0\f\f\0\0004\0\0\0"..., 512) = 512 <0.000071>
801   00:07:32.811802 fstat64(3, {st_mode=S_IFREG|0755, st_size=13876, ...}) = 0 <0.000057>
801   00:07:32.812093 mmap2(NULL, 78188, PROT_READ|PROT_EXEC, MAP_PRIVATE|MAP_DENYWRITE, 3, 0) = 0xb59f3000 <0.000103>
801   00:07:32.812388 mprotect(0xb59f6000, 61440, PROT_NONE) = 0 <0.000096>
801   00:07:32.812659 mmap2(0xb5a05000, 8192, PROT_READ|PROT_WRITE, MAP_PRIVATE|MAP_FIXED|MAP_DENYWRITE, 3, 0x2000) = 0xb5a05000 <0.000126>
801   00:07:32.813041 close(3)          = 0 <0.000058>
801   00:07:32.813489 mprotect(0xb5a05000, 4096, PROT_READ) = 0 <0.000091>
801   00:07:32.814730 stat64("/root", {st_mode=S_IFDIR|0700, st_size=0, ...}) = 0 <0.000083>
801   00:07:32.815378 stat64("/usr/lib/python3.11", {st_mode=S_IFDIR|0755, st_size=0, ...}) = 0 <0.000077>
801   00:07:32.815949 stat64("/usr/lib/python3.11/lib-dynload", {st_mode=S_IFDIR|0755, st_size=0, ...}) = 0 <0.000077>
801   00:07:32.816381 stat64("/usr/lib/python3.11/lib-dynload/_sha1.cpython-311-arm-linux-gnueabihf.so", {st_mode=S_IFREG|0755, st_size=9780, ...}) = 0 <0.000078>
801   00:07:32.817006 open("/usr/lib/python3.11/lib-dynload/_sha1.cpython-311-arm-linux-gnueabihf.so", O_RDONLY|O_CLOEXEC) = 3 <0.000094>
801   00:07:32.817339 read(3, "\177ELF\1\1\1\0\0\0\0\0\0\0\0\0\3\0(\0\1\0\0\0\f\f\0\0004\0\0\0"..., 512) = 512 <0.000071>
801   00:07:32.817624 fstat64(3, {st_mode=S_IFREG|0755, st_size=9780, ...}) = 0 <0.000056>
801   00:07:32.817911 mmap2(NULL, 74092, PROT_READ|PROT_EXEC, MAP_PRIVATE|MAP_DENYWRITE, 3, 0) = 0xb57a8000 <0.000103>
801   00:07:32.818203 mprotect(0xb57aa000, 61440, PROT_NONE) = 0 <0.000096>
801   00:07:32.818472 mmap2(0xb57b9000, 8192, PROT_READ|PROT_WRITE, MAP_PRIVATE|MAP_FIXED|MAP_DENYWRITE, 3, 0x1000) = 0xb57b9000 <0.000114>
801   00:07:32.818840 close(3)          = 0 <0.000059>
801   00:07:32.819301 mprotect(0xb57b9000, 4096, PROT_READ) = 0 <0.000093>
801   00:07:32.820652 stat64("/root", {st_mode=S_IFDIR|0700, st_size=0, ...}) = 0 <0.000080>
801   00:07:32.822197 stat64("/usr/lib/python3.11", {st_mode=S_IFDIR|0755, st_size=0, ...}) = 0 <0.000085>
801   00:07:32.822820 stat64("/usr/lib/python3.11/lib-dynload", {st_mode=S_IFDIR|0755, st_size=0, ...}) = 0 <0.000075>
801   00:07:32.823265 stat64("/usr/lib/python3.11/lib-dynload/_sha256.cpython-311-arm-linux-gnueabihf.so", {st_mode=S_IFREG|0755, st_size=18072, ...}) = 0 <0.000082>
801   00:07:32.823919 open("/usr/lib/python3.11/lib-dynload/_sha256.cpython-311-arm-linux-gnueabihf.so", O_RDONLY|O_CLOEXEC) = 3 <0.000092>
801   00:07:32.824249 read(3, "\177ELF\1\1\1\0\0\0\0\0\0\0\0\0\3\0(\0\1\0\0\0\210\f\0\0004\0\0\0"..., 512) = 512 <0.000074>
801   00:07:32.824533 fstat64(3, {st_mode=S_IFREG|0755, st_size=18072, ...}) = 0 <0.000057>
801   00:07:32.824820 mmap2(NULL, 82384, PROT_READ|PROT_EXEC, MAP_PRIVATE|MAP_DENYWRITE, 3, 0) = 0xb5793000 <0.000103>
801   00:07:32.825113 mprotect(0xb5797000, 61440, PROT_NONE) = 0 <0.000103>
801   00:07:32.825393 mmap2(0xb57a6000, 8192, PROT_READ|PROT_WRITE, MAP_PRIVATE|MAP_FIXED|MAP_DENYWRITE, 3, 0x3000) = 0xb57a6000 <0.000116>
801   00:07:32.825767 close(3)          = 0 <0.000057>
801   00:07:32.826215 mprotect(0xb57a6000, 4096, PROT_READ) = 0 <0.000109>
801   00:07:32.827584 stat64("/root", {st_mode=S_IFDIR|0700, st_size=0, ...}) = 0 <0.000083>
801   00:07:32.828233 stat64("/usr/lib/python3.11", {st_mode=S_IFDIR|0755, st_size=0, ...}) = 0 <0.000076>
801   00:07:32.828801 stat64("/usr/lib/python3.11/lib-dynload", {st_mode=S_IFDIR|0755, st_size=0, ...}) = 0 <0.000074>
801   00:07:32.829233 stat64("/usr/lib/python3.11/lib-dynload/_blake2.cpython-311-arm-linux-gnueabihf.so", {st_mode=S_IFREG|0755, st_size=55076, ...}) = 0 <0.000079>
801   00:07:32.829871 open("/usr/lib/python3.11/lib-dynload/_blake2.cpython-311-arm-linux-gnueabihf.so", O_RDONLY|O_CLOEXEC) = 3 <0.000115>
801   00:07:32.830317 read(3, "\177ELF\1\1\1\0\0\0\0\0\0\0\0\0\3\0(\0\1\0\0\0\260\21\0\0004\0\0\0"..., 512) = 512 <0.000070>
801   00:07:32.830605 fstat64(3, {st_mode=S_IFREG|0755, st_size=55076, ...}) = 0 <0.000060>
801   00:07:32.830901 mmap2(NULL, 119404, PROT_READ|PROT_EXEC, MAP_PRIVATE|MAP_DENYWRITE, 3, 0) = 0xb5775000 <0.000101>
801   00:07:32.831190 mprotect(0xb5782000, 61440, PROT_NONE) = 0 <0.000097>
801   00:07:32.831464 mmap2(0xb5791000, 8192, PROT_READ|PROT_WRITE, MAP_PRIVATE|MAP_FIXED|MAP_DENYWRITE, 3, 0xc000) = 0xb5791000 <0.000114>
801   00:07:32.831836 close(3)          = 0 <0.000059>
801   00:07:32.832386 mprotect(0xb5791000, 4096, PROT_READ) = 0 <0.000093>
801   00:07:32.833896 stat64("/root", {st_mode=S_IFDIR|0700, st_size=0, ...}) = 0 <0.000080>
801   00:07:32.834546 stat64("/usr/lib/python3.11", {st_mode=S_IFDIR|0755, st_size=0, ...}) = 0 <0.000076>
801   00:07:32.835130 stat64("/usr/lib/python3.11/lib-dynload", {st_mode=S_IFDIR|0755, st_size=0, ...}) = 0 <0.000074>
801   00:07:32.835565 stat64("/usr/lib/python3.11/lib-dynload/_sha3.cpython-311-arm-linux-gnueabihf.so", {st_mode=S_IFREG|0755, st_size=18568, ...}) = 0 <0.000077>
801   00:07:32.836207 open("/usr/lib/python3.11/lib-dynload/_sha3.cpython-311-arm-linux-gnueabihf.so", O_RDONLY|O_CLOEXEC) = 3 <0.000088>
801   00:07:32.836530 read(3, "\177ELF\1\1\1\0\0\0\0\0\0\0\0\0\3\0(\0\1\0\0\0\374\20\0\0004\0\0\0"..., 512) = 512 <0.000071>
801   00:07:32.836811 fstat64(3, {st_mode=S_IFREG|0755, st_size=18568, ...}) = 0 <0.000059>
801   00:07:32.837100 mmap2(NULL, 82880, PROT_READ|PROT_EXEC, MAP_PRIVATE|MAP_DENYWRITE, 3, 0) = 0xb5760000 <0.000102>
801   00:07:32.837391 mprotect(0xb5763000, 65536, PROT_NONE) = 0 <0.000097>
801   00:07:32.837663 mmap2(0xb5773000, 8192, PROT_READ|PROT_WRITE, MAP_PRIVATE|MAP_FIXED|MAP_DENYWRITE, 3, 0x3000) = 0xb5773000 <0.000115>
801   00:07:32.838039 close(3)          = 0 <0.000057>
801   00:07:32.838518 mprotect(0xb5773000, 4096, PROT_READ) = 0 <0.000092>
801   00:07:32.844207 stat64("/usr/lib/python3.11/site-packages/numpy/random", {st_mode=S_IFDIR|0755, st_size=0, ...}) = 0 <0.000101>
801   00:07:32.844828 stat64("/usr/lib/python3.11/site-packages/numpy/random/_bounded_integers.cpython-311-arm-linux-gnueabihf.so", {st_mode=S_IFREG|0755, st_size=293496, ...}) = 0 <0.000084>
801   00:07:32.845532 open("/usr/lib/python3.11/site-packages/numpy/random/_bounded_integers.cpython-311-arm-linux-gnueabihf.so", O_RDONLY|O_CLOEXEC) = 3 <0.000093>
801   00:07:32.845870 read(3, "\177ELF\1\1\1\0\0\0\0\0\0\0\0\0\3\0(\0\1\0\0\0\260W\0\0004\0\0\0"..., 512) = 512 <0.000071>
801   00:07:32.846153 fstat64(3, {st_mode=S_IFREG|0755, st_size=293496, ...}) = 0 <0.000057>
801   00:07:32.846447 mmap2(NULL, 361276, PROT_READ|PROT_EXEC, MAP_PRIVATE|MAP_DENYWRITE, 3, 0) = 0xb5707000 <0.000106>
801   00:07:32.846746 mprotect(0xb574e000, 61440, PROT_NONE) = 0 <0.000119>
801   00:07:32.847042 mmap2(0xb575d000, 8192, PROT_READ|PROT_WRITE, MAP_PRIVATE|MAP_FIXED|MAP_DENYWRITE, 3, 0x46000) = 0xb575d000 <0.000134>
801   00:07:32.847407 mmap2(0xb575f000, 828, PROT_READ|PROT_WRITE, MAP_PRIVATE|MAP_FIXED|MAP_ANONYMOUS, -1, 0) = 0xb575f000 <0.000107>
801   00:07:32.847743 close(3)          = 0 <0.000056>
801   00:07:32.849040 mprotect(0xb575d000, 4096, PROT_READ) = 0 <0.000098>
801   00:07:32.851630 stat64("/usr/lib/python3.11/site-packages/numpy/random", {st_mode=S_IFDIR|0755, st_size=0, ...}) = 0 <0.000094>
801   00:07:32.852197 stat64("/usr/lib/python3.11/site-packages/numpy/random/_mt19937.cpython-311-arm-linux-gnueabihf.so", {st_mode=S_IFREG|0755, st_size=78628, ...}) = 0 <0.000082>
801   00:07:32.852881 open("/usr/lib/python3.11/site-packages/numpy/random/_mt19937.cpython-311-arm-linux-gnueabihf.so", O_RDONLY|O_CLOEXEC) = 3 <0.000093>
801   00:07:32.853216 read(3, "\177ELF\1\1\1\0\0\0\0\0\0\0\0\0\3\0(\0\1\0\0\0x'\0\0004\0\0\0"..., 512) = 512 <0.000070>
801   00:07:32.853498 fstat64(3, {st_mode=S_IFREG|0755, st_size=78628, ...}) = 0 <0.000056>
801   00:07:32.853791 mmap2(NULL, 143512, PROT_READ|PROT_EXEC, MAP_PRIVATE|MAP_DENYWRITE, 3, 0) = 0xb56e3000 <0.000103>
801   00:07:32.854083 mprotect(0xb56f4000, 65536, PROT_NONE) = 0 <0.000096>
801   00:07:32.854354 mmap2(0xb5704000, 8192, PROT_READ|PROT_WRITE, MAP_PRIVATE|MAP_FIXED|MAP_DENYWRITE, 3, 0x11000) = 0xb5704000 <0.000131>
801   00:07:32.854711 mmap2(0xb5706000, 152, PROT_READ|PROT_WRITE, MAP_PRIVATE|MAP_FIXED|MAP_ANONYMOUS, -1, 0) = 0xb5706000 <0.000106>
801   00:07:32.855048 close(3)          = 0 <0.000056>
801   00:07:32.855837 mprotect(0xb5704000, 4096, PROT_READ) = 0 <0.000097>
801   00:07:32.857953 getrandom("\x15\x6a\x18\xbf\x32\x04\x4b\xc5\x70\x4f\x04\x6d\x32\x46\x66\xdc", 16, 0) = 16 <0.000073>
801   00:07:32.862308 stat64("/usr/lib/python3.11/site-packages/numpy/random", {st_mode=S_IFDIR|0755, st_size=0, ...}) = 0 <0.000091>
801   00:07:32.862867 stat64("/usr/lib/python3.11/site-packages/numpy/random/_philox.cpython-311-arm-linux-gnueabihf.so", {st_mode=S_IFREG|0755, st_size=74136, ...}) = 0 <0.000085>
801   00:07:32.863566 open("/usr/lib/python3.11/site-packages/numpy/random/_philox.cpython-311-arm-linux-gnueabihf.so", O_RDONLY|O_CLOEXEC) = 3 <0.000094>
801   00:07:32.863909 read(3, "\177ELF\1\1\1\0\0\0\0\0\0\0\0\0\3\0(\0\1\0\0\0\360$\0\0004\0\0\0"..., 512) = 512 <0.000071>
801   00:07:32.864192 fstat64(3, {st_mode=S_IFREG|0755, st_size=74136, ...}) = 0 <0.000060>
801   00:07:32.864491 mmap2(NULL, 138996, PROT_READ|PROT_EXEC, MAP_PRIVATE|MAP_DENYWRITE, 3, 0) = 0xb56c1000 <0.000104>
801   00:07:32.864784 mprotect(0xb56d2000, 61440, PROT_NONE) = 0 <0.000098>
801   00:07:32.865058 mmap2(0xb56e1000, 8192, PROT_READ|PROT_WRITE, MAP_PRIVATE|MAP_FIXED|MAP_DENYWRITE, 3, 0x10000) = 0xb56e1000 <0.000119>
801   00:07:32.865437 close(3)          = 0 <0.000059>
801   00:07:32.866183 mprotect(0xb56e1000, 4096, PROT_READ) = 0 <0.000098>
801   00:07:32.868329 stat64("/usr/lib/python3.11/site-packages/numpy/random", {st_mode=S_IFDIR|0755, st_size=0, ...}) = 0 <0.000090>
801   00:07:32.868869 stat64("/usr/lib/python3.11/site-packages/numpy/random/_pcg64.cpython-311-arm-linux-gnueabihf.so", {st_mode=S_IFREG|0755, st_size=88708, ...}) = 0 <0.000083>
801   00:07:32.869575 open("/usr/lib/python3.11/site-packages/numpy/random/_pcg64.cpython-311-arm-linux-gnueabihf.so", O_RDONLY|O_CLOEXEC) = 3 <0.000095>
801   00:07:32.869918 read(3, "\177ELF\1\1\1\0\0\0\0\0\0\0\0\0\3\0(\0\1\0\0\0\20%\0\0004\0\0\0"..., 512) = 512 <0.000174>
801   00:07:32.870313 fstat64(3, {st_mode=S_IFREG|0755, st_size=88708, ...}) = 0 <0.000058>
801   00:07:32.870623 mmap2(NULL, 153644, PROT_READ|PROT_EXEC, MAP_PRIVATE|MAP_DENYWRITE, 3, 0) = 0xb569b000 <0.000106>
801   00:07:32.870921 mprotect(0xb56af000, 61440, PROT_NONE) = 0 <0.000100>
801   00:07:32.871198 mmap2(0xb56be000, 12288, PROT_READ|PROT_WRITE, MAP_PRIVATE|MAP_FIXED|MAP_DENYWRITE, 3, 0x13000) = 0xb56be000 <0.000114>
801   00:07:32.871573 close(3)          = 0 <0.000058>
801   00:07:32.872352 mprotect(0xb56be000, 4096, PROT_READ) = 0 <0.000098>
801   00:07:32.874545 stat64("/usr/lib/python3.11/site-packages/numpy/random", {st_mode=S_IFDIR|0755, st_size=0, ...}) = 0 <0.000091>
801   00:07:32.875090 stat64("/usr/lib/python3.11/site-packages/numpy/random/_sfc64.cpython-311-arm-linux-gnueabihf.so", {st_mode=S_IFREG|0755, st_size=43328, ...}) = 0 <0.000085>
801   00:07:32.875773 open("/usr/lib/python3.11/site-packages/numpy/random/_sfc64.cpython-311-arm-linux-gnueabihf.so", O_RDONLY|O_CLOEXEC) = 3 <0.000094>
801   00:07:32.876109 read(3, "\177ELF\1\1\1\0\0\0\0\0\0\0\0\0\3\0(\0\1\0\0\0\210 \0\0004\0\0\0"..., 512) = 512 <0.000070>
801   00:07:32.876389 fstat64(3, {st_mode=S_IFREG|0755, st_size=43328, ...}) = 0 <0.000057>
801   00:07:32.876686 mmap2(NULL, 108052, PROT_READ|PROT_EXEC, MAP_PRIVATE|MAP_DENYWRITE, 3, 0) = 0xb5680000 <0.000125>
801   00:07:32.877003 mprotect(0xb568a000, 61440, PROT_NONE) = 0 <0.000098>
801   00:07:32.877278 mmap2(0xb5699000, 8192, PROT_READ|PROT_WRITE, MAP_PRIVATE|MAP_FIXED|MAP_DENYWRITE, 3, 0x9000) = 0xb5699000 <0.000115>
801   00:07:32.877651 close(3)          = 0 <0.000058>
801   00:07:32.878349 mprotect(0xb5699000, 4096, PROT_READ) = 0 <0.000100>
801   00:07:32.880408 stat64("/usr/lib/python3.11/site-packages/numpy/random", {st_mode=S_IFDIR|0755, st_size=0, ...}) = 0 <0.000090>
801   00:07:32.880949 stat64("/usr/lib/python3.11/site-packages/numpy/random/_generator.cpython-311-arm-linux-gnueabihf.so", {st_mode=S_IFREG|0755, st_size=742312, ...}) = 0 <0.000086>
801   00:07:32.881633 open("/usr/lib/python3.11/site-packages/numpy/random/_generator.cpython-311-arm-linux-gnueabihf.so", O_RDONLY|O_CLOEXEC) = 3 <0.000092>
801   00:07:32.881971 read(3, "\177ELF\1\1\1\0\0\0\0\0\0\0\0\0\3\0(\0\1\0\0\0\270\223\0\0004\0\0\0"..., 512) = 512 <0.000075>
801   00:07:32.882255 fstat64(3, {st_mode=S_IFREG|0755, st_size=742312, ...}) = 0 <0.000057>
801   00:07:32.882551 mmap2(NULL, 811044, PROT_READ|PROT_EXEC, MAP_PRIVATE|MAP_DENYWRITE, 3, 0) = 0xb55b9000 <0.000104>
801   00:07:32.882845 mprotect(0xb564b000, 61440, PROT_NONE) = 0 <0.000097>
801   00:07:32.883123 mmap2(0xb565a000, 147456, PROT_READ|PROT_WRITE, MAP_PRIVATE|MAP_FIXED|MAP_DENYWRITE, 3, 0x91000) = 0xb565a000 <0.000130>
801   00:07:32.883477 mmap2(0xb567e000, 4132, PROT_READ|PROT_WRITE, MAP_PRIVATE|MAP_FIXED|MAP_ANONYMOUS, -1, 0) = 0xb567e000 <0.000105>
801   00:07:32.883824 close(3)          = 0 <0.000056>
801   00:07:32.885594 mprotect(0xb565a000, 4096, PROT_READ) = 0 <0.000107>
801   00:07:32.887103 brk(0x798000)     = 0x798000 <0.000091>
801   00:07:32.893041 stat64("/usr/lib/python3.11/site-packages/numpy", {st_mode=S_IFDIR|0755, st_size=0, ...}) = 0 <0.000091>
801   00:07:32.893746 stat64("/usr/lib/python3.11/site-packages/numpy/ctypeslib.pyc", {st_mode=S_IFREG|0644, st_size=21545, ...}) = 0 <0.000083>
801   00:07:32.894596 open("/usr/lib/python3.11/site-packages/numpy/ctypeslib.pyc", O_RDONLY|O_LARGEFILE|O_CLOEXEC) = 3 <0.000093>
801   00:07:32.894939 fstat64(3, {st_mode=S_IFREG|0644, st_size=21545, ...}) = 0 <0.000057>
801   00:07:32.895248 _llseek(3, 0, [0], SEEK_CUR) = 0 <0.000057>
801   00:07:32.895511 fstat64(3, {st_mode=S_IFREG|0644, st_size=21545, ...}) = 0 <0.000056>
801   00:07:32.895810 read(3, "\247\r\r\n\0\0\0\0z[yc4D\0\0\343\0\0\0\0\0\0\0\0\0\0\0\0\5\0\0"..., 21546) = 21545 <0.000153>
801   00:07:32.896203 read(3, "", 1)    = 0 <0.000059>
801   00:07:32.896488 close(3)          = 0 <0.000062>
801   00:07:32.896869 brk(0x7b9000)     = 0x7b9000 <0.000088>
801   00:07:32.903196 stat64("/usr/lib/python3.11/site-packages/numpy", {st_mode=S_IFDIR|0755, st_size=0, ...}) = 0 <0.000091>
801   00:07:32.903792 stat64("/usr/lib/python3.11/site-packages/numpy/ma/__init__.cpython-311-arm-linux-gnueabihf.so", 0xbe9dc400) = -1 ENOENT (No such file or directory) <0.000095>
801   00:07:32.904294 stat64("/usr/lib/python3.11/site-packages/numpy/ma/__init__.abi3.so", 0xbe9dc400) = -1 ENOENT (No such file or directory) <0.000089>
801   00:07:32.904741 stat64("/usr/lib/python3.11/site-packages/numpy/ma/__init__.so", 0xbe9dc400) = -1 ENOENT (No such file or directory) <0.000087>
801   00:07:32.905173 stat64("/usr/lib/python3.11/site-packages/numpy/ma/__init__.py", 0xbe9dc400) = -1 ENOENT (No such file or directory) <0.000085>
801   00:07:32.905590 stat64("/usr/lib/python3.11/site-packages/numpy/ma/__init__.pyc", {st_mode=S_IFREG|0644, st_size=1702, ...}) = 0 <0.000076>
801   00:07:32.906392 open("/usr/lib/python3.11/site-packages/numpy/ma/__init__.pyc", O_RDONLY|O_LARGEFILE|O_CLOEXEC) = 3 <0.000093>
801   00:07:32.906730 fstat64(3, {st_mode=S_IFREG|0644, st_size=1702, ...}) = 0 <0.000058>
801   00:07:32.907042 _llseek(3, 0, [0], SEEK_CUR) = 0 <0.000062>
801   00:07:32.907312 fstat64(3, {st_mode=S_IFREG|0644, st_size=1702, ...}) = 0 <0.000056>
801   00:07:32.907581 read(3, "\247\r\r\n\0\0\0\0z[yc|\5\0\0\343\0\0\0\0\0\0\0\0\0\0\0\0\3\0\0"..., 1703) = 1702 <0.000072>
801   00:07:32.907862 read(3, "", 1)    = 0 <0.000058>
801   00:07:32.908133 close(3)          = 0 <0.000066>
801   00:07:32.909145 stat64("/usr/lib/python3.11/site-packages/numpy/ma", {st_mode=S_IFDIR|0755, st_size=0, ...}) = 0 <0.000086>
801   00:07:32.909676 stat64("/usr/lib/python3.11/site-packages/numpy/ma", {st_mode=S_IFDIR|0755, st_size=0, ...}) = 0 <0.000077>
801   00:07:32.910367 stat64("/usr/lib/python3.11/site-packages/numpy/ma", {st_mode=S_IFDIR|0755, st_size=0, ...}) = 0 <0.000080>
801   00:07:32.910785 open("/usr/lib/python3.11/site-packages/numpy/ma", O_RDONLY|O_NONBLOCK|O_LARGEFILE|O_CLOEXEC|O_DIRECTORY) = 3 <0.000088>
801   00:07:32.911089 fstat64(3, {st_mode=S_IFDIR|0755, st_size=0, ...}) = 0 <0.000056>
801   00:07:32.911389 getdents64(3, 0x79bb18 /* 14 entries */, 32768) = 448 <0.000098>
801   00:07:32.911742 getdents64(3, 0x79bb18 /* 0 entries */, 32768) = 0 <0.000059>
801   00:07:32.911989 close(3)          = 0 <0.000064>
801   00:07:32.912459 stat64("/usr/lib/python3.11/site-packages/numpy/ma/core.pyc", {st_mode=S_IFREG|0644, st_size=310120, ...}) = 0 <0.000078>
801   00:07:32.913258 open("/usr/lib/python3.11/site-packages/numpy/ma/core.pyc", O_RDONLY|O_LARGEFILE|O_CLOEXEC) = 3 <0.000092>
801   00:07:32.913594 fstat64(3, {st_mode=S_IFREG|0644, st_size=310120, ...}) = 0 <0.000058>
801   00:07:32.913900 _llseek(3, 0, [0], SEEK_CUR) = 0 <0.000059>
801   00:07:32.914162 fstat64(3, {st_mode=S_IFREG|0644, st_size=310120, ...}) = 0 <0.000057>
801   00:07:32.914429 mmap2(NULL, 311296, PROT_READ|PROT_WRITE, MAP_PRIVATE|MAP_ANONYMOUS, -1, 0) = 0xb556d000 <0.000105>
801   00:07:32.914763 read(3, "\247\r\r\n\0\0\0\0z[yc7\33\4\0\343\0\0\0\0\0\0\0\0\0\0\0\0\n\0\0"..., 310121) = 310120 <0.001307>
801   00:07:32.916370 read(3, "", 1)    = 0 <0.000066>
801   00:07:32.916731 close(3)          = 0 <0.000064>
801   00:07:32.924220 mmap2(NULL, 262144, PROT_READ|PROT_WRITE, MAP_PRIVATE|MAP_ANONYMOUS, -1, 0) = 0xb552d000 <0.000122>
801   00:07:32.924916 brk(0x7da000)     = 0x7da000 <0.000088>
801   00:07:32.930098 munmap(0xb556d000, 311296) = 0 <0.000289>
801   00:07:32.931281 stat64("/root", {st_mode=S_IFDIR|0700, st_size=0, ...}) = 0 <0.000084>
801   00:07:32.931956 stat64("/usr/lib/python3.11", {st_mode=S_IFDIR|0755, st_size=0, ...}) = 0 <0.000076>
801   00:07:32.932516 stat64("/usr/lib/python3.11/inspect.pyc", {st_mode=S_IFREG|0644, st_size=141913, ...}) = 0 <0.000074>
801   00:07:32.933314 open("/usr/lib/python3.11/inspect.pyc", O_RDONLY|O_LARGEFILE|O_CLOEXEC) = 3 <0.000093>
801   00:07:32.933679 fstat64(3, {st_mode=S_IFREG|0644, st_size=141913, ...}) = 0 <0.000058>
801   00:07:32.933993 _llseek(3, 0, [0], SEEK_CUR) = 0 <0.000058>
801   00:07:32.934260 fstat64(3, {st_mode=S_IFREG|0644, st_size=141913, ...}) = 0 <0.000056>
801   00:07:32.934542 brk(0x813000)     = 0x813000 <0.000083>
801   00:07:32.934827 read(3, "\247\r\r\n\0\0\0\0a&\325iV\345\1\0\343\0\0\0\0\0\0\0\0\0\0\0\0\6\0\0"..., 141914) = 141913 <0.000618>
801   00:07:32.935719 read(3, "", 1)    = 0 <0.000064>
801   00:07:32.936051 close(3)          = 0 <0.000065>
801   00:07:32.942849 stat64("/root", {st_mode=S_IFDIR|0700, st_size=0, ...}) = 0 <0.000091>
801   00:07:32.943596 stat64("/usr/lib/python3.11", {st_mode=S_IFDIR|0755, st_size=0, ...}) = 0 <0.000076>
801   00:07:32.944162 stat64("/usr/lib/python3.11/dis.pyc", {st_mode=S_IFREG|0644, st_size=36724, ...}) = 0 <0.000075>
801   00:07:32.944985 open("/usr/lib/python3.11/dis.pyc", O_RDONLY|O_LARGEFILE|O_CLOEXEC) = 3 <0.000089>
801   00:07:32.945325 fstat64(3, {st_mode=S_IFREG|0644, st_size=36724, ...}) = 0 <0.000057>
801   00:07:32.945636 _llseek(3, 0, [0], SEEK_CUR) = 0 <0.000058>
801   00:07:32.945898 fstat64(3, {st_mode=S_IFREG|0644, st_size=36724, ...}) = 0 <0.000059>
801   00:07:32.946177 read(3, "\247\r\r\n\0\0\0\0a&\325i!q\0\0\343\0\0\0\0\0\0\0\0\0\0\0\0\v\0\0"..., 36725) = 36724 <0.000160>
801   00:07:32.946568 read(3, "", 1)    = 0 <0.000061>
801   00:07:32.946856 close(3)          = 0 <0.000063>
801   00:07:32.951105 stat64("/root", {st_mode=S_IFDIR|0700, st_size=0, ...}) = 0 <0.000090>
801   00:07:32.951808 stat64("/usr/lib/python3.11", {st_mode=S_IFDIR|0755, st_size=0, ...}) = 0 <0.000078>
801   00:07:32.952372 stat64("/usr/lib/python3.11/opcode.pyc", {st_mode=S_IFREG|0644, st_size=13852, ...}) = 0 <0.000076>
801   00:07:32.953171 open("/usr/lib/python3.11/opcode.pyc", O_RDONLY|O_LARGEFILE|O_CLOEXEC) = 3 <0.000091>
801   00:07:32.953513 fstat64(3, {st_mode=S_IFREG|0644, st_size=13852, ...}) = 0 <0.000058>
801   00:07:32.953821 _llseek(3, 0, [0], SEEK_CUR) = 0 <0.000058>
801   00:07:32.954084 fstat64(3, {st_mode=S_IFREG|0644, st_size=13852, ...}) = 0 <0.000055>
801   00:07:32.954358 read(3, "\247\r\r\n\0\0\0\0a&\325i\317(\0\0\343\0\0\0\0\0\0\0\0\0\0\0\0\r\0\0"..., 13853) = 13852 <0.000106>
801   00:07:32.954682 read(3, "", 1)    = 0 <0.000059>
801   00:07:32.954958 close(3)          = 0 <0.000062>
801   00:07:32.956858 stat64("/root", {st_mode=S_IFDIR|0700, st_size=0, ...}) = 0 <0.000080>
801   00:07:32.957512 stat64("/usr/lib/python3.11", {st_mode=S_IFDIR|0755, st_size=0, ...}) = 0 <0.000076>
801   00:07:32.958082 stat64("/usr/lib/python3.11/lib-dynload", {st_mode=S_IFDIR|0755, st_size=0, ...}) = 0 <0.000077>
801   00:07:32.958523 stat64("/usr/lib/python3.11/lib-dynload/_opcode.cpython-311-arm-linux-gnueabihf.so", {st_mode=S_IFREG|0755, st_size=5464, ...}) = 0 <0.000080>
801   00:07:32.959182 open("/usr/lib/python3.11/lib-dynload/_opcode.cpython-311-arm-linux-gnueabihf.so", O_RDONLY|O_CLOEXEC) = 3 <0.000090>
801   00:07:32.959512 read(3, "\177ELF\1\1\1\0\0\0\0\0\0\0\0\0\3\0(\0\1\0\0\0\344\7\0\0004\0\0\0"..., 512) = 512 <0.000073>
801   00:07:32.959794 fstat64(3, {st_mode=S_IFREG|0755, st_size=5464, ...}) = 0 <0.000057>
801   00:07:32.960200 mmap2(NULL, 69776, PROT_READ|PROT_EXEC, MAP_PRIVATE|MAP_DENYWRITE, 3, 0) = 0xb55a7000 <0.000113>
801   00:07:32.960515 mprotect(0xb55a8000, 61440, PROT_NONE) = 0 <0.000100>
801   00:07:32.960793 mmap2(0xb55b7000, 8192, PROT_READ|PROT_WRITE, MAP_PRIVATE|MAP_FIXED|MAP_DENYWRITE, 3, 0) = 0xb55b7000 <0.000129>
801   00:07:32.961182 close(3)          = 0 <0.000059>
801   00:07:32.961576 mprotect(0xb55b7000, 4096, PROT_READ) = 0 <0.000109>
801   00:07:32.963267 mmap2(NULL, 262144, PROT_READ|PROT_WRITE, MAP_PRIVATE|MAP_ANONYMOUS, -1, 0) = 0xb54ed000 <0.000107>
801   00:07:32.973498 stat64("/root", {st_mode=S_IFDIR|0700, st_size=0, ...}) = 0 <0.000087>
801   00:07:32.974209 stat64("/usr/lib/python3.11", {st_mode=S_IFDIR|0755, st_size=0, ...}) = 0 <0.000079>
801   00:07:32.974776 stat64("/usr/lib/python3.11/linecache.pyc", {st_mode=S_IFREG|0644, st_size=7469, ...}) = 0 <0.000078>
801   00:07:32.975615 open("/usr/lib/python3.11/linecache.pyc", O_RDONLY|O_LARGEFILE|O_CLOEXEC) = 3 <0.000091>
801   00:07:32.975958 fstat64(3, {st_mode=S_IFREG|0644, st_size=7469, ...}) = 0 <0.000056>
801   00:07:32.976269 _llseek(3, 0, [0], SEEK_CUR) = 0 <0.000061>
801   00:07:32.976535 fstat64(3, {st_mode=S_IFREG|0644, st_size=7469, ...}) = 0 <0.000056>
801   00:07:32.976808 read(3, "\247\r\r\n\0\0\0\0a&\325i:\26\0\0\343\0\0\0\0\0\0\0\0\0\0\0\0\2\0\0"..., 7470) = 7469 <0.000086>
801   00:07:32.977107 read(3, "", 1)    = 0 <0.000058>
801   00:07:32.977381 close(3)          = 0 <0.000066>
801   00:07:32.978565 stat64("/root", {st_mode=S_IFDIR|0700, st_size=0, ...}) = 0 <0.000080>
801   00:07:32.979196 stat64("/usr/lib/python3.11", {st_mode=S_IFDIR|0755, st_size=0, ...}) = 0 <0.000077>
801   00:07:32.979746 stat64("/usr/lib/python3.11/tokenize.pyc", {st_mode=S_IFREG|0644, st_size=30358, ...}) = 0 <0.000075>
801   00:07:32.980626 open("/usr/lib/python3.11/tokenize.pyc", O_RDONLY|O_LARGEFILE|O_CLOEXEC) = 3 <0.000088>
801   00:07:32.980963 fstat64(3, {st_mode=S_IFREG|0644, st_size=30358, ...}) = 0 <0.000056>
801   00:07:32.981269 _llseek(3, 0, [0], SEEK_CUR) = 0 <0.000058>
801   00:07:32.981530 fstat64(3, {st_mode=S_IFREG|0644, st_size=30358, ...}) = 0 <0.000059>
801   00:07:32.981805 read(3, "\247\r\r\n\0\0\0\0a&\325i\340f\0\0\343\0\0\0\0\0\0\0\0\0\0\0\0\t\0\0"..., 30359) = 30358 <0.000138>
801   00:07:32.982167 read(3, "", 1)    = 0 <0.000059>
801   00:07:32.982450 close(3)          = 0 <0.000064>
801   00:07:32.985024 stat64("/root", {st_mode=S_IFDIR|0700, st_size=0, ...}) = 0 <0.000083>
801   00:07:32.985702 stat64("/usr/lib/python3.11", {st_mode=S_IFDIR|0755, st_size=0, ...}) = 0 <0.000078>
801   00:07:32.986259 stat64("/usr/lib/python3.11/token.pyc", {st_mode=S_IFREG|0644, st_size=3723, ...}) = 0 <0.000074>
801   00:07:32.987050 open("/usr/lib/python3.11/token.pyc", O_RDONLY|O_LARGEFILE|O_CLOEXEC) = 3 <0.000088>
801   00:07:32.987378 fstat64(3, {st_mode=S_IFREG|0644, st_size=3723, ...}) = 0 <0.000057>
801   00:07:32.987688 _llseek(3, 0, [0], SEEK_CUR) = 0 <0.000058>
801   00:07:32.987955 fstat64(3, {st_mode=S_IFREG|0644, st_size=3723, ...}) = 0 <0.000056>
801   00:07:32.988228 read(3, "\247\r\r\n\0\0\0\0a&\325iR\t\0\0\343\0\0\0\0\0\0\0\0\0\0\0\0\17\0\0"..., 3724) = 3723 <0.000077>
801   00:07:32.988514 read(3, "", 1)    = 0 <0.000059>
801   00:07:32.988783 close(3)          = 0 <0.000062>
801   00:07:33.053776 stat64("/usr/lib/python3.11/site-packages/numpy/ma", {st_mode=S_IFDIR|0755, st_size=0, ...}) = 0 <0.000100>
801   00:07:33.054501 stat64("/usr/lib/python3.11/site-packages/numpy/ma/extras.pyc", {st_mode=S_IFREG|0644, st_size=78195, ...}) = 0 <0.000080>
801   00:07:33.055350 open("/usr/lib/python3.11/site-packages/numpy/ma/extras.pyc", O_RDONLY|O_LARGEFILE|O_CLOEXEC) = 3 <0.000094>
801   00:07:33.055697 fstat64(3, {st_mode=S_IFREG|0644, st_size=78195, ...}) = 0 <0.000058>
801   00:07:33.056008 _llseek(3, 0, [0], SEEK_CUR) = 0 <0.000060>
801   00:07:33.056275 fstat64(3, {st_mode=S_IFREG|0644, st_size=78195, ...}) = 0 <0.000056>
801   00:07:33.056547 brk(0x846000)     = 0x846000 <0.000093>
801   00:07:33.056845 read(3, "\247\r\r\n\0\0\0\0z[yc\356\355\0\0\343\0\0\0\0\0\0\0\0\0\0\0\0\5\0\0"..., 78196) = 78195 <0.000371>
801   00:07:33.057471 read(3, "", 1)    = 0 <0.000064>
801   00:07:33.057793 close(3)          = 0 <0.000064>
801   00:07:33.089858 uname({sysname="Linux", nodename="pluto", ...}) = 0 <0.000089>
801   00:07:33.091157 stat64("/usr/lib/python3.11/site-packages/adi", {st_mode=S_IFDIR|0755, st_size=0, ...}) = 0 <0.000087>
801   00:07:33.091790 stat64("/usr/lib/python3.11/site-packages/adi/compat.pyc", {st_mode=S_IFREG|0644, st_size=10475, ...}) = 0 <0.000079>
801   00:07:33.092618 open("/usr/lib/python3.11/site-packages/adi/compat.pyc", O_RDONLY|O_LARGEFILE|O_CLOEXEC) = 3 <0.000093>
801   00:07:33.092961 fstat64(3, {st_mode=S_IFREG|0644, st_size=10475, ...}) = 0 <0.000057>
801   00:07:33.093271 _llseek(3, 0, [0], SEEK_CUR) = 0 <0.000060>
801   00:07:33.093569 fstat64(3, {st_mode=S_IFREG|0644, st_size=10475, ...}) = 0 <0.000056>
801   00:07:33.093850 read(3, "\247\r\r\n\0\0\0\0D\340\35iq\31\0\0\343\0\0\0\0\0\0\0\0\0\0\0\0\4\0\0"..., 10476) = 10475 <0.000093>
801   00:07:33.094159 read(3, "", 1)    = 0 <0.000060>
801   00:07:33.094437 close(3)          = 0 <0.000062>
801   00:07:33.095516 mmap2(NULL, 262144, PROT_READ|PROT_WRITE, MAP_PRIVATE|MAP_ANONYMOUS, -1, 0) = 0xb54ad000 <0.000115>
801   00:07:33.098327 stat64("/usr/lib/python3.11/site-packages/adi", {st_mode=S_IFDIR|0755, st_size=0, ...}) = 0 <0.000087>
801   00:07:33.098976 stat64("/usr/lib/python3.11/site-packages/adi/dds.pyc", {st_mode=S_IFREG|0644, st_size=14387, ...}) = 0 <0.000083>
801   00:07:33.099786 open("/usr/lib/python3.11/site-packages/adi/dds.pyc", O_RDONLY|O_LARGEFILE|O_CLOEXEC) = 3 <0.000150>
801   00:07:33.100223 fstat64(3, {st_mode=S_IFREG|0644, st_size=14387, ...}) = 0 <0.000058>
801   00:07:33.100545 _llseek(3, 0, [0], SEEK_CUR) = 0 <0.000059>
801   00:07:33.100813 fstat64(3, {st_mode=S_IFREG|0644, st_size=14387, ...}) = 0 <0.000055>
801   00:07:33.101086 read(3, "\247\r\r\n\0\0\0\0D\340\35i\30+\0\0\343\0\0\0\0\0\0\0\0\0\0\0\0\5\0\0"..., 14388) = 14387 <0.000105>
801   00:07:33.101410 read(3, "", 1)    = 0 <0.000059>
801   00:07:33.101689 close(3)          = 0 <0.000063>
801   00:07:33.114132 stat64("/usr/lib/python3.11/site-packages/adi", {st_mode=S_IFDIR|0755, st_size=0, ...}) = 0 <0.000091>
801   00:07:33.114855 stat64("/usr/lib/python3.11/site-packages/adi/ad353xr.pyc", {st_mode=S_IFREG|0644, st_size=13599, ...}) = 0 <0.000085>
801   00:07:33.115708 open("/usr/lib/python3.11/site-packages/adi/ad353xr.pyc", O_RDONLY|O_LARGEFILE|O_CLOEXEC) = 3 <0.000096>
801   00:07:33.116062 fstat64(3, {st_mode=S_IFREG|0644, st_size=13599, ...}) = 0 <0.000058>
801   00:07:33.116376 _llseek(3, 0, [0], SEEK_CUR) = 0 <0.000058>
801   00:07:33.116641 fstat64(3, {st_mode=S_IFREG|0644, st_size=13599, ...}) = 0 <0.000056>
801   00:07:33.116921 read(3, "\247\r\r\n\0\0\0\0D\340\35i\265\"\0\0\343\0\0\0\0\0\0\0\0\0\0\0\0\6\0\0"..., 13600) = 13599 <0.000101>
801   00:07:33.117241 read(3, "", 1)    = 0 <0.000058>
801   00:07:33.117518 close(3)          = 0 <0.000062>
801   00:07:33.120573 stat64("/usr/lib/python3.11/site-packages/adi", {st_mode=S_IFDIR|0755, st_size=0, ...}) = 0 <0.000089>
801   00:07:33.121223 stat64("/usr/lib/python3.11/site-packages/adi/ad405x.pyc", {st_mode=S_IFREG|0644, st_size=9150, ...}) = 0 <0.000081>
801   00:07:33.122044 open("/usr/lib/python3.11/site-packages/adi/ad405x.pyc", O_RDONLY|O_LARGEFILE|O_CLOEXEC) = 3 <0.000094>
801   00:07:33.122389 fstat64(3, {st_mode=S_IFREG|0644, st_size=9150, ...}) = 0 <0.000058>
801   00:07:33.122700 _llseek(3, 0, [0], SEEK_CUR) = 0 <0.000058>
801   00:07:33.122964 fstat64(3, {st_mode=S_IFREG|0644, st_size=9150, ...}) = 0 <0.000056>
801   00:07:33.123241 read(3, "\247\r\r\n\0\0\0\0D\340\35i\232\26\0\0\343\0\0\0\0\0\0\0\0\0\0\0\0\6\0\0"..., 9151) = 9150 <0.000089>
801   00:07:33.123548 read(3, "", 1)    = 0 <0.000058>
801   00:07:33.123822 close(3)          = 0 <0.000062>
801   00:07:33.125196 stat64("/root", {st_mode=S_IFDIR|0700, st_size=0, ...}) = 0 <0.000080>
801   00:07:33.125837 stat64("/usr/lib/python3.11", {st_mode=S_IFDIR|0755, st_size=0, ...}) = 0 <0.000075>
801   00:07:33.126403 stat64("/usr/lib/python3.11/decimal.pyc", {st_mode=S_IFREG|0644, st_size=541, ...}) = 0 <0.000076>
801   00:07:33.127183 open("/usr/lib/python3.11/decimal.pyc", O_RDONLY|O_LARGEFILE|O_CLOEXEC) = 3 <0.000088>
801   00:07:33.127511 fstat64(3, {st_mode=S_IFREG|0644, st_size=541, ...}) = 0 <0.000058>
801   00:07:33.127818 _llseek(3, 0, [0], SEEK_CUR) = 0 <0.000057>
801   00:07:33.128080 fstat64(3, {st_mode=S_IFREG|0644, st_size=541, ...}) = 0 <0.000056>
801   00:07:33.128351 read(3, "\247\r\r\n\0\0\0\0a&\325i@\1\0\0\343\0\0\0\0\0\0\0\0\0\0\0\0\4\0\0"..., 542) = 541 <0.000072>
801   00:07:33.128629 read(3, "", 1)    = 0 <0.000057>
801   00:07:33.128896 close(3)          = 0 <0.000062>
801   00:07:33.129741 stat64("/root", {st_mode=S_IFDIR|0700, st_size=0, ...}) = 0 <0.000079>
801   00:07:33.130495 stat64("/usr/lib/python3.11", {st_mode=S_IFDIR|0755, st_size=0, ...}) = 0 <0.000081>
801   00:07:33.131086 stat64("/usr/lib/python3.11/lib-dynload", {st_mode=S_IFDIR|0755, st_size=0, ...}) = 0 <0.000076>
801   00:07:33.131646 stat64("/usr/lib/python3.11/site-packages", {st_mode=S_IFDIR|0755, st_size=0, ...}) = 0 <0.000075>
801   00:07:33.132742 stat64("/root", {st_mode=S_IFDIR|0700, st_size=0, ...}) = 0 <0.000076>
801   00:07:33.133365 stat64("/usr/lib/python3.11", {st_mode=S_IFDIR|0755, st_size=0, ...}) = 0 <0.000075>
801   00:07:33.133909 stat64("/usr/lib/python3.11/_pydecimal.pyc", {st_mode=S_IFREG|0644, st_size=244258, ...}) = 0 <0.000076>
801   00:07:33.134697 open("/usr/lib/python3.11/_pydecimal.pyc", O_RDONLY|O_LARGEFILE|O_CLOEXEC) = 3 <0.000090>
801   00:07:33.135027 fstat64(3, {st_mode=S_IFREG|0644, st_size=244258, ...}) = 0 <0.000058>
801   00:07:33.135333 _llseek(3, 0, [0], SEEK_CUR) = 0 <0.000056>
801   00:07:33.135594 fstat64(3, {st_mode=S_IFREG|0644, st_size=244258, ...}) = 0 <0.000055>
801   00:07:33.135869 brk(0x88b000)     = 0x88b000 <0.000092>
801   00:07:33.136162 read(3, "\247\r\r\n\0\0\0\0a&\325iR\177\3\0\343\0\0\0\0\0\0\0\0\0\0\0\0\n\0\0"..., 244259) = 244258 <0.001035>
801   00:07:33.137487 read(3, "", 1)    = 0 <0.000065>
801   00:07:33.137834 close(3)          = 0 <0.000067>
801   00:07:33.146723 brk(0x8ac000)     = 0x8ac000 <0.000109>
801   00:07:33.148421 mmap2(NULL, 262144, PROT_READ|PROT_WRITE, MAP_PRIVATE|MAP_ANONYMOUS, -1, 0) = 0xb546d000 <0.000114>
801   00:07:33.153956 stat64("/root", {st_mode=S_IFDIR|0700, st_size=0, ...}) = 0 <0.000086>
801   00:07:33.154659 stat64("/usr/lib/python3.11", {st_mode=S_IFDIR|0755, st_size=0, ...}) = 0 <0.000080>
801   00:07:33.155221 stat64("/usr/lib/python3.11/contextvars.pyc", {st_mode=S_IFREG|0644, st_size=297, ...}) = 0 <0.000075>
801   00:07:33.156043 open("/usr/lib/python3.11/contextvars.pyc", O_RDONLY|O_LARGEFILE|O_CLOEXEC) = 3 <0.000088>
801   00:07:33.156379 fstat64(3, {st_mode=S_IFREG|0644, st_size=297, ...}) = 0 <0.000056>
801   00:07:33.156686 _llseek(3, 0, [0], SEEK_CUR) = 0 <0.000062>
801   00:07:33.156955 fstat64(3, {st_mode=S_IFREG|0644, st_size=297, ...}) = 0 <0.000056>
801   00:07:33.157220 read(3, "\247\r\r\n\0\0\0\0a&\325i\201\0\0\0\343\0\0\0\0\0\0\0\0\0\0\0\0\2\0\0"..., 298) = 297 <0.000070>
801   00:07:33.157498 read(3, "", 1)    = 0 <0.000057>
801   00:07:33.157764 close(3)          = 0 <0.000064>
801   00:07:33.158606 stat64("/root", {st_mode=S_IFDIR|0700, st_size=0, ...}) = 0 <0.000077>
801   00:07:33.159226 stat64("/usr/lib/python3.11", {st_mode=S_IFDIR|0755, st_size=0, ...}) = 0 <0.000074>
801   00:07:33.159787 stat64("/usr/lib/python3.11/lib-dynload", {st_mode=S_IFDIR|0755, st_size=0, ...}) = 0 <0.000078>
801   00:07:33.160331 stat64("/usr/lib/python3.11/lib-dynload/_contextvars.cpython-311-arm-linux-gnueabihf.so", {st_mode=S_IFREG|0755, st_size=5376, ...}) = 0 <0.000079>
801   00:07:33.161009 open("/usr/lib/python3.11/lib-dynload/_contextvars.cpython-311-arm-linux-gnueabihf.so", O_RDONLY|O_CLOEXEC) = 3 <0.000089>
801   00:07:33.161338 read(3, "\177ELF\1\1\1\0\0\0\0\0\0\0\0\0\3\0(\0\1\0\0\0\304\5\0\0004\0\0\0"..., 512) = 512 <0.000070>
801   00:07:33.161619 fstat64(3, {st_mode=S_IFREG|0755, st_size=5376, ...}) = 0 <0.000057>
801   00:07:33.161911 mmap2(NULL, 69740, PROT_READ|PROT_EXEC, MAP_PRIVATE|MAP_DENYWRITE, 3, 0) = 0xb5595000 <0.000127>
801   00:07:33.162230 mprotect(0xb5596000, 61440, PROT_NONE) = 0 <0.000100>
801   00:07:33.162507 mmap2(0xb55a5000, 8192, PROT_READ|PROT_WRITE, MAP_PRIVATE|MAP_FIXED|MAP_DENYWRITE, 3, 0) = 0xb55a5000 <0.000126>
801   00:07:33.162894 close(3)          = 0 <0.000061>
801   00:07:33.163257 mprotect(0xb55a5000, 4096, PROT_READ) = 0 <0.000093>
801   00:07:33.188480 stat64("/usr/lib/python3.11/site-packages/adi", {st_mode=S_IFDIR|0755, st_size=0, ...}) = 0 <0.000095>
801   00:07:33.189181 stat64("/usr/lib/python3.11/site-packages/adi/ad469x.pyc", {st_mode=S_IFREG|0644, st_size=5146, ...}) = 0 <0.000085>
801   00:07:33.190081 open("/usr/lib/python3.11/site-packages/adi/ad469x.pyc", O_RDONLY|O_LARGEFILE|O_CLOEXEC) = 3 <0.000125>
801   00:07:33.190490 fstat64(3, {st_mode=S_IFREG|0644, st_size=5146, ...}) = 0 <0.000058>
801   00:07:33.190824 _llseek(3, 0, [0], SEEK_CUR) = 0 <0.000060>
801   00:07:33.191093 fstat64(3, {st_mode=S_IFREG|0644, st_size=5146, ...}) = 0 <0.000056>
801   00:07:33.191370 read(3, "\247\r\r\n\0\0\0\0D\340\35i\266\v\0\0\343\0\0\0\0\0\0\0\0\0\0\0\0\6\0\0"..., 5147) = 5146 <0.000082>
801   00:07:33.191665 read(3, "", 1)    = 0 <0.000058>
801   00:07:33.191939 close(3)          = 0 <0.000064>
801   00:07:33.194115 stat64("/usr/lib/python3.11/site-packages/adi", {st_mode=S_IFDIR|0755, st_size=0, ...}) = 0 <0.000088>
801   00:07:33.194748 stat64("/usr/lib/python3.11/site-packages/adi/ad579x.pyc", {st_mode=S_IFREG|0644, st_size=7041, ...}) = 0 <0.000080>
801   00:07:33.195557 open("/usr/lib/python3.11/site-packages/adi/ad579x.pyc", O_RDONLY|O_LARGEFILE|O_CLOEXEC) = 3 <0.000095>
801   00:07:33.195894 fstat64(3, {st_mode=S_IFREG|0644, st_size=7041, ...}) = 0 <0.000057>
801   00:07:33.196202 _llseek(3, 0, [0], SEEK_CUR) = 0 <0.000057>
801   00:07:33.196468 fstat64(3, {st_mode=S_IFREG|0644, st_size=7041, ...}) = 0 <0.000059>
801   00:07:33.196742 read(3, "\247\r\r\n\0\0\0\0D\340\35i\336\17\0\0\343\0\0\0\0\0\0\0\0\0\0\0\0\6\0\0"..., 7042) = 7041 <0.000085>
801   00:07:33.197039 read(3, "", 1)    = 0 <0.000057>
801   00:07:33.197311 close(3)          = 0 <0.000061>
801   00:07:33.199713 stat64("/usr/lib/python3.11/site-packages/adi", {st_mode=S_IFDIR|0755, st_size=0, ...}) = 0 <0.000092>
801   00:07:33.200443 stat64("/usr/lib/python3.11/site-packages/adi/ad717x.pyc", {st_mode=S_IFREG|0644, st_size=5173, ...}) = 0 <0.000081>
801   00:07:33.201267 open("/usr/lib/python3.11/site-packages/adi/ad717x.pyc", O_RDONLY|O_LARGEFILE|O_CLOEXEC) = 3 <0.000090>
801   00:07:33.201603 fstat64(3, {st_mode=S_IFREG|0644, st_size=5173, ...}) = 0 <0.000058>
801   00:07:33.201917 _llseek(3, 0, [0], SEEK_CUR) = 0 <0.000057>
801   00:07:33.202180 fstat64(3, {st_mode=S_IFREG|0644, st_size=5173, ...}) = 0 <0.000056>
801   00:07:33.202450 read(3, "\247\r\r\n\0\0\0\0D\340\35ia\f\0\0\343\0\0\0\0\0\0\0\0\0\0\0\0\6\0\0"..., 5174) = 5173 <0.000080>
801   00:07:33.202741 read(3, "", 1)    = 0 <0.000057>
801   00:07:33.203013 close(3)          = 0 <0.000060>
801   00:07:33.205217 stat64("/usr/lib/python3.11/site-packages/adi", {st_mode=S_IFDIR|0755, st_size=0, ...}) = 0 <0.000086>
801   00:07:33.205843 stat64("/usr/lib/python3.11/site-packages/adi/ad719x.pyc", {st_mode=S_IFREG|0644, st_size=5224, ...}) = 0 <0.000081>
801   00:07:33.206648 open("/usr/lib/python3.11/site-packages/adi/ad719x.pyc", O_RDONLY|O_LARGEFILE|O_CLOEXEC) = 3 <0.000089>
801   00:07:33.206980 fstat64(3, {st_mode=S_IFREG|0644, st_size=5224, ...}) = 0 <0.000061>
801   00:07:33.207290 _llseek(3, 0, [0], SEEK_CUR) = 0 <0.000058>
801   00:07:33.207553 fstat64(3, {st_mode=S_IFREG|0644, st_size=5224, ...}) = 0 <0.000055>
801   00:07:33.207825 read(3, "\247\r\r\n\0\0\0\0D\340\35i\273\v\0\0\343\0\0\0\0\0\0\0\0\0\0\0\0\6\0\0"..., 5225) = 5224 <0.000080>
801   00:07:33.208114 read(3, "", 1)    = 0 <0.000062>
801   00:07:33.208385 close(3)          = 0 <0.000061>
801   00:07:33.210777 stat64("/usr/lib/python3.11/site-packages/adi", {st_mode=S_IFDIR|0755, st_size=0, ...}) = 0 <0.000088>
801   00:07:33.211419 stat64("/usr/lib/python3.11/site-packages/adi/ad738x.pyc", {st_mode=S_IFREG|0644, st_size=5175, ...}) = 0 <0.000079>
801   00:07:33.212221 open("/usr/lib/python3.11/site-packages/adi/ad738x.pyc", O_RDONLY|O_LARGEFILE|O_CLOEXEC) = 3 <0.000092>
801   00:07:33.212556 fstat64(3, {st_mode=S_IFREG|0644, st_size=5175, ...}) = 0 <0.000058>
801   00:07:33.212863 _llseek(3, 0, [0], SEEK_CUR) = 0 <0.000058>
801   00:07:33.213127 fstat64(3, {st_mode=S_IFREG|0644, st_size=5175, ...}) = 0 <0.000056>
801   00:07:33.213405 read(3, "\247\r\r\n\0\0\0\0D\340\35it\f\0\0\343\0\0\0\0\0\0\0\0\0\0\0\0\6\0\0"..., 5176) = 5175 <0.000080>
801   00:07:33.213696 read(3, "", 1)    = 0 <0.000058>
801   00:07:33.213968 close(3)          = 0 <0.000061>
801   00:07:33.216223 stat64("/usr/lib/python3.11/site-packages/adi", {st_mode=S_IFDIR|0755, st_size=0, ...}) = 0 <0.000088>
801   00:07:33.216864 stat64("/usr/lib/python3.11/site-packages/adi/ad777x.pyc", {st_mode=S_IFREG|0644, st_size=5067, ...}) = 0 <0.000081>
801   00:07:33.217669 open("/usr/lib/python3.11/site-packages/adi/ad777x.pyc", O_RDONLY|O_LARGEFILE|O_CLOEXEC) = 3 <0.000089>
801   00:07:33.217999 fstat64(3, {st_mode=S_IFREG|0644, st_size=5067, ...}) = 0 <0.000058>
801   00:07:33.218307 _llseek(3, 0, [0], SEEK_CUR) = 0 <0.000058>
801   00:07:33.218569 fstat64(3, {st_mode=S_IFREG|0644, st_size=5067, ...}) = 0 <0.000059>
801   00:07:33.218846 read(3, "\247\r\r\n\0\0\0\0D\340\35iG\v\0\0\343\0\0\0\0\0\0\0\0\0\0\0\0\6\0\0"..., 5068) = 5067 <0.000080>
801   00:07:33.219133 read(3, "", 1)    = 0 <0.000058>
801   00:07:33.219401 close(3)          = 0 <0.000062>
801   00:07:33.221846 stat64("/usr/lib/python3.11/site-packages/adi", {st_mode=S_IFDIR|0755, st_size=0, ...}) = 0 <0.000087>
801   00:07:33.222483 stat64("/usr/lib/python3.11/site-packages/adi/ad936x.pyc", {st_mode=S_IFREG|0644, st_size=16013, ...}) = 0 <0.000081>
801   00:07:33.223302 open("/usr/lib/python3.11/site-packages/adi/ad936x.pyc", O_RDONLY|O_LARGEFILE|O_CLOEXEC) = 3 <0.000089>
801   00:07:33.223634 fstat64(3, {st_mode=S_IFREG|0644, st_size=16013, ...}) = 0 <0.000058>
801   00:07:33.223945 _llseek(3, 0, [0], SEEK_CUR) = 0 <0.000058>
801   00:07:33.224209 fstat64(3, {st_mode=S_IFREG|0644, st_size=16013, ...}) = 0 <0.000056>
801   00:07:33.224484 read(3, "\247\r\r\n\0\0\0\0D\340\35i\34-\0\0\343\0\0\0\0\0\0\0\0\0\0\0\0\6\0\0"..., 16014) = 16013 <0.000108>
801   00:07:33.224809 read(3, "", 1)    = 0 <0.000061>
801   00:07:33.225088 close(3)          = 0 <0.000061>
801   00:07:33.226948 stat64("/usr/lib/python3.11/site-packages/adi", {st_mode=S_IFDIR|0755, st_size=0, ...}) = 0 <0.000088>
801   00:07:33.227586 stat64("/usr/lib/python3.11/site-packages/adi/dsp.pyc", {st_mode=S_IFREG|0644, st_size=3451, ...}) = 0 <0.000079>
801   00:07:33.228396 open("/usr/lib/python3.11/site-packages/adi/dsp.pyc", O_RDONLY|O_LARGEFILE|O_CLOEXEC) = 3 <0.000090>
801   00:07:33.228731 fstat64(3, {st_mode=S_IFREG|0644, st_size=3451, ...}) = 0 <0.000057>
801   00:07:33.229039 _llseek(3, 0, [0], SEEK_CUR) = 0 <0.000061>
801   00:07:33.229304 fstat64(3, {st_mode=S_IFREG|0644, st_size=3451, ...}) = 0 <0.000056>
801   00:07:33.229577 read(3, "\247\r\r\n\0\0\0\0D\340\35i\353\6\0\0\343\0\0\0\0\0\0\0\0\0\0\0\0\4\0\0"..., 3452) = 3451 <0.000076>
801   00:07:33.229862 read(3, "", 1)    = 0 <0.000057>
801   00:07:33.230292 close(3)          = 0 <0.000063>
801   00:07:33.234797 stat64("/usr/lib/python3.11/site-packages/adi", {st_mode=S_IFDIR|0755, st_size=0, ...}) = 0 <0.000089>
801   00:07:33.235462 stat64("/usr/lib/python3.11/site-packages/adi/ad937x.pyc", {st_mode=S_IFREG|0644, st_size=46054, ...}) = 0 <0.000078>
801   00:07:33.236273 open("/usr/lib/python3.11/site-packages/adi/ad937x.pyc", O_RDONLY|O_LARGEFILE|O_CLOEXEC) = 3 <0.000093>
801   00:07:33.236619 fstat64(3, {st_mode=S_IFREG|0644, st_size=46054, ...}) = 0 <0.000058>
801   00:07:33.236930 _llseek(3, 0, [0], SEEK_CUR) = 0 <0.000058>
801   00:07:33.237196 fstat64(3, {st_mode=S_IFREG|0644, st_size=46054, ...}) = 0 <0.000056>
801   00:07:33.237470 read(3, "\247\r\r\n\0\0\0\0D\340\35i\216\203\0\0\343\0\0\0\0\0\0\0\0\0\0\0\0\7\0\0"..., 46055) = 46054 <0.000179>
801   00:07:33.237882 read(3, "", 1)    = 0 <0.000061>
801   00:07:33.238179 close(3)          = 0 <0.000063>
801   00:07:33.241497 stat64("/usr/lib/python3.11/site-packages/adi", {st_mode=S_IFDIR|0755, st_size=0, ...}) = 0 <0.000091>
801   00:07:33.242168 stat64("/usr/lib/python3.11/site-packages/adi/jesd.pyc", {st_mode=S_IFREG|0644, st_size=429, ...}) = 0 <0.000081>
801   00:07:33.242996 open("/usr/lib/python3.11/site-packages/adi/jesd.pyc", O_RDONLY|O_LARGEFILE|O_CLOEXEC) = 3 <0.000091>
801   00:07:33.243335 fstat64(3, {st_mode=S_IFREG|0644, st_size=429, ...}) = 0 <0.000058>
801   00:07:33.243647 _llseek(3, 0, [0], SEEK_CUR) = 0 <0.000061>
801   00:07:33.243914 fstat64(3, {st_mode=S_IFREG|0644, st_size=429, ...}) = 0 <0.000058>
801   00:07:33.244214 read(3, "\247\r\r\n\0\0\0\0D\340\35i\372\0\0\0\343\0\0\0\0\0\0\0\0\0\0\0\0\4\0\0"..., 430) = 429 <0.000071>
801   00:07:33.244497 read(3, "", 1)    = 0 <0.000058>
801   00:07:33.244765 close(3)          = 0 <0.000064>
801   00:07:33.245586 stat64("/usr/lib/python3.11/site-packages/adi", {st_mode=S_IFDIR|0755, st_size=0, ...}) = 0 <0.000083>
801   00:07:33.246210 stat64("/usr/lib/python3.11/site-packages/adi/jesd_internal.pyc", {st_mode=S_IFREG|0644, st_size=4783, ...}) = 0 <0.000080>
801   00:07:33.247011 open("/usr/lib/python3.11/site-packages/adi/jesd_internal.pyc", O_RDONLY|O_LARGEFILE|O_CLOEXEC) = 3 <0.000092>
801   00:07:33.247347 fstat64(3, {st_mode=S_IFREG|0644, st_size=4783, ...}) = 0 <0.000057>
801   00:07:33.247655 _llseek(3, 0, [0], SEEK_CUR) = 0 <0.000058>
801   00:07:33.247917 fstat64(3, {st_mode=S_IFREG|0644, st_size=4783, ...}) = 0 <0.000059>
801   00:07:33.248192 read(3, "\247\r\r\n\0\0\0\0D\340\35i\343\10\0\0\343\0\0\0\0\0\0\0\0\0\0\0\0\4\0\0"..., 4784) = 4783 <0.000080>
801   00:07:33.248479 read(3, "", 1)    = 0 <0.000056>
801   00:07:33.248746 close(3)          = 0 <0.000062>
801   00:07:33.251195 stat64("/usr/lib/python3.11/site-packages/adi", {st_mode=S_IFDIR|0755, st_size=0, ...}) = 0 <0.000088>
801   00:07:33.251841 stat64("/usr/lib/python3.11/site-packages/adi/sshfs.pyc", {st_mode=S_IFREG|0644, st_size=3310, ...}) = 0 <0.000080>
801   00:07:33.252655 open("/usr/lib/python3.11/site-packages/adi/sshfs.pyc", O_RDONLY|O_LARGEFILE|O_CLOEXEC) = 3 <0.000090>
801   00:07:33.252991 fstat64(3, {st_mode=S_IFREG|0644, st_size=3310, ...}) = 0 <0.000057>
801   00:07:33.253304 _llseek(3, 0, [0], SEEK_CUR) = 0 <0.000058>
801   00:07:33.253566 fstat64(3, {st_mode=S_IFREG|0644, st_size=3310, ...}) = 0 <0.000055>
801   00:07:33.253836 read(3, "\247\r\r\n\0\0\0\0D\340\35i?\6\0\0\343\0\0\0\0\0\0\0\0\0\0\0\0\4\0\0"..., 3311) = 3310 <0.000076>
801   00:07:33.254118 read(3, "", 1)    = 0 <0.000057>
801   00:07:33.254389 close(3)          = 0 <0.000062>
801   00:07:33.255491 stat64("/root", {st_mode=S_IFDIR|0700, st_size=0, ...}) = 0 <0.000078>
801   00:07:33.256121 stat64("/usr/lib/python3.11", {st_mode=S_IFDIR|0755, st_size=0, ...}) = 0 <0.000075>
801   00:07:33.256693 stat64("/usr/lib/python3.11/lib-dynload", {st_mode=S_IFDIR|0755, st_size=0, ...}) = 0 <0.000075>
801   00:07:33.257248 stat64("/usr/lib/python3.11/site-packages", {st_mode=S_IFDIR|0755, st_size=0, ...}) = 0 <0.000077>
801   00:07:33.258878 stat64("/usr/lib/python3.11/site-packages/adi", {st_mode=S_IFDIR|0755, st_size=0, ...}) = 0 <0.000081>
801   00:07:33.259469 stat64("/usr/lib/python3.11/site-packages/adi/obs.pyc", {st_mode=S_IFREG|0644, st_size=3575, ...}) = 0 <0.000082>
801   00:07:33.260441 open("/usr/lib/python3.11/site-packages/adi/obs.pyc", O_RDONLY|O_LARGEFILE|O_CLOEXEC) = 3 <0.000093>
801   00:07:33.260788 fstat64(3, {st_mode=S_IFREG|0644, st_size=3575, ...}) = 0 <0.000058>
801   00:07:33.261098 _llseek(3, 0, [0], SEEK_CUR) = 0 <0.000057>
801   00:07:33.261361 fstat64(3, {st_mode=S_IFREG|0644, st_size=3575, ...}) = 0 <0.000056>
801   00:07:33.261641 read(3, "\247\r\r\n\0\0\0\0D\340\35iP\6\0\0\343\0\0\0\0\0\0\0\0\0\0\0\0\5\0\0"..., 3576) = 3575 <0.000075>
801   00:07:33.261924 read(3, "", 1)    = 0 <0.000058>
801   00:07:33.262195 close(3)          = 0 <0.000061>
801   00:07:33.264496 stat64("/usr/lib/python3.11/site-packages/adi", {st_mode=S_IFDIR|0755, st_size=0, ...}) = 0 <0.000087>
801   00:07:33.265124 stat64("/usr/lib/python3.11/site-packages/adi/sync_start.pyc", {st_mode=S_IFREG|0644, st_size=10810, ...}) = 0 <0.000079>
801   00:07:33.265926 open("/usr/lib/python3.11/site-packages/adi/sync_start.pyc", O_RDONLY|O_LARGEFILE|O_CLOEXEC) = 3 <0.000091>
801   00:07:33.266264 fstat64(3, {st_mode=S_IFREG|0644, st_size=10810, ...}) = 0 <0.000059>
801   00:07:33.266573 _llseek(3, 0, [0], SEEK_CUR) = 0 <0.000058>
801   00:07:33.266834 fstat64(3, {st_mode=S_IFREG|0644, st_size=10810, ...}) = 0 <0.000059>
801   00:07:33.267110 read(3, "\247\r\r\n\0\0\0\0D\340\35i$\"\0\0\343\0\0\0\0\0\0\0\0\0\0\0\0\5\0\0"..., 10811) = 10810 <0.000095>
801   00:07:33.267442 read(3, "", 1)    = 0 <0.000058>
801   00:07:33.267720 close(3)          = 0 <0.000062>
801   00:07:33.272547 stat64("/usr/lib/python3.11/site-packages/adi", {st_mode=S_IFDIR|0755, st_size=0, ...}) = 0 <0.000089>
801   00:07:33.273214 stat64("/usr/lib/python3.11/site-packages/adi/ad3552r.pyc", {st_mode=S_IFREG|0644, st_size=5213, ...}) = 0 <0.000079>
801   00:07:33.274034 open("/usr/lib/python3.11/site-packages/adi/ad3552r.pyc", O_RDONLY|O_LARGEFILE|O_CLOEXEC) = 3 <0.000092>
801   00:07:33.274378 fstat64(3, {st_mode=S_IFREG|0644, st_size=5213, ...}) = 0 <0.000057>
801   00:07:33.274691 _llseek(3, 0, [0], SEEK_CUR) = 0 <0.000059>
801   00:07:33.274957 fstat64(3, {st_mode=S_IFREG|0644, st_size=5213, ...}) = 0 <0.000056>
801   00:07:33.275230 read(3, "\247\r\r\n\0\0\0\0D\340\35iN\f\0\0\343\0\0\0\0\0\0\0\0\0\0\0\0\6\0\0"..., 5214) = 5213 <0.000086>
801   00:07:33.275528 read(3, "", 1)    = 0 <0.000057>
801   00:07:33.275798 close(3)          = 0 <0.000062>
801   00:07:33.277999 stat64("/usr/lib/python3.11/site-packages/adi", {st_mode=S_IFDIR|0755, st_size=0, ...}) = 0 <0.000086>
801   00:07:33.278628 stat64("/usr/lib/python3.11/site-packages/adi/ad3552r_hs.pyc", {st_mode=S_IFREG|0644, st_size=7431, ...}) = 0 <0.000078>
801   00:07:33.279427 open("/usr/lib/python3.11/site-packages/adi/ad3552r_hs.pyc", O_RDONLY|O_LARGEFILE|O_CLOEXEC) = 3 <0.000095>
801   00:07:33.279768 fstat64(3, {st_mode=S_IFREG|0644, st_size=7431, ...}) = 0 <0.000059>
801   00:07:33.280226 _llseek(3, 0, [0], SEEK_CUR) = 0 <0.000060>
801   00:07:33.280510 fstat64(3, {st_mode=S_IFREG|0644, st_size=7431, ...}) = 0 <0.000057>
801   00:07:33.280789 read(3, "\247\r\r\n\0\0\0\0D\340\35i\370\20\0\0\343\0\0\0\0\0\0\0\0\0\0\0\0\6\0\0"..., 7432) = 7431 <0.000087>
801   00:07:33.281088 read(3, "", 1)    = 0 <0.000057>
801   00:07:33.281359 close(3)          = 0 <0.000063>
801   00:07:33.283734 stat64("/usr/lib/python3.11/site-packages/adi", {st_mode=S_IFDIR|0755, st_size=0, ...}) = 0 <0.000085>
801   00:07:33.284361 stat64("/usr/lib/python3.11/site-packages/adi/ad4020.pyc", {st_mode=S_IFREG|0644, st_size=6414, ...}) = 0 <0.000077>
801   00:07:33.285163 open("/usr/lib/python3.11/site-packages/adi/ad4020.pyc", O_RDONLY|O_LARGEFILE|O_CLOEXEC) = 3 <0.000090>
801   00:07:33.285497 fstat64(3, {st_mode=S_IFREG|0644, st_size=6414, ...}) = 0 <0.000059>
801   00:07:33.285812 _llseek(3, 0, [0], SEEK_CUR) = 0 <0.000058>
801   00:07:33.286074 fstat64(3, {st_mode=S_IFREG|0644, st_size=6414, ...}) = 0 <0.000056>
801   00:07:33.286346 read(3, "\247\r\r\n\0\0\0\0D\340\35iQ\r\0\0\343\0\0\0\0\0\0\0\0\0\0\0\0\6\0\0"..., 6415) = 6414 <0.000084>
801   00:07:33.286638 read(3, "", 1)    = 0 <0.000062>
801   00:07:33.286911 close(3)          = 0 <0.000061>
801   00:07:33.291234 stat64("/usr/lib/python3.11/site-packages/adi", {st_mode=S_IFDIR|0755, st_size=0, ...}) = 0 <0.000086>
801   00:07:33.291876 stat64("/usr/lib/python3.11/site-packages/adi/ad4080.pyc", {st_mode=S_IFREG|0644, st_size=5479, ...}) = 0 <0.000083>
801   00:07:33.292688 open("/usr/lib/python3.11/site-packages/adi/ad4080.pyc", O_RDONLY|O_LARGEFILE|O_CLOEXEC) = 3 <0.000089>
801   00:07:33.293022 fstat64(3, {st_mode=S_IFREG|0644, st_size=5479, ...}) = 0 <0.000060>
801   00:07:33.293332 _llseek(3, 0, [0], SEEK_CUR) = 0 <0.000058>
801   00:07:33.293596 fstat64(3, {st_mode=S_IFREG|0644, st_size=5479, ...}) = 0 <0.000056>
801   00:07:33.293869 read(3, "\247\r\r\n\0\0\0\0D\340\35i%\r\0\0\343\0\0\0\0\0\0\0\0\0\0\0\0\6\0\0"..., 5480) = 5479 <0.000081>
801   00:07:33.294160 read(3, "", 1)    = 0 <0.000057>
801   00:07:33.294428 close(3)          = 0 <0.000061>
801   00:07:33.296079 mmap2(NULL, 262144, PROT_READ|PROT_WRITE, MAP_PRIVATE|MAP_ANONYMOUS, -1, 0) = 0xb542d000 <0.000112>
801   00:07:33.297099 stat64("/usr/lib/python3.11/site-packages/adi", {st_mode=S_IFDIR|0755, st_size=0, ...}) = 0 <0.000084>
801   00:07:33.297710 stat64("/usr/lib/python3.11/site-packages/adi/ad4110.pyc", {st_mode=S_IFREG|0644, st_size=5019, ...}) = 0 <0.000078>
801   00:07:33.298525 open("/usr/lib/python3.11/site-packages/adi/ad4110.pyc", O_RDONLY|O_LARGEFILE|O_CLOEXEC) = 3 <0.000089>
801   00:07:33.298878 fstat64(3, {st_mode=S_IFREG|0644, st_size=5019, ...}) = 0 <0.000057>
801   00:07:33.299188 _llseek(3, 0, [0], SEEK_CUR) = 0 <0.000057>
801   00:07:33.299454 fstat64(3, {st_mode=S_IFREG|0644, st_size=5019, ...}) = 0 <0.000057>
801   00:07:33.299728 read(3, "\247\r\r\n\0\0\0\0D\340\35i'\v\0\0\343\0\0\0\0\0\0\0\0\0\0\0\0\6\0\0"..., 5020) = 5019 <0.000081>
801   00:07:33.300095 read(3, "", 1)    = 0 <0.000085>
801   00:07:33.300405 close(3)          = 0 <0.000066>
801   00:07:33.302634 stat64("/usr/lib/python3.11/site-packages/adi", {st_mode=S_IFDIR|0755, st_size=0, ...}) = 0 <0.000087>
801   00:07:33.303273 stat64("/usr/lib/python3.11/site-packages/adi/ad4130.pyc", {st_mode=S_IFREG|0644, st_size=4769, ...}) = 0 <0.000080>
801   00:07:33.304076 open("/usr/lib/python3.11/site-packages/adi/ad4130.pyc", O_RDONLY|O_LARGEFILE|O_CLOEXEC) = 3 <0.000088>
801   00:07:33.304408 fstat64(3, {st_mode=S_IFREG|0644, st_size=4769, ...}) = 0 <0.000058>
801   00:07:33.304722 _llseek(3, 0, [0], SEEK_CUR) = 0 <0.000059>
801   00:07:33.304987 fstat64(3, {st_mode=S_IFREG|0644, st_size=4769, ...}) = 0 <0.000057>
801   00:07:33.305261 read(3, "\247\r\r\n\0\0\0\0D\340\35i\31\n\0\0\343\0\0\0\0\0\0\0\0\0\0\0\0\6\0\0"..., 4770) = 4769 <0.000079>
801   00:07:33.305548 read(3, "", 1)    = 0 <0.000060>
801   00:07:33.305818 close(3)          = 0 <0.000062>
801   00:07:33.307966 stat64("/usr/lib/python3.11/site-packages/adi", {st_mode=S_IFDIR|0755, st_size=0, ...}) = 0 <0.000085>
801   00:07:33.308592 stat64("/usr/lib/python3.11/site-packages/adi/ad4170.pyc", {st_mode=S_IFREG|0644, st_size=4779, ...}) = 0 <0.000081>
801   00:07:33.309415 open("/usr/lib/python3.11/site-packages/adi/ad4170.pyc", O_RDONLY|O_LARGEFILE|O_CLOEXEC) = 3 <0.000090>
801   00:07:33.309748 fstat64(3, {st_mode=S_IFREG|0644, st_size=4779, ...}) = 0 <0.000060>
801   00:07:33.310153 _llseek(3, 0, [0], SEEK_CUR) = 0 <0.000060>
801   00:07:33.310431 fstat64(3, {st_mode=S_IFREG|0644, st_size=4779, ...}) = 0 <0.000057>
801   00:07:33.310708 read(3, "\247\r\r\n\0\0\0\0D\340\35i\r\n\0\0\343\0\0\0\0\0\0\0\0\0\0\0\0\6\0\0"..., 4780) = 4779 <0.000080>
801   00:07:33.310999 read(3, "", 1)    = 0 <0.000058>
801   00:07:33.311268 close(3)          = 0 <0.000061>
801   00:07:33.313466 stat64("/usr/lib/python3.11/site-packages/adi", {st_mode=S_IFDIR|0755, st_size=0, ...}) = 0 <0.000088>
801   00:07:33.314103 stat64("/usr/lib/python3.11/site-packages/adi/ad4630.pyc", {st_mode=S_IFREG|0644, st_size=11649, ...}) = 0 <0.000079>
801   00:07:33.314904 open("/usr/lib/python3.11/site-packages/adi/ad4630.pyc", O_RDONLY|O_LARGEFILE|O_CLOEXEC) = 3 <0.000092>
801   00:07:33.315237 fstat64(3, {st_mode=S_IFREG|0644, st_size=11649, ...}) = 0 <0.000058>
801   00:07:33.315546 _llseek(3, 0, [0], SEEK_CUR) = 0 <0.000057>
801   00:07:33.315806 fstat64(3, {st_mode=S_IFREG|0644, st_size=11649, ...}) = 0 <0.000056>
801   00:07:33.316074 read(3, "\247\r\r\n\0\0\0\0D\340\35i\351\31\0\0\343\0\0\0\0\0\0\0\0\0\0\0\0\7\0\0"..., 11650) = 11649 <0.000098>
801   00:07:33.316381 read(3, "", 1)    = 0 <0.000057>
801   00:07:33.316652 close(3)          = 0 <0.000063>
801   00:07:33.321372 stat64("/usr/lib/python3.11/site-packages/adi", {st_mode=S_IFDIR|0755, st_size=0, ...}) = 0 <0.000093>
801   00:07:33.322040 stat64("/usr/lib/python3.11/site-packages/adi/ad4858.pyc", {st_mode=S_IFREG|0644, st_size=10483, ...}) = 0 <0.000082>
801   00:07:33.322911 open("/usr/lib/python3.11/site-packages/adi/ad4858.pyc", O_RDONLY|O_LARGEFILE|O_CLOEXEC) = 3 <0.000090>
801   00:07:33.323253 fstat64(3, {st_mode=S_IFREG|0644, st_size=10483, ...}) = 0 <0.000057>
801   00:07:33.323567 _llseek(3, 0, [0], SEEK_CUR) = 0 <0.000058>
801   00:07:33.323832 fstat64(3, {st_mode=S_IFREG|0644, st_size=10483, ...}) = 0 <0.000056>
801   00:07:33.324107 read(3, "\247\r\r\n\0\0\0\0D\340\35i=\31\0\0\343\0\0\0\0\0\0\0\0\0\0\0\0\6\0\0"..., 10484) = 10483 <0.000094>
801   00:07:33.324414 read(3, "", 1)    = 0 <0.000062>
801   00:07:33.324695 close(3)          = 0 <0.000065>
801   00:07:33.327405 stat64("/usr/lib/python3.11/site-packages/adi", {st_mode=S_IFDIR|0755, st_size=0, ...}) = 0 <0.000089>
801   00:07:33.328050 stat64("/usr/lib/python3.11/site-packages/adi/ad5592r.pyc", {st_mode=S_IFREG|0644, st_size=9373, ...}) = 0 <0.000080>
801   00:07:33.328868 open("/usr/lib/python3.11/site-packages/adi/ad5592r.pyc", O_RDONLY|O_LARGEFILE|O_CLOEXEC) = 3 <0.000089>
801   00:07:33.329212 fstat64(3, {st_mode=S_IFREG|0644, st_size=9373, ...}) = 0 <0.000057>
801   00:07:33.329523 _llseek(3, 0, [0], SEEK_CUR) = 0 <0.000058>
801   00:07:33.329790 fstat64(3, {st_mode=S_IFREG|0644, st_size=9373, ...}) = 0 <0.000055>
801   00:07:33.330207 read(3, "\247\r\r\n\0\0\0\0D\340\35i\31\31\0\0\343\0\0\0\0\0\0\0\0\0\0\0\0\6\0\0"..., 9374) = 9373 <0.000094>
801   00:07:33.330529 read(3, "", 1)    = 0 <0.000059>
801   00:07:33.330812 close(3)          = 0 <0.000065>
801   00:07:33.333604 stat64("/usr/lib/python3.11/site-packages/adi", {st_mode=S_IFDIR|0755, st_size=0, ...}) = 0 <0.000089>
801   00:07:33.334248 stat64("/usr/lib/python3.11/site-packages/adi/ad5686.pyc", {st_mode=S_IFREG|0644, st_size=5768, ...}) = 0 <0.000079>
801   00:07:33.335061 open("/usr/lib/python3.11/site-packages/adi/ad5686.pyc", O_RDONLY|O_LARGEFILE|O_CLOEXEC) = 3 <0.000090>
801   00:07:33.335397 fstat64(3, {st_mode=S_IFREG|0644, st_size=5768, ...}) = 0 <0.000057>
801   00:07:33.335704 _llseek(3, 0, [0], SEEK_CUR) = 0 <0.000058>
801   00:07:33.335967 fstat64(3, {st_mode=S_IFREG|0644, st_size=5768, ...}) = 0 <0.000058>
801   00:07:33.336240 read(3, "\247\r\r\n\0\0\0\0D\340\35iY\17\0\0\343\0\0\0\0\0\0\0\0\0\0\0\0\6\0\0"..., 5769) = 5768 <0.000080>
801   00:07:33.336528 read(3, "", 1)    = 0 <0.000058>
801   00:07:33.336796 close(3)          = 0 <0.000062>
801   00:07:33.338776 stat64("/usr/lib/python3.11/site-packages/adi", {st_mode=S_IFDIR|0755, st_size=0, ...}) = 0 <0.000084>
801   00:07:33.339401 stat64("/usr/lib/python3.11/site-packages/adi/ad5754r.pyc", {st_mode=S_IFREG|0644, st_size=16911, ...}) = 0 <0.000079>
801   00:07:33.340391 open("/usr/lib/python3.11/site-packages/adi/ad5754r.pyc", O_RDONLY|O_LARGEFILE|O_CLOEXEC) = 3 <0.000090>
801   00:07:33.340738 fstat64(3, {st_mode=S_IFREG|0644, st_size=16911, ...}) = 0 <0.000058>
801   00:07:33.341051 _llseek(3, 0, [0], SEEK_CUR) = 0 <0.000057>
801   00:07:33.341316 fstat64(3, {st_mode=S_IFREG|0644, st_size=16911, ...}) = 0 <0.000056>
801   00:07:33.341587 read(3, "\247\r\r\n\0\0\0\0D\340\35iS+\0\0\343\0\0\0\0\0\0\0\0\0\0\0\0\6\0\0"..., 16912) = 16911 <0.000110>
801   00:07:33.341911 read(3, "", 1)    = 0 <0.000059>
801   00:07:33.342186 close(3)          = 0 <0.000062>
801   00:07:33.345323 stat64("/usr/lib/python3.11/site-packages/adi", {st_mode=S_IFDIR|0755, st_size=0, ...}) = 0 <0.000091>
801   00:07:33.345968 stat64("/usr/lib/python3.11/site-packages/adi/ad5940.pyc", {st_mode=S_IFREG|0644, st_size=7088, ...}) = 0 <0.000079>
801   00:07:33.346783 open("/usr/lib/python3.11/site-packages/adi/ad5940.pyc", O_RDONLY|O_LARGEFILE|O_CLOEXEC) = 3 <0.000089>
801   00:07:33.347114 fstat64(3, {st_mode=S_IFREG|0644, st_size=7088, ...}) = 0 <0.000057>
801   00:07:33.347422 _llseek(3, 0, [0], SEEK_CUR) = 0 <0.000057>
801   00:07:33.347686 fstat64(3, {st_mode=S_IFREG|0644, st_size=7088, ...}) = 0 <0.000056>
801   00:07:33.347959 read(3, "\247\r\r\n\0\0\0\0D\340\35i\t\21\0\0\343\0\0\0\0\0\0\0\0\0\0\0\0\6\0\0"..., 7089) = 7088 <0.000085>
801   00:07:33.348255 read(3, "", 1)    = 0 <0.000058>
801   00:07:33.348526 close(3)          = 0 <0.000065>
801   00:07:33.351010 stat64("/usr/lib/python3.11/site-packages/adi", {st_mode=S_IFDIR|0755, st_size=0, ...}) = 0 <0.000090>
801   00:07:33.351654 stat64("/usr/lib/python3.11/site-packages/adi/ad6676.pyc", {st_mode=S_IFREG|0644, st_size=12159, ...}) = 0 <0.000084>
801   00:07:33.352467 open("/usr/lib/python3.11/site-packages/adi/ad6676.pyc", O_RDONLY|O_LARGEFILE|O_CLOEXEC) = 3 <0.000089>
801   00:07:33.352794 fstat64(3, {st_mode=S_IFREG|0644, st_size=12159, ...}) = 0 <0.000060>
801   00:07:33.353107 _llseek(3, 0, [0], SEEK_CUR) = 0 <0.000057>
801   00:07:33.353393 fstat64(3, {st_mode=S_IFREG|0644, st_size=12159, ...}) = 0 <0.000057>
801   00:07:33.353675 read(3, "\247\r\r\n\0\0\0\0D\340\35i\305!\0\0\343\0\0\0\0\0\0\0\0\0\0\0\0\6\0\0"..., 12160) = 12159 <0.000094>
801   00:07:33.353993 read(3, "", 1)    = 0 <0.000058>
801   00:07:33.354274 close(3)          = 0 <0.000062>
801   00:07:33.356561 stat64("/usr/lib/python3.11/site-packages/adi", {st_mode=S_IFDIR|0755, st_size=0, ...}) = 0 <0.000086>
801   00:07:33.357202 stat64("/usr/lib/python3.11/site-packages/adi/ad7091rx.pyc", {st_mode=S_IFREG|0644, st_size=3890, ...}) = 0 <0.000080>
801   00:07:33.358009 open("/usr/lib/python3.11/site-packages/adi/ad7091rx.pyc", O_RDONLY|O_LARGEFILE|O_CLOEXEC) = 3 <0.000091>
801   00:07:33.358346 fstat64(3, {st_mode=S_IFREG|0644, st_size=3890, ...}) = 0 <0.000057>
801   00:07:33.358654 _llseek(3, 0, [0], SEEK_CUR) = 0 <0.000058>
801   00:07:33.358918 fstat64(3, {st_mode=S_IFREG|0644, st_size=3890, ...}) = 0 <0.000056>
801   00:07:33.359191 read(3, "\247\r\r\n\0\0\0\0D\340\35i\320\10\0\0\343\0\0\0\0\0\0\0\0\0\0\0\0\6\0\0"..., 3891) = 3890 <0.000077>
801   00:07:33.359477 read(3, "", 1)    = 0 <0.000058>
801   00:07:33.359741 close(3)          = 0 <0.000061>
801   00:07:33.361951 stat64("/usr/lib/python3.11/site-packages/adi", {st_mode=S_IFDIR|0755, st_size=0, ...}) = 0 <0.000087>
801   00:07:33.362590 stat64("/usr/lib/python3.11/site-packages/adi/ad7124.pyc", {st_mode=S_IFREG|0644, st_size=6483, ...}) = 0 <0.000079>
801   00:07:33.363393 open("/usr/lib/python3.11/site-packages/adi/ad7124.pyc", O_RDONLY|O_LARGEFILE|O_CLOEXEC) = 3 <0.000090>
801   00:07:33.363721 fstat64(3, {st_mode=S_IFREG|0644, st_size=6483, ...}) = 0 <0.000057>
801   00:07:33.364028 _llseek(3, 0, [0], SEEK_CUR) = 0 <0.000058>
801   00:07:33.364289 fstat64(3, {st_mode=S_IFREG|0644, st_size=6483, ...}) = 0 <0.000059>
801   00:07:33.364563 read(3, "\247\r\r\n\0\0\0\0D\340\35i\233\f\0\0\343\0\0\0\0\0\0\0\0\0\0\0\0\6\0\0"..., 6484) = 6483 <0.000083>
801   00:07:33.364858 read(3, "", 1)    = 0 <0.000058>
801   00:07:33.365128 close(3)          = 0 <0.000062>
801   00:07:33.368278 stat64("/usr/lib/python3.11/site-packages/adi", {st_mode=S_IFDIR|0755, st_size=0, ...}) = 0 <0.000089>
801   00:07:33.368921 stat64("/usr/lib/python3.11/site-packages/adi/ad7134.pyc", {st_mode=S_IFREG|0644, st_size=5065, ...}) = 0 <0.000078>
801   00:07:33.369732 open("/usr/lib/python3.11/site-packages/adi/ad7134.pyc", O_RDONLY|O_LARGEFILE|O_CLOEXEC) = 3 <0.000088>
801   00:07:33.370177 fstat64(3, {st_mode=S_IFREG|0644, st_size=5065, ...}) = 0 <0.000059>
801   00:07:33.370510 _llseek(3, 0, [0], SEEK_CUR) = 0 <0.000061>
801   00:07:33.370779 fstat64(3, {st_mode=S_IFREG|0644, st_size=5065, ...}) = 0 <0.000057>
801   00:07:33.371053 read(3, "\247\r\r\n\0\0\0\0D\340\35i\333\n\0\0\343\0\0\0\0\0\0\0\0\0\0\0\0\6\0\0"..., 5066) = 5065 <0.000080>
801   00:07:33.371345 read(3, "", 1)    = 0 <0.000058>
801   00:07:33.371613 close(3)          = 0 <0.000065>
801   00:07:33.373800 stat64("/usr/lib/python3.11/site-packages/adi", {st_mode=S_IFDIR|0755, st_size=0, ...}) = 0 <0.000089>
801   00:07:33.374461 stat64("/usr/lib/python3.11/site-packages/adi/ad7291.pyc", {st_mode=S_IFREG|0644, st_size=4720, ...}) = 0 <0.000079>
801   00:07:33.375270 open("/usr/lib/python3.11/site-packages/adi/ad7291.pyc", O_RDONLY|O_LARGEFILE|O_CLOEXEC) = 3 <0.000090>
801   00:07:33.375604 fstat64(3, {st_mode=S_IFREG|0644, st_size=4720, ...}) = 0 <0.000058>
801   00:07:33.375916 _llseek(3, 0, [0], SEEK_CUR) = 0 <0.000059>
801   00:07:33.376182 fstat64(3, {st_mode=S_IFREG|0644, st_size=4720, ...}) = 0 <0.000055>
801   00:07:33.376455 read(3, "\247\r\r\n\0\0\0\0D\340\35i\313\n\0\0\343\0\0\0\0\0\0\0\0\0\0\0\0\5\0\0"..., 4721) = 4720 <0.000080>
801   00:07:33.376745 read(3, "", 1)    = 0 <0.000058>
801   00:07:33.377017 close(3)          = 0 <0.000061>
801   00:07:33.379003 stat64("/usr/lib/python3.11/site-packages/adi", {st_mode=S_IFDIR|0755, st_size=0, ...}) = 0 <0.000087>
801   00:07:33.379622 stat64("/usr/lib/python3.11/site-packages/adi/ad7490.pyc", {st_mode=S_IFREG|0644, st_size=5935, ...}) = 0 <0.000080>
801   00:07:33.380565 open("/usr/lib/python3.11/site-packages/adi/ad7490.pyc", O_RDONLY|O_LARGEFILE|O_CLOEXEC) = 3 <0.000091>
801   00:07:33.380913 fstat64(3, {st_mode=S_IFREG|0644, st_size=5935, ...}) = 0 <0.000058>
801   00:07:33.381230 _llseek(3, 0, [0], SEEK_CUR) = 0 <0.000059>
801   00:07:33.381496 fstat64(3, {st_mode=S_IFREG|0644, st_size=5935, ...}) = 0 <0.000056>
801   00:07:33.381769 read(3, "\247\r\r\n\0\0\0\0D\340\35i\317\r\0\0\343\0\0\0\0\0\0\0\0\0\0\0\0\6\0\0"..., 5936) = 5935 <0.000083>
801   00:07:33.382065 read(3, "", 1)    = 0 <0.000062>
801   00:07:33.382339 close(3)          = 0 <0.000061>
801   00:07:33.384618 stat64("/usr/lib/python3.11/site-packages/adi", {st_mode=S_IFDIR|0755, st_size=0, ...}) = 0 <0.000087>
801   00:07:33.385245 stat64("/usr/lib/python3.11/site-packages/adi/ad7606.pyc", {st_mode=S_IFREG|0644, st_size=6307, ...}) = 0 <0.000081>
801   00:07:33.386046 open("/usr/lib/python3.11/site-packages/adi/ad7606.pyc", O_RDONLY|O_LARGEFILE|O_CLOEXEC) = 3 <0.000088>
801   00:07:33.386376 fstat64(3, {st_mode=S_IFREG|0644, st_size=6307, ...}) = 0 <0.000059>
801   00:07:33.386685 _llseek(3, 0, [0], SEEK_CUR) = 0 <0.000057>
801   00:07:33.386948 fstat64(3, {st_mode=S_IFREG|0644, st_size=6307, ...}) = 0 <0.000056>
801   00:07:33.387218 read(3, "\247\r\r\n\0\0\0\0D\340\35i.\16\0\0\343\0\0\0\0\0\0\0\0\0\0\0\0\6\0\0"..., 6308) = 6307 <0.000083>
801   00:07:33.387513 read(3, "", 1)    = 0 <0.000057>
801   00:07:33.387781 close(3)          = 0 <0.000062>
801   00:07:33.390284 stat64("/usr/lib/python3.11/site-packages/adi", {st_mode=S_IFDIR|0755, st_size=0, ...}) = 0 <0.000087>
801   00:07:33.390929 stat64("/usr/lib/python3.11/site-packages/adi/ad7689.pyc", {st_mode=S_IFREG|0644, st_size=4130, ...}) = 0 <0.000082>
801   00:07:33.391748 open("/usr/lib/python3.11/site-packages/adi/ad7689.pyc", O_RDONLY|O_LARGEFILE|O_CLOEXEC) = 3 <0.000089>
801   00:07:33.392083 fstat64(3, {st_mode=S_IFREG|0644, st_size=4130, ...}) = 0 <0.000058>
801   00:07:33.392390 _llseek(3, 0, [0], SEEK_CUR) = 0 <0.000058>
801   00:07:33.392652 fstat64(3, {st_mode=S_IFREG|0644, st_size=4130, ...}) = 0 <0.000059>
801   00:07:33.392929 read(3, "\247\r\r\n\0\0\0\0D\340\35i\"\t\0\0\343\0\0\0\0\0\0\0\0\0\0\0\0\6\0\0"..., 4131) = 4130 <0.000079>
801   00:07:33.393216 read(3, "", 1)    = 0 <0.000058>
801   00:07:33.393485 close(3)          = 0 <0.000062>
801   00:07:33.395656 stat64("/usr/lib/python3.11/site-packages/adi", {st_mode=S_IFDIR|0755, st_size=0, ...}) = 0 <0.000090>
801   00:07:33.396287 stat64("/usr/lib/python3.11/site-packages/adi/ad7746.pyc", {st_mode=S_IFREG|0644, st_size=8490, ...}) = 0 <0.000079>
801   00:07:33.397093 open("/usr/lib/python3.11/site-packages/adi/ad7746.pyc", O_RDONLY|O_LARGEFILE|O_CLOEXEC) = 3 <0.000091>
801   00:07:33.397424 fstat64(3, {st_mode=S_IFREG|0644, st_size=8490, ...}) = 0 <0.000057>
801   00:07:33.397732 _llseek(3, 0, [0], SEEK_CUR) = 0 <0.000057>
801   00:07:33.397999 fstat64(3, {st_mode=S_IFREG|0644, st_size=8490, ...}) = 0 <0.000056>
801   00:07:33.398270 read(3, "\247\r\r\n\0\0\0\0D\340\35i\347\21\0\0\343\0\0\0\0\0\0\0\0\0\0\0\0\6\0\0"..., 8491) = 8490 <0.000089>
801   00:07:33.398575 read(3, "", 1)    = 0 <0.000059>
801   00:07:33.398849 close(3)          = 0 <0.000064>
801   00:07:33.401926 stat64("/usr/lib/python3.11/site-packages/adi", {st_mode=S_IFDIR|0755, st_size=0, ...}) = 0 <0.000093>
801   00:07:33.402581 stat64("/usr/lib/python3.11/site-packages/adi/ad7768.pyc", {st_mode=S_IFREG|0644, st_size=6416, ...}) = 0 <0.000080>
801   00:07:33.403397 open("/usr/lib/python3.11/site-packages/adi/ad7768.pyc", O_RDONLY|O_LARGEFILE|O_CLOEXEC) = 3 <0.000088>
801   00:07:33.403735 fstat64(3, {st_mode=S_IFREG|0644, st_size=6416, ...}) = 0 <0.000058>
801   00:07:33.404043 _llseek(3, 0, [0], SEEK_CUR) = 0 <0.000057>
801   00:07:33.404310 fstat64(3, {st_mode=S_IFREG|0644, st_size=6416, ...}) = 0 <0.000056>
801   00:07:33.404583 read(3, "\247\r\r\n\0\0\0\0D\340\35i\342\17\0\0\343\0\0\0\0\0\0\0\0\0\0\0\0\6\0\0"..., 6417) = 6416 <0.000084>
801   00:07:33.404877 read(3, "", 1)    = 0 <0.000060>
801   00:07:33.405177 close(3)          = 0 <0.000066>
801   00:07:33.407604 stat64("/usr/lib/python3.11/site-packages/adi", {st_mode=S_IFDIR|0755, st_size=0, ...}) = 0 <0.000086>
801   00:07:33.408225 stat64("/usr/lib/python3.11/site-packages/adi/ad7799.pyc", {st_mode=S_IFREG|0644, st_size=2761, ...}) = 0 <0.000082>
801   00:07:33.409025 open("/usr/lib/python3.11/site-packages/adi/ad7799.pyc", O_RDONLY|O_LARGEFILE|O_CLOEXEC) = 3 <0.000088>
801   00:07:33.409361 fstat64(3, {st_mode=S_IFREG|0644, st_size=2761, ...}) = 0 <0.000061>
801   00:07:33.409669 _llseek(3, 0, [0], SEEK_CUR) = 0 <0.000059>
801   00:07:33.409933 fstat64(3, {st_mode=S_IFREG|0644, st_size=2761, ...}) = 0 <0.000078>
801   00:07:33.410326 read(3, "\247\r\r\n\0\0\0\0D\340\35i\30\5\0\0\343\0\0\0\0\0\0\0\0\0\0\0\0\6\0\0"..., 2762) = 2761 <0.000076>
801   00:07:33.410623 read(3, "", 1)    = 0 <0.000058>
801   00:07:33.410895 close(3)          = 0 <0.000063>
801   00:07:33.412903 stat64("/usr/lib/python3.11/site-packages/adi", {st_mode=S_IFDIR|0755, st_size=0, ...}) = 0 <0.000085>
801   00:07:33.413525 stat64("/usr/lib/python3.11/site-packages/adi/ad9081.pyc", {st_mode=S_IFREG|0644, st_size=37553, ...}) = 0 <0.000081>
801   00:07:33.414327 open("/usr/lib/python3.11/site-packages/adi/ad9081.pyc", O_RDONLY|O_LARGEFILE|O_CLOEXEC) = 3 <0.000090>
801   00:07:33.414663 fstat64(3, {st_mode=S_IFREG|0644, st_size=37553, ...}) = 0 <0.000059>
801   00:07:33.414972 _llseek(3, 0, [0], SEEK_CUR) = 0 <0.000058>
801   00:07:33.415235 fstat64(3, {st_mode=S_IFREG|0644, st_size=37553, ...}) = 0 <0.000056>
801   00:07:33.415508 read(3, "\247\r\r\n\0\0\0\0D\340\35i\203g\0\0\343\0\0\0\0\0\0\0\0\0\0\0\0\7\0\0"..., 37554) = 37553 <0.000150>
801   00:07:33.415893 read(3, "", 1)    = 0 <0.000060>
801   00:07:33.416183 close(3)          = 0 <0.000062>
801   00:07:33.417410 mmap2(NULL, 262144, PROT_READ|PROT_WRITE, MAP_PRIVATE|MAP_ANONYMOUS, -1, 0) = 0xb53ed000 <0.000110>
801   00:07:33.423996 stat64("/usr/lib/python3.11/site-packages/adi", {st_mode=S_IFDIR|0755, st_size=0, ...}) = 0 <0.000095>
801   00:07:33.424693 stat64("/usr/lib/python3.11/site-packages/adi/ad9081_mc.pyc", {st_mode=S_IFREG|0644, st_size=21330, ...}) = 0 <0.000080>
801   00:07:33.425521 open("/usr/lib/python3.11/site-packages/adi/ad9081_mc.pyc", O_RDONLY|O_LARGEFILE|O_CLOEXEC) = 3 <0.000090>
801   00:07:33.425861 fstat64(3, {st_mode=S_IFREG|0644, st_size=21330, ...}) = 0 <0.000058>
801   00:07:33.426170 _llseek(3, 0, [0], SEEK_CUR) = 0 <0.000061>
801   00:07:33.426438 fstat64(3, {st_mode=S_IFREG|0644, st_size=21330, ...}) = 0 <0.000056>
801   00:07:33.426712 read(3, "\247\r\r\n\0\0\0\0D\340\35i\2437\0\0\343\0\0\0\0\0\0\0\0\0\0\0\0\5\0\0"..., 21331) = 21330 <0.000120>
801   00:07:33.427067 read(3, "", 1)    = 0 <0.000060>
801   00:07:33.427359 close(3)          = 0 <0.000062>
801   00:07:33.429431 stat64("/usr/lib/python3.11/site-packages/adi", {st_mode=S_IFDIR|0755, st_size=0, ...}) = 0 <0.000088>
801   00:07:33.430267 stat64("/usr/lib/python3.11/site-packages/adi/one_bit_adc_dac.pyc", {st_mode=S_IFREG|0644, st_size=3624, ...}) = 0 <0.000087>
801   00:07:33.431113 open("/usr/lib/python3.11/site-packages/adi/one_bit_adc_dac.pyc", O_RDONLY|O_LARGEFILE|O_CLOEXEC) = 3 <0.000090>
801   00:07:33.431452 fstat64(3, {st_mode=S_IFREG|0644, st_size=3624, ...}) = 0 <0.000061>
801   00:07:33.431765 _llseek(3, 0, [0], SEEK_CUR) = 0 <0.000059>
801   00:07:33.432031 fstat64(3, {st_mode=S_IFREG|0644, st_size=3624, ...}) = 0 <0.000056>
801   00:07:33.432304 read(3, "\247\r\r\n\0\0\0\0D\340\35i\322\10\0\0\343\0\0\0\0\0\0\0\0\0\0\0\0\6\0\0"..., 3625) = 3624 <0.000076>
801   00:07:33.432594 read(3, "", 1)    = 0 <0.000058>
801   00:07:33.432862 close(3)          = 0 <0.000062>
801   00:07:33.436750 stat64("/usr/lib/python3.11/site-packages/adi", {st_mode=S_IFDIR|0755, st_size=0, ...}) = 0 <0.000089>
801   00:07:33.437401 stat64("/usr/lib/python3.11/site-packages/adi/ad9083.pyc", {st_mode=S_IFREG|0644, st_size=4881, ...}) = 0 <0.000080>
801   00:07:33.438220 open("/usr/lib/python3.11/site-packages/adi/ad9083.pyc", O_RDONLY|O_LARGEFILE|O_CLOEXEC) = 3 <0.000093>
801   00:07:33.438589 fstat64(3, {st_mode=S_IFREG|0644, st_size=4881, ...}) = 0 <0.000058>
801   00:07:33.438906 _llseek(3, 0, [0], SEEK_CUR) = 0 <0.000058>
801   00:07:33.439172 fstat64(3, {st_mode=S_IFREG|0644, st_size=4881, ...}) = 0 <0.000056>
801   00:07:33.439446 read(3, "\247\r\r\n\0\0\0\0D\340\35i\236\n\0\0\343\0\0\0\0\0\0\0\0\0\0\0\0\7\0\0"..., 4882) = 4881 <0.000080>
801   00:07:33.439738 read(3, "", 1)    = 0 <0.000061>
801   00:07:33.440153 close(3)          = 0 <0.000066>
801   00:07:33.442302 stat64("/usr/lib/python3.11/site-packages/adi", {st_mode=S_IFDIR|0755, st_size=0, ...}) = 0 <0.000088>
801   00:07:33.442940 stat64("/usr/lib/python3.11/site-packages/adi/ad9084.pyc", {st_mode=S_IFREG|0644, st_size=31094, ...}) = 0 <0.000082>
801   00:07:33.443745 open("/usr/lib/python3.11/site-packages/adi/ad9084.pyc", O_RDONLY|O_LARGEFILE|O_CLOEXEC) = 3 <0.000091>
801   00:07:33.444088 fstat64(3, {st_mode=S_IFREG|0644, st_size=31094, ...}) = 0 <0.000059>
801   00:07:33.444399 _llseek(3, 0, [0], SEEK_CUR) = 0 <0.000057>
801   00:07:33.444664 fstat64(3, {st_mode=S_IFREG|0644, st_size=31094, ...}) = 0 <0.000055>
801   00:07:33.444937 read(3, "\247\r\r\n\0\0\0\0D\340\35i\221S\0\0\343\0\0\0\0\0\0\0\0\0\0\0\0\10\0\0"..., 31095) = 31094 <0.000142>
801   00:07:33.445302 read(3, "", 1)    = 0 <0.000059>
801   00:07:33.445586 close(3)          = 0 <0.000062>
801   00:07:33.448086 stat64("/usr/lib/python3.11/site-packages/adi", {st_mode=S_IFDIR|0755, st_size=0, ...}) = 0 <0.000092>
801   00:07:33.448744 stat64("/usr/lib/python3.11/site-packages/adi/adrv9002.pyc", {st_mode=S_IFREG|0644, st_size=44463, ...}) = 0 <0.000080>
801   00:07:33.449571 open("/usr/lib/python3.11/site-packages/adi/adrv9002.pyc", O_RDONLY|O_LARGEFILE|O_CLOEXEC) = 3 <0.000090>
801   00:07:33.449911 fstat64(3, {st_mode=S_IFREG|0644, st_size=44463, ...}) = 0 <0.000162>
801   00:07:33.450343 _llseek(3, 0, [0], SEEK_CUR) = 0 <0.000062>
801   00:07:33.450618 fstat64(3, {st_mode=S_IFREG|0644, st_size=44463, ...}) = 0 <0.000056>
801   00:07:33.450892 read(3, "\247\r\r\n\0\0\0\0D\340\35i\332l\0\0\343\0\0\0\0\0\0\0\0\0\0\0\0\6\0\0"..., 44464) = 44463 <0.000169>
801   00:07:33.451296 read(3, "", 1)    = 0 <0.000062>
801   00:07:33.451590 close(3)          = 0 <0.000063>
801   00:07:33.459906 stat64("/usr/lib/python3.11/site-packages/adi", {st_mode=S_IFDIR|0755, st_size=0, ...}) = 0 <0.000120>
801   00:07:33.460709 stat64("/usr/lib/python3.11/site-packages/adi/ad9084_mc.pyc", {st_mode=S_IFREG|0644, st_size=20471, ...}) = 0 <0.000085>
801   00:07:33.461556 open("/usr/lib/python3.11/site-packages/adi/ad9084_mc.pyc", O_RDONLY|O_LARGEFILE|O_CLOEXEC) = 3 <0.000090>
801   00:07:33.461904 fstat64(3, {st_mode=S_IFREG|0644, st_size=20471, ...}) = 0 <0.000057>
801   00:07:33.462220 _llseek(3, 0, [0], SEEK_CUR) = 0 <0.000059>
801   00:07:33.462487 fstat64(3, {st_mode=S_IFREG|0644, st_size=20471, ...}) = 0 <0.000057>
801   00:07:33.462760 read(3, "\247\r\r\n\0\0\0\0D\340\35it5\0\0\343\0\0\0\0\0\0\0\0\0\0\0\0\5\0\0"..., 20472) = 20471 <0.000119>
801   00:07:33.463103 read(3, "", 1)    = 0 <0.000059>
801   00:07:33.463387 close(3)          = 0 <0.000062>
801   00:07:33.465406 stat64("/usr/lib/python3.11/site-packages/adi", {st_mode=S_IFDIR|0755, st_size=0, ...}) = 0 <0.000087>
801   00:07:33.466074 stat64("/usr/lib/python3.11/site-packages/adi/gen_mux.pyc", {st_mode=S_IFREG|0644, st_size=2192, ...}) = 0 <0.000082>
801   00:07:33.466889 open("/usr/lib/python3.11/site-packages/adi/gen_mux.pyc", O_RDONLY|O_LARGEFILE|O_CLOEXEC) = 3 <0.000092>
801   00:07:33.467233 fstat64(3, {st_mode=S_IFREG|0644, st_size=2192, ...}) = 0 <0.000057>
801   00:07:33.467544 _llseek(3, 0, [0], SEEK_CUR) = 0 <0.000058>
801   00:07:33.467809 fstat64(3, {st_mode=S_IFREG|0644, st_size=2192, ...}) = 0 <0.000056>
801   00:07:33.468081 read(3, "\247\r\r\n\0\0\0\0D\340\35i\360\4\0\0\343\0\0\0\0\0\0\0\0\0\0\0\0\6\0\0"..., 2193) = 2192 <0.000075>
801   00:07:33.468368 read(3, "", 1)    = 0 <0.000058>
801   00:07:33.468636 close(3)          = 0 <0.000061>
801   00:07:33.472280 stat64("/usr/lib/python3.11/site-packages/adi", {st_mode=S_IFDIR|0755, st_size=0, ...}) = 0 <0.000092>
801   00:07:33.472966 stat64("/usr/lib/python3.11/site-packages/adi/ad9094.pyc", {st_mode=S_IFREG|0644, st_size=1232, ...}) = 0 <0.000081>
801   00:07:33.473790 open("/usr/lib/python3.11/site-packages/adi/ad9094.pyc", O_RDONLY|O_LARGEFILE|O_CLOEXEC) = 3 <0.000090>
801   00:07:33.474125 fstat64(3, {st_mode=S_IFREG|0644, st_size=1232, ...}) = 0 <0.000058>
801   00:07:33.474435 _llseek(3, 0, [0], SEEK_CUR) = 0 <0.000062>
801   00:07:33.474701 fstat64(3, {st_mode=S_IFREG|0644, st_size=1232, ...}) = 0 <0.000056>
801   00:07:33.474971 read(3, "\247\r\r\n\0\0\0\0D\340\35i`\2\0\0\343\0\0\0\0\0\0\0\0\0\0\0\0\7\0\0"..., 1233) = 1232 <0.000072>
801   00:07:33.475251 read(3, "", 1)    = 0 <0.000058>
801   00:07:33.475523 close(3)          = 0 <0.000062>
801   00:07:33.477186 stat64("/usr/lib/python3.11/site-packages/adi", {st_mode=S_IFDIR|0755, st_size=0, ...}) = 0 <0.000086>
801   00:07:33.477800 stat64("/usr/lib/python3.11/site-packages/adi/ad9136.pyc", {st_mode=S_IFREG|0644, st_size=2374, ...}) = 0 <0.000079>
801   00:07:33.478589 open("/usr/lib/python3.11/site-packages/adi/ad9136.pyc", O_RDONLY|O_LARGEFILE|O_CLOEXEC) = 3 <0.000091>
801   00:07:33.478921 fstat64(3, {st_mode=S_IFREG|0644, st_size=2374, ...}) = 0 <0.000057>
801   00:07:33.479225 _llseek(3, 0, [0], SEEK_CUR) = 0 <0.000058>
801   00:07:33.479486 fstat64(3, {st_mode=S_IFREG|0644, st_size=2374, ...}) = 0 <0.000056>
801   00:07:33.479759 read(3, "\247\r\r\n\0\0\0\0D\340\35i\306\4\0\0\343\0\0\0\0\0\0\0\0\0\0\0\0\7\0\0"..., 2375) = 2374 <0.000072>
801   00:07:33.480187 read(3, "", 1)    = 0 <0.000064>
801   00:07:33.480478 close(3)          = 0 <0.000063>
801   00:07:33.482381 stat64("/usr/lib/python3.11/site-packages/adi", {st_mode=S_IFDIR|0755, st_size=0, ...}) = 0 <0.000087>
801   00:07:33.483014 stat64("/usr/lib/python3.11/site-packages/adi/ad9144.pyc", {st_mode=S_IFREG|0644, st_size=1857, ...}) = 0 <0.000078>
801   00:07:33.483812 open("/usr/lib/python3.11/site-packages/adi/ad9144.pyc", O_RDONLY|O_LARGEFILE|O_CLOEXEC) = 3 <0.000094>
801   00:07:33.484158 fstat64(3, {st_mode=S_IFREG|0644, st_size=1857, ...}) = 0 <0.000058>
801   00:07:33.484467 _llseek(3, 0, [0], SEEK_CUR) = 0 <0.000058>
801   00:07:33.484731 fstat64(3, {st_mode=S_IFREG|0644, st_size=1857, ...}) = 0 <0.000056>
801   00:07:33.485006 read(3, "\247\r\r\n\0\0\0\0D\340\35i\221\3\0\0\343\0\0\0\0\0\0\0\0\0\0\0\0\7\0\0"..., 1858) = 1857 <0.000072>
801   00:07:33.485287 read(3, "", 1)    = 0 <0.000058>
801   00:07:33.485554 close(3)          = 0 <0.000061>
801   00:07:33.487336 stat64("/usr/lib/python3.11/site-packages/adi", {st_mode=S_IFDIR|0755, st_size=0, ...}) = 0 <0.000085>
801   00:07:33.487957 stat64("/usr/lib/python3.11/site-packages/adi/ad9152.pyc", {st_mode=S_IFREG|0644, st_size=1857, ...}) = 0 <0.000081>
801   00:07:33.488752 open("/usr/lib/python3.11/site-packages/adi/ad9152.pyc", O_RDONLY|O_LARGEFILE|O_CLOEXEC) = 3 <0.000089>
801   00:07:33.489083 fstat64(3, {st_mode=S_IFREG|0644, st_size=1857, ...}) = 0 <0.000060>
801   00:07:33.489395 _llseek(3, 0, [0], SEEK_CUR) = 0 <0.000058>
801   00:07:33.489659 fstat64(3, {st_mode=S_IFREG|0644, st_size=1857, ...}) = 0 <0.000056>
801   00:07:33.489930 read(3, "\247\r\r\n\0\0\0\0D\340\35i\221\3\0\0\343\0\0\0\0\0\0\0\0\0\0\0\0\7\0\0"..., 1858) = 1857 <0.000093>
801   00:07:33.490332 read(3, "", 1)    = 0 <0.000060>
801   00:07:33.490611 close(3)          = 0 <0.000063>
801   00:07:33.492346 stat64("/usr/lib/python3.11/site-packages/adi", {st_mode=S_IFDIR|0755, st_size=0, ...}) = 0 <0.000087>
801   00:07:33.492964 stat64("/usr/lib/python3.11/site-packages/adi/ad9162.pyc", {st_mode=S_IFREG|0644, st_size=3329, ...}) = 0 <0.000080>
801   00:07:33.493761 open("/usr/lib/python3.11/site-packages/adi/ad9162.pyc", O_RDONLY|O_LARGEFILE|O_CLOEXEC) = 3 <0.000090>
801   00:07:33.494089 fstat64(3, {st_mode=S_IFREG|0644, st_size=3329, ...}) = 0 <0.000057>
801   00:07:33.494393 _llseek(3, 0, [0], SEEK_CUR) = 0 <0.000060>
801   00:07:33.494661 fstat64(3, {st_mode=S_IFREG|0644, st_size=3329, ...}) = 0 <0.000056>
801   00:07:33.494961 read(3, "\247\r\r\n\0\0\0\0D\340\35i\236\6\0\0\343\0\0\0\0\0\0\0\0\0\0\0\0\7\0\0"..., 3330) = 3329 <0.000075>
801   00:07:33.495250 read(3, "", 1)    = 0 <0.000058>
801   00:07:33.495523 close(3)          = 0 <0.000061>
801   00:07:33.496462 mmap2(NULL, 262144, PROT_READ|PROT_WRITE, MAP_PRIVATE|MAP_ANONYMOUS, -1, 0) = 0xb53ad000 <0.000110>
801   00:07:33.497850 stat64("/usr/lib/python3.11/site-packages/adi", {st_mode=S_IFDIR|0755, st_size=0, ...}) = 0 <0.000084>
801   00:07:33.498460 stat64("/usr/lib/python3.11/site-packages/adi/ad9166.pyc", {st_mode=S_IFREG|0644, st_size=8757, ...}) = 0 <0.000080>
801   00:07:33.499255 open("/usr/lib/python3.11/site-packages/adi/ad9166.pyc", O_RDONLY|O_LARGEFILE|O_CLOEXEC) = 3 <0.000088>
801   00:07:33.499582 fstat64(3, {st_mode=S_IFREG|0644, st_size=8757, ...}) = 0 <0.000061>
801   00:07:33.499895 _llseek(3, 0, [0], SEEK_CUR) = 0 <0.000146>
801   00:07:33.500255 fstat64(3, {st_mode=S_IFREG|0644, st_size=8757, ...}) = 0 <0.000058>
801   00:07:33.500540 read(3, "\247\r\r\n\0\0\0\0D\340\35i/\26\0\0\343\0\0\0\0\0\0\0\0\0\0\0\0\6\0\0"..., 8758) = 8757 <0.000092>
801   00:07:33.500847 read(3, "", 1)    = 0 <0.000058>
801   00:07:33.501119 close(3)          = 0 <0.000062>
801   00:07:33.504066 stat64("/usr/lib/python3.11/site-packages/adi", {st_mode=S_IFDIR|0755, st_size=0, ...}) = 0 <0.000088>
801   00:07:33.504713 stat64("/usr/lib/python3.11/site-packages/adi/ad9172.pyc", {st_mode=S_IFREG|0644, st_size=2276, ...}) = 0 <0.000081>
801   00:07:33.505523 open("/usr/lib/python3.11/site-packages/adi/ad9172.pyc", O_RDONLY|O_LARGEFILE|O_CLOEXEC) = 3 <0.000089>
801   00:07:33.505855 fstat64(3, {st_mode=S_IFREG|0644, st_size=2276, ...}) = 0 <0.000060>
801   00:07:33.506173 _llseek(3, 0, [0], SEEK_CUR) = 0 <0.000058>
801   00:07:33.506437 fstat64(3, {st_mode=S_IFREG|0644, st_size=2276, ...}) = 0 <0.000056>
801   00:07:33.506709 read(3, "\247\r\r\n\0\0\0\0D\340\35i*\5\0\0\343\0\0\0\0\0\0\0\0\0\0\0\0\7\0\0"..., 2277) = 2276 <0.000073>
801   00:07:33.506994 read(3, "", 1)    = 0 <0.000058>
801   00:07:33.507263 close(3)          = 0 <0.000063>
801   00:07:33.509187 stat64("/usr/lib/python3.11/site-packages/adi", {st_mode=S_IFDIR|0755, st_size=0, ...}) = 0 <0.000085>
801   00:07:33.509813 stat64("/usr/lib/python3.11/site-packages/adi/ad9213.pyc", {st_mode=S_IFREG|0644, st_size=737, ...}) = 0 <0.000167>
801   00:07:33.510756 open("/usr/lib/python3.11/site-packages/adi/ad9213.pyc", O_RDONLY|O_LARGEFILE|O_CLOEXEC) = 3 <0.000091>
801   00:07:33.511098 fstat64(3, {st_mode=S_IFREG|0644, st_size=737, ...}) = 0 <0.000061>
801   00:07:33.511412 _llseek(3, 0, [0], SEEK_CUR) = 0 <0.000057>
801   00:07:33.511674 fstat64(3, {st_mode=S_IFREG|0644, st_size=737, ...}) = 0 <0.000056>
801   00:07:33.511945 read(3, "\247\r\r\n\0\0\0\0D\340\35i\236\1\0\0\343\0\0\0\0\0\0\0\0\0\0\0\0\6\0\0"..., 738) = 737 <0.000070>
801   00:07:33.512228 read(3, "", 1)    = 0 <0.000057>
801   00:07:33.512494 close(3)          = 0 <0.000061>
801   00:07:33.514105 stat64("/usr/lib/python3.11/site-packages/adi", {st_mode=S_IFDIR|0755, st_size=0, ...}) = 0 <0.000085>
801   00:07:33.514718 stat64("/usr/lib/python3.11/site-packages/adi/ad9250.pyc", {st_mode=S_IFREG|0644, st_size=2337, ...}) = 0 <0.000079>
801   00:07:33.515510 open("/usr/lib/python3.11/site-packages/adi/ad9250.pyc", O_RDONLY|O_LARGEFILE|O_CLOEXEC) = 3 <0.000090>
801   00:07:33.515839 fstat64(3, {st_mode=S_IFREG|0644, st_size=2337, ...}) = 0 <0.000057>
801   00:07:33.516143 _llseek(3, 0, [0], SEEK_CUR) = 0 <0.000058>
801   00:07:33.516405 fstat64(3, {st_mode=S_IFREG|0644, st_size=2337, ...}) = 0 <0.000058>
801   00:07:33.516677 read(3, "\247\r\r\n\0\0\0\0D\340\35i\250\4\0\0\343\0\0\0\0\0\0\0\0\0\0\0\0\7\0\0"..., 2338) = 2337 <0.000073>
801   00:07:33.516958 read(3, "", 1)    = 0 <0.000057>
801   00:07:33.517222 close(3)          = 0 <0.000062>
801   00:07:33.519087 stat64("/usr/lib/python3.11/site-packages/adi", {st_mode=S_IFDIR|0755, st_size=0, ...}) = 0 <0.000087>
801   00:07:33.519712 stat64("/usr/lib/python3.11/site-packages/adi/ad9265.pyc", {st_mode=S_IFREG|0644, st_size=1855, ...}) = 0 <0.000082>
801   00:07:33.520686 open("/usr/lib/python3.11/site-packages/adi/ad9265.pyc", O_RDONLY|O_LARGEFILE|O_CLOEXEC) = 3 <0.000090>
801   00:07:33.521030 fstat64(3, {st_mode=S_IFREG|0644, st_size=1855, ...}) = 0 <0.000059>
801   00:07:33.521345 _llseek(3, 0, [0], SEEK_CUR) = 0 <0.000057>
801   00:07:33.521608 fstat64(3, {st_mode=S_IFREG|0644, st_size=1855, ...}) = 0 <0.000060>
801   00:07:33.521884 read(3, "\247\r\r\n\0\0\0\0D\340\35i\247\3\0\0\343\0\0\0\0\0\0\0\0\0\0\0\0\6\0\0"..., 1856) = 1855 <0.000071>
801   00:07:33.522163 read(3, "", 1)    = 0 <0.000058>
801   00:07:33.522428 close(3)          = 0 <0.000061>
801   00:07:33.524115 stat64("/usr/lib/python3.11/site-packages/adi", {st_mode=S_IFDIR|0755, st_size=0, ...}) = 0 <0.000086>
801   00:07:33.524734 stat64("/usr/lib/python3.11/site-packages/adi/ad9434.pyc", {st_mode=S_IFREG|0644, st_size=1850, ...}) = 0 <0.000082>
801   00:07:33.525526 open("/usr/lib/python3.11/site-packages/adi/ad9434.pyc", O_RDONLY|O_LARGEFILE|O_CLOEXEC) = 3 <0.000089>
801   00:07:33.525857 fstat64(3, {st_mode=S_IFREG|0644, st_size=1850, ...}) = 0 <0.000058>
801   00:07:33.526164 _llseek(3, 0, [0], SEEK_CUR) = 0 <0.000057>
801   00:07:33.526427 fstat64(3, {st_mode=S_IFREG|0644, st_size=1850, ...}) = 0 <0.000057>
801   00:07:33.526699 read(3, "\247\r\r\n\0\0\0\0D\340\35i\242\3\0\0\343\0\0\0\0\0\0\0\0\0\0\0\0\6\0\0"..., 1851) = 1850 <0.000071>
801   00:07:33.526980 read(3, "", 1)    = 0 <0.000057>
801   00:07:33.527246 close(3)          = 0 <0.000062>
801   00:07:33.528973 stat64("/usr/lib/python3.11/site-packages/adi", {st_mode=S_IFDIR|0755, st_size=0, ...}) = 0 <0.000087>
801   00:07:33.529587 stat64("/usr/lib/python3.11/site-packages/adi/ad9467.pyc", {st_mode=S_IFREG|0644, st_size=1823, ...}) = 0 <0.000080>
801   00:07:33.530574 open("/usr/lib/python3.11/site-packages/adi/ad9467.pyc", O_RDONLY|O_LARGEFILE|O_CLOEXEC) = 3 <0.000092>
801   00:07:33.530919 fstat64(3, {st_mode=S_IFREG|0644, st_size=1823, ...}) = 0 <0.000057>
801   00:07:33.531234 _llseek(3, 0, [0], SEEK_CUR) = 0 <0.000057>
801   00:07:33.531495 fstat64(3, {st_mode=S_IFREG|0644, st_size=1823, ...}) = 0 <0.000056>
801   00:07:33.531765 read(3, "\247\r\r\n\0\0\0\0D\340\35i\217\3\0\0\343\0\0\0\0\0\0\0\0\0\0\0\0\6\0\0"..., 1824) = 1823 <0.000072>
801   00:07:33.532047 read(3, "", 1)    = 0 <0.000060>
801   00:07:33.532317 close(3)          = 0 <0.000062>
801   00:07:33.533951 stat64("/usr/lib/python3.11/site-packages/adi", {st_mode=S_IFDIR|0755, st_size=0, ...}) = 0 <0.000085>
801   00:07:33.534565 stat64("/usr/lib/python3.11/site-packages/adi/ad9625.pyc", {st_mode=S_IFREG|0644, st_size=3676, ...}) = 0 <0.000079>
801   00:07:33.535357 open("/usr/lib/python3.11/site-packages/adi/ad9625.pyc", O_RDONLY|O_LARGEFILE|O_CLOEXEC) = 3 <0.000088>
801   00:07:33.535681 fstat64(3, {st_mode=S_IFREG|0644, st_size=3676, ...}) = 0 <0.000058>
801   00:07:33.535987 _llseek(3, 0, [0], SEEK_CUR) = 0 <0.000058>
801   00:07:33.536249 fstat64(3, {st_mode=S_IFREG|0644, st_size=3676, ...}) = 0 <0.000059>
801   00:07:33.536523 read(3, "\247\r\r\n\0\0\0\0D\340\35iZ\7\0\0\343\0\0\0\0\0\0\0\0\0\0\0\0\7\0\0"..., 3677) = 3676 <0.000076>
801   00:07:33.536809 read(3, "", 1)    = 0 <0.000058>
801   00:07:33.537077 close(3)          = 0 <0.000061>
801   00:07:33.539051 stat64("/usr/lib/python3.11/site-packages/adi", {st_mode=S_IFDIR|0755, st_size=0, ...}) = 0 <0.000087>
801   00:07:33.539669 stat64("/usr/lib/python3.11/site-packages/adi/ad9680.pyc", {st_mode=S_IFREG|0644, st_size=1903, ...}) = 0 <0.000078>
801   00:07:33.540635 open("/usr/lib/python3.11/site-packages/adi/ad9680.pyc", O_RDONLY|O_LARGEFILE|O_CLOEXEC) = 3 <0.000091>
801   00:07:33.540973 fstat64(3, {st_mode=S_IFREG|0644, st_size=1903, ...}) = 0 <0.000058>
801   00:07:33.541287 _llseek(3, 0, [0], SEEK_CUR) = 0 <0.000057>
801   00:07:33.541552 fstat64(3, {st_mode=S_IFREG|0644, st_size=1903, ...}) = 0 <0.000058>
801   00:07:33.541826 read(3, "\247\r\r\n\0\0\0\0D\340\35i\310\3\0\0\343\0\0\0\0\0\0\0\0\0\0\0\0\7\0\0"..., 1904) = 1903 <0.000071>
801   00:07:33.542132 read(3, "", 1)    = 0 <0.000059>
801   00:07:33.542408 close(3)          = 0 <0.000061>
801   00:07:33.544162 stat64("/usr/lib/python3.11/site-packages/adi", {st_mode=S_IFDIR|0755, st_size=0, ...}) = 0 <0.000085>
801   00:07:33.544779 stat64("/usr/lib/python3.11/site-packages/adi/ada4355.pyc", {st_mode=S_IFREG|0644, st_size=4669, ...}) = 0 <0.000079>
801   00:07:33.545569 open("/usr/lib/python3.11/site-packages/adi/ada4355.pyc", O_RDONLY|O_LARGEFILE|O_CLOEXEC) = 3 <0.000093>
801   00:07:33.545898 fstat64(3, {st_mode=S_IFREG|0644, st_size=4669, ...}) = 0 <0.000058>
801   00:07:33.546205 _llseek(3, 0, [0], SEEK_CUR) = 0 <0.000059>
801   00:07:33.546467 fstat64(3, {st_mode=S_IFREG|0644, st_size=4669, ...}) = 0 <0.000056>
801   00:07:33.546737 read(3, "\247\r\r\n\0\0\0\0D\340\35i\362\n\0\0\343\0\0\0\0\0\0\0\0\0\0\0\0\6\0\0"..., 4670) = 4669 <0.000082>
801   00:07:33.547029 read(3, "", 1)    = 0 <0.000059>
801   00:07:33.547299 close(3)          = 0 <0.000062>
801   00:07:33.549454 stat64("/usr/lib/python3.11/site-packages/adi", {st_mode=S_IFDIR|0755, st_size=0, ...}) = 0 <0.000086>
801   00:07:33.550233 stat64("/usr/lib/python3.11/site-packages/adi/ada4961.pyc", {st_mode=S_IFREG|0644, st_size=1761, ...}) = 0 <0.000080>
801   00:07:33.551053 open("/usr/lib/python3.11/site-packages/adi/ada4961.pyc", O_RDONLY|O_LARGEFILE|O_CLOEXEC) = 3 <0.000087>
801   00:07:33.551378 fstat64(3, {st_mode=S_IFREG|0644, st_size=1761, ...}) = 0 <0.000056>
801   00:07:33.551688 _llseek(3, 0, [0], SEEK_CUR) = 0 <0.000059>
801   00:07:33.551951 fstat64(3, {st_mode=S_IFREG|0644, st_size=1761, ...}) = 0 <0.000058>
801   00:07:33.552227 read(3, "\247\r\r\n\0\0\0\0D\340\35i]\3\0\0\343\0\0\0\0\0\0\0\0\0\0\0\0\6\0\0"..., 1762) = 1761 <0.000071>
801   00:07:33.552507 read(3, "", 1)    = 0 <0.000057>
801   00:07:33.552774 close(3)          = 0 <0.000064>
801   00:07:33.554173 stat64("/usr/lib/python3.11/site-packages/adi", {st_mode=S_IFDIR|0755, st_size=0, ...}) = 0 <0.000088>
801   00:07:33.554787 stat64("/usr/lib/python3.11/site-packages/adi/adaq8092.pyc", {st_mode=S_IFREG|0644, st_size=2060, ...}) = 0 <0.000078>
801   00:07:33.555570 open("/usr/lib/python3.11/site-packages/adi/adaq8092.pyc", O_RDONLY|O_LARGEFILE|O_CLOEXEC) = 3 <0.000088>
801   00:07:33.555897 fstat64(3, {st_mode=S_IFREG|0644, st_size=2060, ...}) = 0 <0.000057>
801   00:07:33.556201 _llseek(3, 0, [0], SEEK_CUR) = 0 <0.000060>
801   00:07:33.556464 fstat64(3, {st_mode=S_IFREG|0644, st_size=2060, ...}) = 0 <0.000055>
801   00:07:33.556735 read(3, "\247\r\r\n\0\0\0\0D\340\35i\257\4\0\0\343\0\0\0\0\0\0\0\0\0\0\0\0\6\0\0"..., 2061) = 2060 <0.000071>
801   00:07:33.557014 read(3, "", 1)    = 0 <0.000057>
801   00:07:33.557281 close(3)          = 0 <0.000065>
801   00:07:33.558928 stat64("/usr/lib/python3.11/site-packages/adi", {st_mode=S_IFDIR|0755, st_size=0, ...}) = 0 <0.000085>
801   00:07:33.559548 stat64("/usr/lib/python3.11/site-packages/adi/adar1000.pyc", {st_mode=S_IFREG|0644, st_size=79577, ...}) = 0 <0.000079>
801   00:07:33.560506 open("/usr/lib/python3.11/site-packages/adi/adar1000.pyc", O_RDONLY|O_LARGEFILE|O_CLOEXEC) = 3 <0.000091>
801   00:07:33.560843 fstat64(3, {st_mode=S_IFREG|0644, st_size=79577, ...}) = 0 <0.000057>
801   00:07:33.561154 _llseek(3, 0, [0], SEEK_CUR) = 0 <0.000058>
801   00:07:33.561420 fstat64(3, {st_mode=S_IFREG|0644, st_size=79577, ...}) = 0 <0.000060>
801   00:07:33.561695 read(3, "\247\r\r\n\0\0\0\0D\340\35i\350\370\0\0\343\0\0\0\0\0\0\0\0\0\0\0\0\6\0\0"..., 79578) = 79577 <0.000257>
801   00:07:33.562201 read(3, "", 1)    = 0 <0.000061>
801   00:07:33.562507 close(3)          = 0 <0.000065>
801   00:07:33.570454 stat64("/usr/lib/python3.11/site-packages/adi", {st_mode=S_IFDIR|0755, st_size=0, ...}) = 0 <0.000092>
801   00:07:33.571153 stat64("/usr/lib/python3.11/site-packages/adi/adf4030.pyc", {st_mode=S_IFREG|0644, st_size=5353, ...}) = 0 <0.000080>
801   00:07:33.571988 open("/usr/lib/python3.11/site-packages/adi/adf4030.pyc", O_RDONLY|O_LARGEFILE|O_CLOEXEC) = 3 <0.000095>
801   00:07:33.572329 fstat64(3, {st_mode=S_IFREG|0644, st_size=5353, ...}) = 0 <0.000058>
801   00:07:33.572674 _llseek(3, 0, [0], SEEK_CUR) = 0 <0.000059>
801   00:07:33.572947 fstat64(3, {st_mode=S_IFREG|0644, st_size=5353, ...}) = 0 <0.000059>
801   00:07:33.573224 read(3, "\247\r\r\n\0\0\0\0D\340\35ic\17\0\0\343\0\0\0\0\0\0\0\0\0\0\0\0\6\0\0"..., 5354) = 5353 <0.000081>
801   00:07:33.573514 read(3, "", 1)    = 0 <0.000057>
801   00:07:33.573784 close(3)          = 0 <0.000062>
801   00:07:33.575461 stat64("/usr/lib/python3.11/site-packages/adi", {st_mode=S_IFDIR|0755, st_size=0, ...}) = 0 <0.000086>
801   00:07:33.576085 stat64("/usr/lib/python3.11/site-packages/adi/adf4159.pyc", {st_mode=S_IFREG|0644, st_size=12801, ...}) = 0 <0.000080>
801   00:07:33.576886 open("/usr/lib/python3.11/site-packages/adi/adf4159.pyc", O_RDONLY|O_LARGEFILE|O_CLOEXEC) = 3 <0.000088>
801   00:07:33.577215 fstat64(3, {st_mode=S_IFREG|0644, st_size=12801, ...}) = 0 <0.000061>
801   00:07:33.577528 _llseek(3, 0, [0], SEEK_CUR) = 0 <0.000058>
801   00:07:33.577789 fstat64(3, {st_mode=S_IFREG|0644, st_size=12801, ...}) = 0 <0.000057>
801   00:07:33.578061 read(3, "\247\r\r\n\0\0\0\0D\340\35i\372\37\0\0\343\0\0\0\0\0\0\0\0\0\0\0\0\6\0\0"..., 12802) = 12801 <0.000099>
801   00:07:33.578375 read(3, "", 1)    = 0 <0.000058>
801   00:07:33.578647 close(3)          = 0 <0.000063>
801   00:07:33.581146 stat64("/usr/lib/python3.11/site-packages/adi", {st_mode=S_IFDIR|0755, st_size=0, ...}) = 0 <0.000088>
801   00:07:33.581794 stat64("/usr/lib/python3.11/site-packages/adi/adf4355.pyc", {st_mode=S_IFREG|0644, st_size=3623, ...}) = 0 <0.000079>
801   00:07:33.582602 open("/usr/lib/python3.11/site-packages/adi/adf4355.pyc", O_RDONLY|O_LARGEFILE|O_CLOEXEC) = 3 <0.000089>
801   00:07:33.582934 fstat64(3, {st_mode=S_IFREG|0644, st_size=3623, ...}) = 0 <0.000057>
801   00:07:33.583241 _llseek(3, 0, [0], SEEK_CUR) = 0 <0.000057>
801   00:07:33.583504 fstat64(3, {st_mode=S_IFREG|0644, st_size=3623, ...}) = 0 <0.000059>
801   00:07:33.583780 read(3, "\247\r\r\n\0\0\0\0D\340\35i\231\7\0\0\343\0\0\0\0\0\0\0\0\0\0\0\0\6\0\0"..., 3624) = 3623 <0.000077>
801   00:07:33.584065 read(3, "", 1)    = 0 <0.000057>
801   00:07:33.584333 close(3)          = 0 <0.000061>
801   00:07:33.585935 stat64("/usr/lib/python3.11/site-packages/adi", {st_mode=S_IFDIR|0755, st_size=0, ...}) = 0 <0.000085>
801   00:07:33.586553 stat64("/usr/lib/python3.11/site-packages/adi/adf4371.pyc", {st_mode=S_IFREG|0644, st_size=7460, ...}) = 0 <0.000083>
801   00:07:33.587348 open("/usr/lib/python3.11/site-packages/adi/adf4371.pyc", O_RDONLY|O_LARGEFILE|O_CLOEXEC) = 3 <0.000089>
801   00:07:33.587676 fstat64(3, {st_mode=S_IFREG|0644, st_size=7460, ...}) = 0 <0.000061>
801   00:07:33.587985 _llseek(3, 0, [0], SEEK_CUR) = 0 <0.000057>
801   00:07:33.588245 fstat64(3, {st_mode=S_IFREG|0644, st_size=7460, ...}) = 0 <0.000056>
801   00:07:33.588517 read(3, "\247\r\r\n\0\0\0\0D\340\35i\236\23\0\0\343\0\0\0\0\0\0\0\0\0\0\0\0\6\0\0"..., 7461) = 7460 <0.000088>
801   00:07:33.588815 read(3, "", 1)    = 0 <0.000058>
801   00:07:33.589089 close(3)          = 0 <0.000062>
801   00:07:33.591217 stat64("/usr/lib/python3.11/site-packages/adi", {st_mode=S_IFDIR|0755, st_size=0, ...}) = 0 <0.000088>
801   00:07:33.591856 stat64("/usr/lib/python3.11/site-packages/adi/adf4377.pyc", {st_mode=S_IFREG|0644, st_size=12235, ...}) = 0 <0.000082>
801   00:07:33.592659 open("/usr/lib/python3.11/site-packages/adi/adf4377.pyc", O_RDONLY|O_LARGEFILE|O_CLOEXEC) = 3 <0.000088>
801   00:07:33.592986 fstat64(3, {st_mode=S_IFREG|0644, st_size=12235, ...}) = 0 <0.000057>
801   00:07:33.593292 _llseek(3, 0, [0], SEEK_CUR) = 0 <0.000058>
801   00:07:33.593555 fstat64(3, {st_mode=S_IFREG|0644, st_size=12235, ...}) = 0 <0.000056>
801   00:07:33.593826 read(3, "\247\r\r\n\0\0\0\0D\340\35i\323\35\0\0\343\0\0\0\0\0\0\0\0\0\0\0\0\6\0\0"..., 12236) = 12235 <0.000097>
801   00:07:33.594138 read(3, "", 1)    = 0 <0.000058>
801   00:07:33.594411 close(3)          = 0 <0.000062>
801   00:07:33.596648 stat64("/usr/lib/python3.11/site-packages/adi", {st_mode=S_IFDIR|0755, st_size=0, ...}) = 0 <0.000086>
801   00:07:33.597322 stat64("/usr/lib/python3.11/site-packages/adi/adf4382.pyc", {st_mode=S_IFREG|0644, st_size=14535, ...}) = 0 <0.000079>
801   00:07:33.598158 open("/usr/lib/python3.11/site-packages/adi/adf4382.pyc", O_RDONLY|O_LARGEFILE|O_CLOEXEC) = 3 <0.000094>
801   00:07:33.598497 fstat64(3, {st_mode=S_IFREG|0644, st_size=14535, ...}) = 0 <0.000058>
801   00:07:33.598809 _llseek(3, 0, [0], SEEK_CUR) = 0 <0.000058>
801   00:07:33.599072 fstat64(3, {st_mode=S_IFREG|0644, st_size=14535, ...}) = 0 <0.000056>
801   00:07:33.599350 read(3, "\247\r\r\n\0\0\0\0D\340\35i\354#\0\0\343\0\0\0\0\0\0\0\0\0\0\0\0\6\0\0"..., 14536) = 14535 <0.000104>
801   00:07:33.599670 read(3, "", 1)    = 0 <0.000058>
801   00:07:33.599947 close(3)          = 0 <0.000068>
801   00:07:33.600664 mmap2(NULL, 262144, PROT_READ|PROT_WRITE, MAP_PRIVATE|MAP_ANONYMOUS, -1, 0) = 0xb536d000 <0.000107>
801   00:07:33.604624 stat64("/usr/lib/python3.11/site-packages/adi", {st_mode=S_IFDIR|0755, st_size=0, ...}) = 0 <0.005473>
801   00:07:33.610812 stat64("/usr/lib/python3.11/site-packages/adi/adf5610.pyc", {st_mode=S_IFREG|0644, st_size=2613, ...}) = 0 <0.000085>
801   00:07:33.611715 open("/usr/lib/python3.11/site-packages/adi/adf5610.pyc", O_RDONLY|O_LARGEFILE|O_CLOEXEC) = 3 <0.000096>
801   00:07:33.612063 fstat64(3, {st_mode=S_IFREG|0644, st_size=2613, ...}) = 0 <0.000060>
801   00:07:33.612384 _llseek(3, 0, [0], SEEK_CUR) = 0 <0.000059>
801   00:07:33.612652 fstat64(3, {st_mode=S_IFREG|0644, st_size=2613, ...}) = 0 <0.000056>
801   00:07:33.612931 read(3, "\247\r\r\n\0\0\0\0D\340\35i\374\5\0\0\343\0\0\0\0\0\0\0\0\0\0\0\0\6\0\0"..., 2614) = 2613 <0.000075>
801   00:07:33.613216 read(3, "", 1)    = 0 <0.000058>
801   00:07:33.613484 close(3)          = 0 <0.000063>
801   00:07:33.615002 stat64("/usr/lib/python3.11/site-packages/adi", {st_mode=S_IFDIR|0755, st_size=0, ...}) = 0 <0.000088>
801   00:07:33.615623 stat64("/usr/lib/python3.11/site-packages/adi/adf5611.pyc", {st_mode=S_IFREG|0644, st_size=7322, ...}) = 0 <0.000078>
801   00:07:33.616424 open("/usr/lib/python3.11/site-packages/adi/adf5611.pyc", O_RDONLY|O_LARGEFILE|O_CLOEXEC) = 3 <0.000089>
801   00:07:33.616754 fstat64(3, {st_mode=S_IFREG|0644, st_size=7322, ...}) = 0 <0.000058>
801   00:07:33.617061 _llseek(3, 0, [0], SEEK_CUR) = 0 <0.000061>
801   00:07:33.617324 fstat64(3, {st_mode=S_IFREG|0644, st_size=7322, ...}) = 0 <0.000056>
801   00:07:33.617596 read(3, "\247\r\r\n\0\0\0\0D\340\35io\21\0\0\343\0\0\0\0\0\0\0\0\0\0\0\0\6\0\0"..., 7323) = 7322 <0.000086>
801   00:07:33.617888 read(3, "", 1)    = 0 <0.000059>
801   00:07:33.618164 close(3)          = 0 <0.000062>
801   00:07:33.620127 stat64("/usr/lib/python3.11/site-packages/adi", {st_mode=S_IFDIR|0755, st_size=0, ...}) = 0 <0.001373>
801   00:07:33.622117 stat64("/usr/lib/python3.11/site-packages/adi/adg2128.pyc", {st_mode=S_IFREG|0644, st_size=8121, ...}) = 0 <0.000438>
801   00:07:33.623375 open("/usr/lib/python3.11/site-packages/adi/adg2128.pyc", O_RDONLY|O_LARGEFILE|O_CLOEXEC) = 3 <0.000095>
801   00:07:33.623726 fstat64(3, {st_mode=S_IFREG|0644, st_size=8121, ...}) = 0 <0.000058>
801   00:07:33.624041 _llseek(3, 0, [0], SEEK_CUR) = 0 <0.000058>
801   00:07:33.624306 fstat64(3, {st_mode=S_IFREG|0644, st_size=8121, ...}) = 0 <0.000058>
801   00:07:33.624582 read(3, "\247\r\r\n\0\0\0\0D\340\35i\244\21\0\0\343\0\0\0\0\0\0\0\0\0\0\0\0\6\0\0"..., 8122) = 8121 <0.000087>
801   00:07:33.624879 read(3, "", 1)    = 0 <0.000058>
801   00:07:33.625151 close(3)          = 0 <0.000061>
801   00:07:33.627153 stat64("/usr/lib/python3.11/site-packages/adi", {st_mode=S_IFDIR|0755, st_size=0, ...}) = 0 <0.000086>
801   00:07:33.627792 stat64("/usr/lib/python3.11/site-packages/adi/adis16460.pyc", {st_mode=S_IFREG|0644, st_size=2543, ...}) = 0 <0.000079>
801   00:07:33.628593 open("/usr/lib/python3.11/site-packages/adi/adis16460.pyc", O_RDONLY|O_LARGEFILE|O_CLOEXEC) = 3 <0.000091>
801   00:07:33.628926 fstat64(3, {st_mode=S_IFREG|0644, st_size=2543, ...}) = 0 <0.000058>
801   00:07:33.629231 _llseek(3, 0, [0], SEEK_CUR) = 0 <0.000057>
801   00:07:33.629519 fstat64(3, {st_mode=S_IFREG|0644, st_size=2543, ...}) = 0 <0.000060>
801   00:07:33.629801 read(3, "\247\r\r\n\0\0\0\0D\340\35i\216\5\0\0\343\0\0\0\0\0\0\0\0\0\0\0\0\6\0\0"..., 2544) = 2543 <0.000075>
801   00:07:33.630219 read(3, "", 1)    = 0 <0.000062>
801   00:07:33.630505 close(3)          = 0 <0.000063>
801   00:07:33.632311 stat64("/usr/lib/python3.11/site-packages/adi", {st_mode=S_IFDIR|0755, st_size=0, ...}) = 0 <0.000087>
801   00:07:33.632945 stat64("/usr/lib/python3.11/site-packages/adi/adis16475.pyc", {st_mode=S_IFREG|0644, st_size=17453, ...}) = 0 <0.000078>
801   00:07:33.633739 open("/usr/lib/python3.11/site-packages/adi/adis16475.pyc", O_RDONLY|O_LARGEFILE|O_CLOEXEC) = 3 <0.000094>
801   00:07:33.634077 fstat64(3, {st_mode=S_IFREG|0644, st_size=17453, ...}) = 0 <0.000057>
801   00:07:33.634382 _llseek(3, 0, [0], SEEK_CUR) = 0 <0.000057>
801   00:07:33.634644 fstat64(3, {st_mode=S_IFREG|0644, st_size=17453, ...}) = 0 <0.000055>
801   00:07:33.634918 read(3, "\247\r\r\n\0\0\0\0D\340\35i\250-\0\0\343\0\0\0\0\0\0\0\0\0\0\0\0\6\0\0"..., 17454) = 17453 <0.000109>
801   00:07:33.635242 read(3, "", 1)    = 0 <0.000059>
801   00:07:33.635522 close(3)          = 0 <0.000063>
801   00:07:33.639046 stat64("/usr/lib/python3.11/site-packages/adi", {st_mode=S_IFDIR|0755, st_size=0, ...}) = 0 <0.000090>
801   00:07:33.639698 stat64("/usr/lib/python3.11/site-packages/adi/adis16480.pyc", {st_mode=S_IFREG|0644, st_size=39598, ...}) = 0 <0.000080>
801   00:07:33.640735 open("/usr/lib/python3.11/site-packages/adi/adis16480.pyc", O_RDONLY|O_LARGEFILE|O_CLOEXEC) = 3 <0.000092>
801   00:07:33.641091 fstat64(3, {st_mode=S_IFREG|0644, st_size=39598, ...}) = 0 <0.000061>
801   00:07:33.641409 _llseek(3, 0, [0], SEEK_CUR) = 0 <0.000058>
801   00:07:33.641675 fstat64(3, {st_mode=S_IFREG|0644, st_size=39598, ...}) = 0 <0.000055>
801   00:07:33.641946 read(3, "\247\r\r\n\0\0\0\0D\340\35i\247c\0\0\343\0\0\0\0\0\0\0\0\0\0\0\0\7\0\0"..., 39599) = 39598 <0.000157>
801   00:07:33.642335 read(3, "", 1)    = 0 <0.000060>
801   00:07:33.642623 close(3)          = 0 <0.000062>
801   00:07:33.663026 stat64("/usr/lib/python3.11/site-packages/adi", {st_mode=S_IFDIR|0755, st_size=0, ...}) = 0 <0.000095>
801   00:07:33.663726 stat64("/usr/lib/python3.11/site-packages/adi/adis16507.pyc", {st_mode=S_IFREG|0644, st_size=3445, ...}) = 0 <0.000081>
801   00:07:33.664569 open("/usr/lib/python3.11/site-packages/adi/adis16507.pyc", O_RDONLY|O_LARGEFILE|O_CLOEXEC) = 3 <0.000094>
801   00:07:33.664917 fstat64(3, {st_mode=S_IFREG|0644, st_size=3445, ...}) = 0 <0.000058>
801   00:07:33.665228 _llseek(3, 0, [0], SEEK_CUR) = 0 <0.000061>
801   00:07:33.665493 fstat64(3, {st_mode=S_IFREG|0644, st_size=3445, ...}) = 0 <0.000056>
801   00:07:33.665768 read(3, "\247\r\r\n\0\0\0\0D\340\35i\376\7\0\0\343\0\0\0\0\0\0\0\0\0\0\0\0\6\0\0"..., 3446) = 3445 <0.000077>
801   00:07:33.666052 read(3, "", 1)    = 0 <0.000057>
801   00:07:33.666321 close(3)          = 0 <0.000065>
801   00:07:33.668233 stat64("/usr/lib/python3.11/site-packages/adi", {st_mode=S_IFDIR|0755, st_size=0, ...}) = 0 <0.000090>
801   00:07:33.668895 stat64("/usr/lib/python3.11/site-packages/adi/adis16550.pyc", {st_mode=S_IFREG|0644, st_size=26446, ...}) = 0 <0.000079>
801   00:07:33.669717 open("/usr/lib/python3.11/site-packages/adi/adis16550.pyc", O_RDONLY|O_LARGEFILE|O_CLOEXEC) = 3 <0.000091>
801   00:07:33.670142 fstat64(3, {st_mode=S_IFREG|0644, st_size=26446, ...}) = 0 <0.000061>
801   00:07:33.670471 _llseek(3, 0, [0], SEEK_CUR) = 0 <0.000062>
801   00:07:33.670742 fstat64(3, {st_mode=S_IFREG|0644, st_size=26446, ...}) = 0 <0.000057>
801   00:07:33.671016 read(3, "\247\r\r\n\0\0\0\0D\340\35i\363A\0\0\343\0\0\0\0\0\0\0\0\0\0\0\0\6\0\0"..., 26447) = 26446 <0.000130>
801   00:07:33.671373 read(3, "", 1)    = 0 <0.000059>
801   00:07:33.671660 close(3)          = 0 <0.000062>
801   00:07:33.676526 stat64("/usr/lib/python3.11/site-packages/adi", {st_mode=S_IFDIR|0755, st_size=0, ...}) = 0 <0.000090>
801   00:07:33.677197 stat64("/usr/lib/python3.11/site-packages/adi/adl5240.pyc", {st_mode=S_IFREG|0644, st_size=1760, ...}) = 0 <0.000085>
801   00:07:33.678067 open("/usr/lib/python3.11/site-packages/adi/adl5240.pyc", O_RDONLY|O_LARGEFILE|O_CLOEXEC) = 3 <0.000092>
801   00:07:33.678411 fstat64(3, {st_mode=S_IFREG|0644, st_size=1760, ...}) = 0 <0.000058>
801   00:07:33.678724 _llseek(3, 0, [0], SEEK_CUR) = 0 <0.000059>
801   00:07:33.678992 fstat64(3, {st_mode=S_IFREG|0644, st_size=1760, ...}) = 0 <0.000055>
801   00:07:33.679262 read(3, "\247\r\r\n\0\0\0\0D\340\35ii\3\0\0\343\0\0\0\0\0\0\0\0\0\0\0\0\6\0\0"..., 1761) = 1760 <0.000074>
801   00:07:33.679547 read(3, "", 1)    = 0 <0.000057>
801   00:07:33.679815 close(3)          = 0 <0.000062>
801   00:07:33.681346 stat64("/usr/lib/python3.11/site-packages/adi", {st_mode=S_IFDIR|0755, st_size=0, ...}) = 0 <0.000086>
801   00:07:33.681973 stat64("/usr/lib/python3.11/site-packages/adi/adl5960.pyc", {st_mode=S_IFREG|0644, st_size=7506, ...}) = 0 <0.000082>
801   00:07:33.682773 open("/usr/lib/python3.11/site-packages/adi/adl5960.pyc", O_RDONLY|O_LARGEFILE|O_CLOEXEC) = 3 <0.000089>
801   00:07:33.683105 fstat64(3, {st_mode=S_IFREG|0644, st_size=7506, ...}) = 0 <0.000061>
801   00:07:33.683414 _llseek(3, 0, [0], SEEK_CUR) = 0 <0.000058>
801   00:07:33.683675 fstat64(3, {st_mode=S_IFREG|0644, st_size=7506, ...}) = 0 <0.000056>
801   00:07:33.683947 read(3, "\247\r\r\n\0\0\0\0D\340\35i\262\22\0\0\343\0\0\0\0\0\0\0\0\0\0\0\0\6\0\0"..., 7507) = 7506 <0.000085>
801   00:07:33.684248 read(3, "", 1)    = 0 <0.000058>
801   00:07:33.684520 close(3)          = 0 <0.000062>
801   00:07:33.686467 stat64("/usr/lib/python3.11/site-packages/adi", {st_mode=S_IFDIR|0755, st_size=0, ...}) = 0 <0.000087>
801   00:07:33.687092 stat64("/usr/lib/python3.11/site-packages/adi/admv8818.pyc", {st_mode=S_IFREG|0644, st_size=5696, ...}) = 0 <0.000080>
801   00:07:33.687902 open("/usr/lib/python3.11/site-packages/adi/admv8818.pyc", O_RDONLY|O_LARGEFILE|O_CLOEXEC) = 3 <0.000090>
801   00:07:33.688234 fstat64(3, {st_mode=S_IFREG|0644, st_size=5696, ...}) = 0 <0.000061>
801   00:07:33.688545 _llseek(3, 0, [0], SEEK_CUR) = 0 <0.000056>
801   00:07:33.688806 fstat64(3, {st_mode=S_IFREG|0644, st_size=5696, ...}) = 0 <0.000056>
801   00:07:33.689078 read(3, "\247\r\r\n\0\0\0\0D\340\35i9\17\0\0\343\0\0\0\0\0\0\0\0\0\0\0\0\6\0\0"..., 5697) = 5696 <0.000080>
801   00:07:33.689369 read(3, "", 1)    = 0 <0.000061>
801   00:07:33.689644 close(3)          = 0 <0.000063>
801   00:07:33.691549 stat64("/usr/lib/python3.11/site-packages/adi", {st_mode=S_IFDIR|0755, st_size=0, ...}) = 0 <0.000089>
801   00:07:33.692185 stat64("/usr/lib/python3.11/site-packages/adi/adpd188.pyc", {st_mode=S_IFREG|0644, st_size=4670, ...}) = 0 <0.000080>
801   00:07:33.692987 open("/usr/lib/python3.11/site-packages/adi/adpd188.pyc", O_RDONLY|O_LARGEFILE|O_CLOEXEC) = 3 <0.000089>
801   00:07:33.693321 fstat64(3, {st_mode=S_IFREG|0644, st_size=4670, ...}) = 0 <0.000057>
801   00:07:33.693632 _llseek(3, 0, [0], SEEK_CUR) = 0 <0.000057>
801   00:07:33.693895 fstat64(3, {st_mode=S_IFREG|0644, st_size=4670, ...}) = 0 <0.000056>
801   00:07:33.694165 read(3, "\247\r\r\n\0\0\0\0D\340\35i\352\n\0\0\343\0\0\0\0\0\0\0\0\0\0\0\0\6\0\0"..., 4671) = 4670 <0.000080>
801   00:07:33.694453 read(3, "", 1)    = 0 <0.000058>
801   00:07:33.694724 close(3)          = 0 <0.000061>
801   00:07:33.696027 mmap2(NULL, 262144, PROT_READ|PROT_WRITE, MAP_PRIVATE|MAP_ANONYMOUS, -1, 0) = 0xb532d000 <0.000108>
801   00:07:33.697363 stat64("/usr/lib/python3.11/site-packages/adi", {st_mode=S_IFDIR|0755, st_size=0, ...}) = 0 <0.000087>
801   00:07:33.697993 stat64("/usr/lib/python3.11/site-packages/adi/adpd410x.pyc", {st_mode=S_IFREG|0644, st_size=4125, ...}) = 0 <0.000080>
801   00:07:33.698801 open("/usr/lib/python3.11/site-packages/adi/adpd410x.pyc", O_RDONLY|O_LARGEFILE|O_CLOEXEC) = 3 <0.000093>
801   00:07:33.699136 fstat64(3, {st_mode=S_IFREG|0644, st_size=4125, ...}) = 0 <0.000057>
801   00:07:33.699446 _llseek(3, 0, [0], SEEK_CUR) = 0 <0.000058>
801   00:07:33.699711 fstat64(3, {st_mode=S_IFREG|0644, st_size=4125, ...}) = 0 <0.000056>
801   00:07:33.699986 read(3, "\247\r\r\n\0\0\0\0D\340\35i\340\10\0\0\343\0\0\0\0\0\0\0\0\0\0\0\0\6\0\0"..., 4126) = 4125 <0.000107>
801   00:07:33.700433 read(3, "", 1)    = 0 <0.000058>
801   00:07:33.700715 close(3)          = 0 <0.000063>
801   00:07:33.703765 stat64("/usr/lib/python3.11/site-packages/adi", {st_mode=S_IFDIR|0755, st_size=0, ...}) = 0 <0.000089>
801   00:07:33.704424 stat64("/usr/lib/python3.11/site-packages/adi/adpd1080.pyc", {st_mode=S_IFREG|0644, st_size=4099, ...}) = 0 <0.000081>
801   00:07:33.705249 open("/usr/lib/python3.11/site-packages/adi/adpd1080.pyc", O_RDONLY|O_LARGEFILE|O_CLOEXEC) = 3 <0.000087>
801   00:07:33.705585 fstat64(3, {st_mode=S_IFREG|0644, st_size=4099, ...}) = 0 <0.000058>
801   00:07:33.705893 _llseek(3, 0, [0], SEEK_CUR) = 0 <0.000057>
801   00:07:33.706155 fstat64(3, {st_mode=S_IFREG|0644, st_size=4099, ...}) = 0 <0.000058>
801   00:07:33.706428 read(3, "\247\r\r\n\0\0\0\0D\340\35i_\t\0\0\343\0\0\0\0\0\0\0\0\0\0\0\0\6\0\0"..., 4100) = 4099 <0.000078>
801   00:07:33.706715 read(3, "", 1)    = 0 <0.000057>
801   00:07:33.706984 close(3)          = 0 <0.000062>
801   00:07:33.709207 stat64("/usr/lib/python3.11/site-packages/adi", {st_mode=S_IFDIR|0755, st_size=0, ...}) = 0 <0.000089>
801   00:07:33.709839 stat64("/usr/lib/python3.11/site-packages/adi/adrf5720.pyc", {st_mode=S_IFREG|0644, st_size=2040, ...}) = 0 <0.000177>
801   00:07:33.710769 open("/usr/lib/python3.11/site-packages/adi/adrf5720.pyc", O_RDONLY|O_LARGEFILE|O_CLOEXEC) = 3 <0.000090>
801   00:07:33.711112 fstat64(3, {st_mode=S_IFREG|0644, st_size=2040, ...}) = 0 <0.000057>
801   00:07:33.711423 _llseek(3, 0, [0], SEEK_CUR) = 0 <0.000061>
801   00:07:33.711689 fstat64(3, {st_mode=S_IFREG|0644, st_size=2040, ...}) = 0 <0.000056>
801   00:07:33.711962 read(3, "\247\r\r\n\0\0\0\0D\340\35i\312\4\0\0\343\0\0\0\0\0\0\0\0\0\0\0\0\6\0\0"..., 2041) = 2040 <0.000073>
801   00:07:33.712244 read(3, "", 1)    = 0 <0.000058>
801   00:07:33.712516 close(3)          = 0 <0.000061>
801   00:07:33.714085 stat64("/usr/lib/python3.11/site-packages/adi", {st_mode=S_IFDIR|0755, st_size=0, ...}) = 0 <0.000084>
801   00:07:33.714700 stat64("/usr/lib/python3.11/site-packages/adi/adrv9009.pyc", {st_mode=S_IFREG|0644, st_size=38295, ...}) = 0 <0.000079>
801   00:07:33.715502 open("/usr/lib/python3.11/site-packages/adi/adrv9009.pyc", O_RDONLY|O_LARGEFILE|O_CLOEXEC) = 3 <0.000091>
801   00:07:33.715850 fstat64(3, {st_mode=S_IFREG|0644, st_size=38295, ...}) = 0 <0.000058>
801   00:07:33.716159 _llseek(3, 0, [0], SEEK_CUR) = 0 <0.000058>
801   00:07:33.716420 fstat64(3, {st_mode=S_IFREG|0644, st_size=38295, ...}) = 0 <0.000056>
801   00:07:33.716689 read(3, "\247\r\r\n\0\0\0\0D\340\35i\235d\0\0\343\0\0\0\0\0\0\0\0\0\0\0\0\7\0\0"..., 38296) = 38295 <0.000162>
801   00:07:33.717077 read(3, "", 1)    = 0 <0.000060>
801   00:07:33.717366 close(3)          = 0 <0.000063>
801   00:07:33.723785 stat64("/usr/lib/python3.11/site-packages/adi", {st_mode=S_IFDIR|0755, st_size=0, ...}) = 0 <0.000095>
801   00:07:33.724474 stat64("/usr/lib/python3.11/site-packages/adi/adrv9009_zu11eg.pyc", {st_mode=S_IFREG|0644, st_size=12887, ...}) = 0 <0.000081>
801   00:07:33.725302 open("/usr/lib/python3.11/site-packages/adi/adrv9009_zu11eg.pyc", O_RDONLY|O_LARGEFILE|O_CLOEXEC) = 3 <0.000092>
801   00:07:33.725649 fstat64(3, {st_mode=S_IFREG|0644, st_size=12887, ...}) = 0 <0.000058>
801   00:07:33.725957 _llseek(3, 0, [0], SEEK_CUR) = 0 <0.000058>
801   00:07:33.726225 fstat64(3, {st_mode=S_IFREG|0644, st_size=12887, ...}) = 0 <0.000055>
801   00:07:33.726498 read(3, "\247\r\r\n\0\0\0\0D\340\35i\341 \0\0\343\0\0\0\0\0\0\0\0\0\0\0\0\5\0\0"..., 12888) = 12887 <0.000101>
801   00:07:33.726817 read(3, "", 1)    = 0 <0.000058>
801   00:07:33.727093 close(3)          = 0 <0.000065>
801   00:07:33.729786 stat64("/usr/lib/python3.11/site-packages/adi", {st_mode=S_IFDIR|0755, st_size=0, ...}) = 0 <0.000239>
801   00:07:33.730611 stat64("/usr/lib/python3.11/site-packages/adi/adrv9009_zu11eg_fmcomms8.pyc", {st_mode=S_IFREG|0644, st_size=19029, ...}) = 0 <0.000082>
801   00:07:33.731448 open("/usr/lib/python3.11/site-packages/adi/adrv9009_zu11eg_fmcomms8.pyc", O_RDONLY|O_LARGEFILE|O_CLOEXEC) = 3 <0.000093>
801   00:07:33.731818 fstat64(3, {st_mode=S_IFREG|0644, st_size=19029, ...}) = 0 <0.000058>
801   00:07:33.732134 _llseek(3, 0, [0], SEEK_CUR) = 0 <0.000058>
801   00:07:33.732400 fstat64(3, {st_mode=S_IFREG|0644, st_size=19029, ...}) = 0 <0.000059>
801   00:07:33.732675 read(3, "\247\r\r\n\0\0\0\0D\340\35i\2653\0\0\343\0\0\0\0\0\0\0\0\0\0\0\0\5\0\0"..., 19030) = 19029 <0.000115>
801   00:07:33.733010 read(3, "", 1)    = 0 <0.000058>
801   00:07:33.733294 close(3)          = 0 <0.000063>
801   00:07:33.737477 stat64("/usr/lib/python3.11/site-packages/adi", {st_mode=S_IFDIR|0755, st_size=0, ...}) = 0 <0.000093>
801   00:07:33.738142 stat64("/usr/lib/python3.11/site-packages/adi/adrv9009_zu11eg_multi.pyc", {st_mode=S_IFREG|0644, st_size=22476, ...}) = 0 <0.000080>
801   00:07:33.738971 open("/usr/lib/python3.11/site-packages/adi/adrv9009_zu11eg_multi.pyc", O_RDONLY|O_LARGEFILE|O_CLOEXEC) = 3 <0.000090>
801   00:07:33.739311 fstat64(3, {st_mode=S_IFREG|0644, st_size=22476, ...}) = 0 <0.000058>
801   00:07:33.739621 _llseek(3, 0, [0], SEEK_CUR) = 0 <0.000061>
801   00:07:33.739887 fstat64(3, {st_mode=S_IFREG|0644, st_size=22476, ...}) = 0 <0.000129>
801   00:07:33.740269 read(3, "\247\r\r\n\0\0\0\0D\340\35i\\>\0\0\343\0\0\0\0\0\0\0\0\0\0\0\0\5\0\0"..., 22477) = 22476 <0.000122>
801   00:07:33.740624 read(3, "", 1)    = 0 <0.000060>
801   00:07:33.740917 close(3)          = 0 <0.000062>
801   00:07:33.743855 stat64("/usr/lib/python3.11/site-packages/adi", {st_mode=S_IFDIR|0755, st_size=0, ...}) = 0 <0.000090>
801   00:07:33.744511 stat64("/usr/lib/python3.11/site-packages/adi/adt7420.pyc", {st_mode=S_IFREG|0644, st_size=4049, ...}) = 0 <0.000081>
801   00:07:33.745331 open("/usr/lib/python3.11/site-packages/adi/adt7420.pyc", O_RDONLY|O_LARGEFILE|O_CLOEXEC) = 3 <0.000090>
801   00:07:33.745669 fstat64(3, {st_mode=S_IFREG|0644, st_size=4049, ...}) = 0 <0.000057>
801   00:07:33.745980 _llseek(3, 0, [0], SEEK_CUR) = 0 <0.000062>
801   00:07:33.746248 fstat64(3, {st_mode=S_IFREG|0644, st_size=4049, ...}) = 0 <0.000055>
801   00:07:33.746520 read(3, "\247\r\r\n\0\0\0\0D\340\35i!\t\0\0\343\0\0\0\0\0\0\0\0\0\0\0\0\6\0\0"..., 4050) = 4049 <0.000078>
801   00:07:33.746810 read(3, "", 1)    = 0 <0.000057>
801   00:07:33.747079 close(3)          = 0 <0.000064>
801   00:07:33.748891 stat64("/usr/lib/python3.11/site-packages/adi", {st_mode=S_IFDIR|0755, st_size=0, ...}) = 0 <0.000085>
801   00:07:33.749512 stat64("/usr/lib/python3.11/site-packages/adi/adxl313.pyc", {st_mode=S_IFREG|0644, st_size=6203, ...}) = 0 <0.000079>
801   00:07:33.750431 open("/usr/lib/python3.11/site-packages/adi/adxl313.pyc", O_RDONLY|O_LARGEFILE|O_CLOEXEC) = 3 <0.000091>
801   00:07:33.750774 fstat64(3, {st_mode=S_IFREG|0644, st_size=6203, ...}) = 0 <0.000057>
801   00:07:33.751085 _llseek(3, 0, [0], SEEK_CUR) = 0 <0.000058>
801   00:07:33.751353 fstat64(3, {st_mode=S_IFREG|0644, st_size=6203, ...}) = 0 <0.000057>
801   00:07:33.751628 read(3, "\247\r\r\n\0\0\0\0D\340\35iA\16\0\0\343\0\0\0\0\0\0\0\0\0\0\0\0\7\0\0"..., 6204) = 6203 <0.000082>
801   00:07:33.751922 read(3, "", 1)    = 0 <0.000057>
801   00:07:33.752196 close(3)          = 0 <0.000063>
801   00:07:33.754576 stat64("/usr/lib/python3.11/site-packages/adi", {st_mode=S_IFDIR|0755, st_size=0, ...}) = 0 <0.000086>
801   00:07:33.755207 stat64("/usr/lib/python3.11/site-packages/adi/adxl345.pyc", {st_mode=S_IFREG|0644, st_size=4513, ...}) = 0 <0.000079>
801   00:07:33.756013 open("/usr/lib/python3.11/site-packages/adi/adxl345.pyc", O_RDONLY|O_LARGEFILE|O_CLOEXEC) = 3 <0.000088>
801   00:07:33.756348 fstat64(3, {st_mode=S_IFREG|0644, st_size=4513, ...}) = 0 <0.000057>
801   00:07:33.756657 _llseek(3, 0, [0], SEEK_CUR) = 0 <0.000057>
801   00:07:33.756919 fstat64(3, {st_mode=S_IFREG|0644, st_size=4513, ...}) = 0 <0.000055>
801   00:07:33.757190 read(3, "\247\r\r\n\0\0\0\0D\340\35i4\t\0\0\343\0\0\0\0\0\0\0\0\0\0\0\0\7\0\0"..., 4514) = 4513 <0.000080>
801   00:07:33.757483 read(3, "", 1)    = 0 <0.000061>
801   00:07:33.757780 close(3)          = 0 <0.000062>
801   00:07:33.759969 stat64("/usr/lib/python3.11/site-packages/adi", {st_mode=S_IFDIR|0755, st_size=0, ...}) = 0 <0.000115>
801   00:07:33.760726 stat64("/usr/lib/python3.11/site-packages/adi/adxl355.pyc", {st_mode=S_IFREG|0644, st_size=7637, ...}) = 0 <0.000083>
801   00:07:33.761547 open("/usr/lib/python3.11/site-packages/adi/adxl355.pyc", O_RDONLY|O_LARGEFILE|O_CLOEXEC) = 3 <0.000093>
801   00:07:33.761886 fstat64(3, {st_mode=S_IFREG|0644, st_size=7637, ...}) = 0 <0.000058>
801   00:07:33.762194 _llseek(3, 0, [0], SEEK_CUR) = 0 <0.000059>
801   00:07:33.762459 fstat64(3, {st_mode=S_IFREG|0644, st_size=7637, ...}) = 0 <0.000056>
801   00:07:33.762731 read(3, "\247\r\r\n\0\0\0\0D\340\35i\251\20\0\0\343\0\0\0\0\0\0\0\0\0\0\0\0\7\0\0"..., 7638) = 7637 <0.000090>
801   00:07:33.763033 read(3, "", 1)    = 0 <0.000057>
801   00:07:33.763302 close(3)          = 0 <0.000062>
801   00:07:33.765843 stat64("/usr/lib/python3.11/site-packages/adi", {st_mode=S_IFDIR|0755, st_size=0, ...}) = 0 <0.000089>
801   00:07:33.766478 stat64("/usr/lib/python3.11/site-packages/adi/adxl380.pyc", {st_mode=S_IFREG|0644, st_size=10368, ...}) = 0 <0.000079>
801   00:07:33.767279 open("/usr/lib/python3.11/site-packages/adi/adxl380.pyc", O_RDONLY|O_LARGEFILE|O_CLOEXEC) = 3 <0.000089>
801   00:07:33.767612 fstat64(3, {st_mode=S_IFREG|0644, st_size=10368, ...}) = 0 <0.000057>
801   00:07:33.767919 _llseek(3, 0, [0], SEEK_CUR) = 0 <0.000057>
801   00:07:33.768184 fstat64(3, {st_mode=S_IFREG|0644, st_size=10368, ...}) = 0 <0.000055>
801   00:07:33.768454 read(3, "\247\r\r\n\0\0\0\0D\340\35iZ\31\0\0\343\0\0\0\0\0\0\0\0\0\0\0\0\7\0\0"..., 10369) = 10368 <0.000094>
801   00:07:33.768763 read(3, "", 1)    = 0 <0.000058>
801   00:07:33.769034 close(3)          = 0 <0.000066>
801   00:07:33.772033 stat64("/usr/lib/python3.11/site-packages/adi", {st_mode=S_IFDIR|0755, st_size=0, ...}) = 0 <0.000090>
801   00:07:33.772676 stat64("/usr/lib/python3.11/site-packages/adi/adxrs290.pyc", {st_mode=S_IFREG|0644, st_size=5086, ...}) = 0 <0.000080>
801   00:07:33.773489 open("/usr/lib/python3.11/site-packages/adi/adxrs290.pyc", O_RDONLY|O_LARGEFILE|O_CLOEXEC) = 3 <0.000089>
801   00:07:33.773826 fstat64(3, {st_mode=S_IFREG|0644, st_size=5086, ...}) = 0 <0.000057>
801   00:07:33.774133 _llseek(3, 0, [0], SEEK_CUR) = 0 <0.000059>
801   00:07:33.774400 fstat64(3, {st_mode=S_IFREG|0644, st_size=5086, ...}) = 0 <0.000056>
801   00:07:33.774670 read(3, "\247\r\r\n\0\0\0\0D\340\35i_\v\0\0\343\0\0\0\0\0\0\0\0\0\0\0\0\7\0\0"..., 5087) = 5086 <0.000082>
801   00:07:33.774964 read(3, "", 1)    = 0 <0.000058>
801   00:07:33.775233 close(3)          = 0 <0.000061>
801   00:07:33.777453 stat64("/usr/lib/python3.11/site-packages/adi", {st_mode=S_IFDIR|0755, st_size=0, ...}) = 0 <0.000091>
801   00:07:33.778090 stat64("/usr/lib/python3.11/site-packages/adi/axi_aion_trig.pyc", {st_mode=S_IFREG|0644, st_size=4329, ...}) = 0 <0.000080>
801   00:07:33.778898 open("/usr/lib/python3.11/site-packages/adi/axi_aion_trig.pyc", O_RDONLY|O_LARGEFILE|O_CLOEXEC) = 3 <0.000089>
801   00:07:33.779246 fstat64(3, {st_mode=S_IFREG|0644, st_size=4329, ...}) = 0 <0.000059>
801   00:07:33.779554 _llseek(3, 0, [0], SEEK_CUR) = 0 <0.000062>
801   00:07:33.779819 fstat64(3, {st_mode=S_IFREG|0644, st_size=4329, ...}) = 0 <0.000056>
801   00:07:33.780205 read(3, "\247\r\r\n\0\0\0\0D\340\35i\231\v\0\0\343\0\0\0\0\0\0\0\0\0\0\0\0\6\0\0"..., 4330) = 4329 <0.000081>
801   00:07:33.780507 read(3, "", 1)    = 0 <0.000061>
801   00:07:33.780782 close(3)          = 0 <0.000063>
801   00:07:33.782306 stat64("/usr/lib/python3.11/site-packages/adi", {st_mode=S_IFDIR|0755, st_size=0, ...}) = 0 <0.000085>
801   00:07:33.782924 stat64("/usr/lib/python3.11/site-packages/adi/cn0511.pyc", {st_mode=S_IFREG|0644, st_size=5798, ...}) = 0 <0.000080>
801   00:07:33.783720 open("/usr/lib/python3.11/site-packages/adi/cn0511.pyc", O_RDONLY|O_LARGEFILE|O_CLOEXEC) = 3 <0.000092>
801   00:07:33.784053 fstat64(3, {st_mode=S_IFREG|0644, st_size=5798, ...}) = 0 <0.000058>
801   00:07:33.784364 _llseek(3, 0, [0], SEEK_CUR) = 0 <0.000060>
801   00:07:33.784654 fstat64(3, {st_mode=S_IFREG|0644, st_size=5798, ...}) = 0 <0.000057>
801   00:07:33.784931 read(3, "\247\r\r\n\0\0\0\0D\340\35i\262\r\0\0\343\0\0\0\0\0\0\0\0\0\0\0\0\5\0\0"..., 5799) = 5798 <0.000081>
801   00:07:33.785221 read(3, "", 1)    = 0 <0.000057>
801   00:07:33.785492 close(3)          = 0 <0.000061>
801   00:07:33.786841 stat64("/root", {st_mode=S_IFDIR|0700, st_size=0, ...}) = 0 <0.000081>
801   00:07:33.787483 stat64("/usr/lib/python3.11", {st_mode=S_IFDIR|0755, st_size=0, ...}) = 0 <0.000076>
801   00:07:33.788060 stat64("/usr/lib/python3.11/lib-dynload", {st_mode=S_IFDIR|0755, st_size=0, ...}) = 0 <0.000074>
801   00:07:33.788609 stat64("/usr/lib/python3.11/site-packages", {st_mode=S_IFDIR|0755, st_size=0, ...}) = 0 <0.000075>
801   00:07:33.789454 mmap2(NULL, 262144, PROT_READ|PROT_WRITE, MAP_PRIVATE|MAP_ANONYMOUS, -1, 0) = 0xb52ed000 <0.000104>
801   00:07:33.790759 stat64("/usr/lib/python3.11/site-packages/adi", {st_mode=S_IFDIR|0755, st_size=0, ...}) = 0 <0.000085>
801   00:07:33.791378 stat64("/usr/lib/python3.11/site-packages/adi/cn0532.pyc", {st_mode=S_IFREG|0644, st_size=2550, ...}) = 0 <0.000079>
801   00:07:33.792186 open("/usr/lib/python3.11/site-packages/adi/cn0532.pyc", O_RDONLY|O_LARGEFILE|O_CLOEXEC) = 3 <0.000093>
801   00:07:33.792523 fstat64(3, {st_mode=S_IFREG|0644, st_size=2550, ...}) = 0 <0.000058>
801   00:07:33.792834 _llseek(3, 0, [0], SEEK_CUR) = 0 <0.000058>
801   00:07:33.793098 fstat64(3, {st_mode=S_IFREG|0644, st_size=2550, ...}) = 0 <0.000059>
801   00:07:33.793374 read(3, "\247\r\r\n\0\0\0\0D\340\35i\2\7\0\0\343\0\0\0\0\0\0\0\0\0\0\0\0\5\0\0"..., 2551) = 2550 <0.000075>
801   00:07:33.793661 read(3, "", 1)    = 0 <0.000058>
801   00:07:33.793930 close(3)          = 0 <0.000061>
801   00:07:33.794886 stat64("/usr/lib/python3.11/site-packages/adi", {st_mode=S_IFDIR|0755, st_size=0, ...}) = 0 <0.000081>
801   00:07:33.795485 stat64("/usr/lib/python3.11/site-packages/adi/cn0540.pyc", {st_mode=S_IFREG|0644, st_size=8991, ...}) = 0 <0.000077>
801   00:07:33.796271 open("/usr/lib/python3.11/site-packages/adi/cn0540.pyc", O_RDONLY|O_LARGEFILE|O_CLOEXEC) = 3 <0.000092>
801   00:07:33.796603 fstat64(3, {st_mode=S_IFREG|0644, st_size=8991, ...}) = 0 <0.000057>
801   00:07:33.796908 _llseek(3, 0, [0], SEEK_CUR) = 0 <0.000057>
801   00:07:33.797170 fstat64(3, {st_mode=S_IFREG|0644, st_size=8991, ...}) = 0 <0.000055>
801   00:07:33.797442 read(3, "\247\r\r\n\0\0\0\0D\340\35i\326\24\0\0\343\0\0\0\0\0\0\0\0\0\0\0\0\6\0\0"..., 8992) = 8991 <0.000089>
801   00:07:33.797742 read(3, "", 1)    = 0 <0.000059>
801   00:07:33.798017 close(3)          = 0 <0.000060>
801   00:07:33.802114 stat64("/usr/lib/python3.11/site-packages/adi", {st_mode=S_IFDIR|0755, st_size=0, ...}) = 0 <0.000089>
801   00:07:33.802785 stat64("/usr/lib/python3.11/site-packages/adi/cn0554.pyc", {st_mode=S_IFREG|0644, st_size=6697, ...}) = 0 <0.000081>
801   00:07:33.803610 open("/usr/lib/python3.11/site-packages/adi/cn0554.pyc", O_RDONLY|O_LARGEFILE|O_CLOEXEC) = 3 <0.000091>
801   00:07:33.803950 fstat64(3, {st_mode=S_IFREG|0644, st_size=6697, ...}) = 0 <0.000057>
801   00:07:33.804267 _llseek(3, 0, [0], SEEK_CUR) = 0 <0.000058>
801   00:07:33.804531 fstat64(3, {st_mode=S_IFREG|0644, st_size=6697, ...}) = 0 <0.000055>
801   00:07:33.804808 read(3, "\247\r\r\n\0\0\0\0D\340\35i8\21\0\0\343\0\0\0\0\0\0\0\0\0\0\0\0\4\0\0"..., 6698) = 6697 <0.000084>
801   00:07:33.805103 read(3, "", 1)    = 0 <0.000059>
801   00:07:33.805374 close(3)          = 0 <0.000061>
801   00:07:33.807194 stat64("/usr/lib/python3.11/site-packages/adi", {st_mode=S_IFDIR|0755, st_size=0, ...}) = 0 <0.000086>
801   00:07:33.807819 stat64("/usr/lib/python3.11/site-packages/adi/cn0556.pyc", {st_mode=S_IFREG|0644, st_size=23550, ...}) = 0 <0.000082>
801   00:07:33.808621 open("/usr/lib/python3.11/site-packages/adi/cn0556.pyc", O_RDONLY|O_LARGEFILE|O_CLOEXEC) = 3 <0.000089>
801   00:07:33.808955 fstat64(3, {st_mode=S_IFREG|0644, st_size=23550, ...}) = 0 <0.000061>
801   00:07:33.809267 _llseek(3, 0, [0], SEEK_CUR) = 0 <0.000059>
801   00:07:33.809556 fstat64(3, {st_mode=S_IFREG|0644, st_size=23550, ...}) = 0 <0.000056>
801   00:07:33.809833 read(3, "\247\r\r\n\0\0\0\0D\340\35i\345U\0\0\343\0\0\0\0\0\0\0\0\0\0\0\0\5\0\0"..., 23551) = 23550 <0.000203>
801   00:07:33.810341 read(3, "", 1)    = 0 <0.000062>
801   00:07:33.810641 close(3)          = 0 <0.000063>
801   00:07:33.813204 stat64("/usr/lib/python3.11/site-packages/adi", {st_mode=S_IFDIR|0755, st_size=0, ...}) = 0 <0.000089>
801   00:07:33.813855 stat64("/usr/lib/python3.11/site-packages/adi/cn0565.pyc", {st_mode=S_IFREG|0644, st_size=5637, ...}) = 0 <0.000079>
801   00:07:33.814677 open("/usr/lib/python3.11/site-packages/adi/cn0565.pyc", O_RDONLY|O_LARGEFILE|O_CLOEXEC) = 3 <0.000090>
801   00:07:33.815016 fstat64(3, {st_mode=S_IFREG|0644, st_size=5637, ...}) = 0 <0.000058>
801   00:07:33.815330 _llseek(3, 0, [0], SEEK_CUR) = 0 <0.000058>
801   00:07:33.815596 fstat64(3, {st_mode=S_IFREG|0644, st_size=5637, ...}) = 0 <0.000056>
801   00:07:33.815869 read(3, "\247\r\r\n\0\0\0\0D\340\35i\17\17\0\0\343\0\0\0\0\0\0\0\0\0\0\0\0\7\0\0"..., 5638) = 5637 <0.000083>
801   00:07:33.816161 read(3, "", 1)    = 0 <0.000061>
801   00:07:33.816434 close(3)          = 0 <0.000061>
801   00:07:33.818498 stat64("/usr/lib/python3.11/site-packages/adi", {st_mode=S_IFDIR|0755, st_size=0, ...}) = 0 <0.000087>
801   00:07:33.819128 stat64("/usr/lib/python3.11/site-packages/adi/cn0566.pyc", {st_mode=S_IFREG|0644, st_size=24892, ...}) = 0 <0.000081>
801   00:07:33.819933 open("/usr/lib/python3.11/site-packages/adi/cn0566.pyc", O_RDONLY|O_LARGEFILE|O_CLOEXEC) = 3 <0.000113>
801   00:07:33.820391 fstat64(3, {st_mode=S_IFREG|0644, st_size=24892, ...}) = 0 <0.000061>
801   00:07:33.820712 _llseek(3, 0, [0], SEEK_CUR) = 0 <0.000059>
801   00:07:33.820978 fstat64(3, {st_mode=S_IFREG|0644, st_size=24892, ...}) = 0 <0.000057>
801   00:07:33.821252 read(3, "\247\r\r\n\0\0\0\0D\340\35i\337g\0\0\343\0\0\0\0\0\0\0\0\0\0\0\0\6\0\0"..., 24893) = 24892 <0.000125>
801   00:07:33.821603 read(3, "", 1)    = 0 <0.000059>
801   00:07:33.821889 close(3)          = 0 <0.000063>
801   00:07:33.824813 stat64("/usr/lib/python3.11/site-packages/adi", {st_mode=S_IFDIR|0755, st_size=0, ...}) = 0 <0.000090>
801   00:07:33.825473 stat64("/usr/lib/python3.11/site-packages/adi/cn0575.pyc", {st_mode=S_IFREG|0644, st_size=1658, ...}) = 0 <0.000080>
801   00:07:33.826294 open("/usr/lib/python3.11/site-packages/adi/cn0575.pyc", O_RDONLY|O_LARGEFILE|O_CLOEXEC) = 3 <0.000093>
801   00:07:33.826639 fstat64(3, {st_mode=S_IFREG|0644, st_size=1658, ...}) = 0 <0.000057>
801   00:07:33.826956 _llseek(3, 0, [0], SEEK_CUR) = 0 <0.000058>
801   00:07:33.827223 fstat64(3, {st_mode=S_IFREG|0644, st_size=1658, ...}) = 0 <0.000056>
801   00:07:33.827495 read(3, "\247\r\r\n\0\0\0\0D\340\35iI\3\0\0\343\0\0\0\0\0\0\0\0\0\0\0\0\4\0\0"..., 1659) = 1658 <0.000073>
801   00:07:33.827775 read(3, "", 1)    = 0 <0.000060>
801   00:07:33.828046 close(3)          = 0 <0.000061>
801   00:07:33.829437 stat64("/usr/lib/python3.11/site-packages/adi", {st_mode=S_IFDIR|0755, st_size=0, ...}) = 0 <0.000085>
801   00:07:33.830146 stat64("/usr/lib/python3.11/site-packages/adi/cn0579.pyc", {st_mode=S_IFREG|0644, st_size=5466, ...}) = 0 <0.000081>
801   00:07:33.830972 open("/usr/lib/python3.11/site-packages/adi/cn0579.pyc", O_RDONLY|O_LARGEFILE|O_CLOEXEC) = 3 <0.000094>
801   00:07:33.831313 fstat64(3, {st_mode=S_IFREG|0644, st_size=5466, ...}) = 0 <0.000058>
801   00:07:33.831625 _llseek(3, 0, [0], SEEK_CUR) = 0 <0.000058>
801   00:07:33.831888 fstat64(3, {st_mode=S_IFREG|0644, st_size=5466, ...}) = 0 <0.000055>
801   00:07:33.832161 read(3, "\247\r\r\n\0\0\0\0D\340\35i\272\r\0\0\343\0\0\0\0\0\0\0\0\0\0\0\0\5\0\0"..., 5467) = 5466 <0.000081>
801   00:07:33.832450 read(3, "", 1)    = 0 <0.000058>
801   00:07:33.832719 close(3)          = 0 <0.000061>
801   00:07:33.834681 stat64("/usr/lib/python3.11/site-packages/adi", {st_mode=S_IFDIR|0755, st_size=0, ...}) = 0 <0.000086>
801   00:07:33.835302 stat64("/usr/lib/python3.11/site-packages/adi/daq2.pyc", {st_mode=S_IFREG|0644, st_size=865, ...}) = 0 <0.000081>
801   00:07:33.836128 open("/usr/lib/python3.11/site-packages/adi/daq2.pyc", O_RDONLY|O_LARGEFILE|O_CLOEXEC) = 3 <0.000092>
801   00:07:33.836467 fstat64(3, {st_mode=S_IFREG|0644, st_size=865, ...}) = 0 <0.000057>
801   00:07:33.836777 _llseek(3, 0, [0], SEEK_CUR) = 0 <0.000058>
801   00:07:33.837041 fstat64(3, {st_mode=S_IFREG|0644, st_size=865, ...}) = 0 <0.000056>
801   00:07:33.837317 read(3, "\247\r\r\n\0\0\0\0D\340\35iN\1\0\0\343\0\0\0\0\0\0\0\0\0\0\0\0\6\0\0"..., 866) = 865 <0.000070>
801   00:07:33.837595 read(3, "", 1)    = 0 <0.000056>
801   00:07:33.837858 close(3)          = 0 <0.000061>
801   00:07:33.839616 stat64("/usr/lib/python3.11/site-packages/adi", {st_mode=S_IFDIR|0755, st_size=0, ...}) = 0 <0.000084>
801   00:07:33.840426 stat64("/usr/lib/python3.11/site-packages/adi/daq3.pyc", {st_mode=S_IFREG|0644, st_size=865, ...}) = 0 <0.000085>
801   00:07:33.841252 open("/usr/lib/python3.11/site-packages/adi/daq3.pyc", O_RDONLY|O_LARGEFILE|O_CLOEXEC) = 3 <0.000092>
801   00:07:33.841591 fstat64(3, {st_mode=S_IFREG|0644, st_size=865, ...}) = 0 <0.000057>
801   00:07:33.841899 _llseek(3, 0, [0], SEEK_CUR) = 0 <0.000058>
801   00:07:33.842161 fstat64(3, {st_mode=S_IFREG|0644, st_size=865, ...}) = 0 <0.000057>
801   00:07:33.842433 read(3, "\247\r\r\n\0\0\0\0D\340\35iN\1\0\0\343\0\0\0\0\0\0\0\0\0\0\0\0\6\0\0"..., 866) = 865 <0.000074>
801   00:07:33.842717 read(3, "", 1)    = 0 <0.000058>
801   00:07:33.842984 close(3)          = 0 <0.000062>
801   00:07:33.844739 stat64("/usr/lib/python3.11/site-packages/adi", {st_mode=S_IFDIR|0755, st_size=0, ...}) = 0 <0.000084>
801   00:07:33.845352 stat64("/usr/lib/python3.11/site-packages/adi/fmc_vna.pyc", {st_mode=S_IFREG|0644, st_size=2214, ...}) = 0 <0.000079>
801   00:07:33.846145 open("/usr/lib/python3.11/site-packages/adi/fmc_vna.pyc", O_RDONLY|O_LARGEFILE|O_CLOEXEC) = 3 <0.000088>
801   00:07:33.846476 fstat64(3, {st_mode=S_IFREG|0644, st_size=2214, ...}) = 0 <0.000057>
801   00:07:33.846784 _llseek(3, 0, [0], SEEK_CUR) = 0 <0.000058>
801   00:07:33.847048 fstat64(3, {st_mode=S_IFREG|0644, st_size=2214, ...}) = 0 <0.000057>
801   00:07:33.847321 read(3, "\247\r\r\n\0\0\0\0D\340\35i\301\4\0\0\343\0\0\0\0\0\0\0\0\0\0\0\0\n\0\0"..., 2215) = 2214 <0.000074>
801   00:07:33.847605 read(3, "", 1)    = 0 <0.000057>
801   00:07:33.847874 close(3)          = 0 <0.000063>
801   00:07:33.849963 stat64("/usr/lib/python3.11/site-packages/adi", {st_mode=S_IFDIR|0755, st_size=0, ...}) = 0 <0.000109>
801   00:07:33.850712 stat64("/usr/lib/python3.11/site-packages/adi/fmcadc3.pyc", {st_mode=S_IFREG|0644, st_size=880, ...}) = 0 <0.000082>
801   00:07:33.851526 open("/usr/lib/python3.11/site-packages/adi/fmcadc3.pyc", O_RDONLY|O_LARGEFILE|O_CLOEXEC) = 3 <0.000088>
801   00:07:33.851860 fstat64(3, {st_mode=S_IFREG|0644, st_size=880, ...}) = 0 <0.000061>
801   00:07:33.852173 _llseek(3, 0, [0], SEEK_CUR) = 0 <0.000059>
801   00:07:33.852437 fstat64(3, {st_mode=S_IFREG|0644, st_size=880, ...}) = 0 <0.000055>
801   00:07:33.852709 read(3, "\247\r\r\n\0\0\0\0D\340\35iY\1\0\0\343\0\0\0\0\0\0\0\0\0\0\0\0\6\0\0"..., 881) = 880 <0.000070>
801   00:07:33.852988 read(3, "", 1)    = 0 <0.000060>
801   00:07:33.853255 close(3)          = 0 <0.000062>
801   00:07:33.854870 stat64("/usr/lib/python3.11/site-packages/adi", {st_mode=S_IFDIR|0755, st_size=0, ...}) = 0 <0.000088>
801   00:07:33.855478 stat64("/usr/lib/python3.11/site-packages/adi/fmcjesdadc1.pyc", {st_mode=S_IFREG|0644, st_size=3168, ...}) = 0 <0.000078>
801   00:07:33.856268 open("/usr/lib/python3.11/site-packages/adi/fmcjesdadc1.pyc", O_RDONLY|O_LARGEFILE|O_CLOEXEC) = 3 <0.000088>
801   00:07:33.856598 fstat64(3, {st_mode=S_IFREG|0644, st_size=3168, ...}) = 0 <0.000058>
801   00:07:33.856905 _llseek(3, 0, [0], SEEK_CUR) = 0 <0.000057>
801   00:07:33.857167 fstat64(3, {st_mode=S_IFREG|0644, st_size=3168, ...}) = 0 <0.000059>
801   00:07:33.857440 read(3, "\247\r\r\n\0\0\0\0D\340\35i\334\6\0\0\343\0\0\0\0\0\0\0\0\0\0\0\0\5\0\0"..., 3169) = 3168 <0.000075>
801   00:07:33.857724 read(3, "", 1)    = 0 <0.000061>
801   00:07:33.858020 close(3)          = 0 <0.000062>
801   00:07:33.859926 stat64("/usr/lib/python3.11/site-packages/adi", {st_mode=S_IFDIR|0755, st_size=0, ...}) = 0 <0.000111>
801   00:07:33.860648 stat64("/usr/lib/python3.11/site-packages/adi/fmclidar1.pyc", {st_mode=S_IFREG|0644, st_size=10776, ...}) = 0 <0.000080>
801   00:07:33.861457 open("/usr/lib/python3.11/site-packages/adi/fmclidar1.pyc", O_RDONLY|O_LARGEFILE|O_CLOEXEC) = 3 <0.000089>
801   00:07:33.861790 fstat64(3, {st_mode=S_IFREG|0644, st_size=10776, ...}) = 0 <0.000058>
801   00:07:33.862102 _llseek(3, 0, [0], SEEK_CUR) = 0 <0.000058>
801   00:07:33.862365 fstat64(3, {st_mode=S_IFREG|0644, st_size=10776, ...}) = 0 <0.000060>
801   00:07:33.862641 read(3, "\247\r\r\n\0\0\0\0D\340\35i\344\34\0\0\343\0\0\0\0\0\0\0\0\0\0\0\0\7\0\0"..., 10777) = 10776 <0.000095>
801   00:07:33.862950 read(3, "", 1)    = 0 <0.000059>
801   00:07:33.863227 close(3)          = 0 <0.000062>
801   00:07:33.864647 stat64("/usr/lib/python3.11/site-packages/adi", {st_mode=S_IFDIR|0755, st_size=0, ...}) = 0 <0.000085>
801   00:07:33.865265 stat64("/usr/lib/python3.11/site-packages/adi/ad5627.pyc", {st_mode=S_IFREG|0644, st_size=3467, ...}) = 0 <0.000080>
801   00:07:33.866067 open("/usr/lib/python3.11/site-packages/adi/ad5627.pyc", O_RDONLY|O_LARGEFILE|O_CLOEXEC) = 3 <0.000088>
801   00:07:33.866400 fstat64(3, {st_mode=S_IFREG|0644, st_size=3467, ...}) = 0 <0.000058>
801   00:07:33.866714 _llseek(3, 0, [0], SEEK_CUR) = 0 <0.000058>
801   00:07:33.866979 fstat64(3, {st_mode=S_IFREG|0644, st_size=3467, ...}) = 0 <0.000056>
801   00:07:33.867251 read(3, "\247\r\r\n\0\0\0\0D\340\35i\362\7\0\0\343\0\0\0\0\0\0\0\0\0\0\0\0\6\0\0"..., 3468) = 3467 <0.000075>
801   00:07:33.867533 read(3, "", 1)    = 0 <0.000058>
801   00:07:33.867802 close(3)          = 0 <0.000062>
801   00:07:33.872016 stat64("/usr/lib/python3.11/site-packages/adi", {st_mode=S_IFDIR|0755, st_size=0, ...}) = 0 <0.000092>
801   00:07:33.872668 stat64("/usr/lib/python3.11/site-packages/adi/fmcomms5.pyc", {st_mode=S_IFREG|0644, st_size=16934, ...}) = 0 <0.000079>
801   00:07:33.873484 open("/usr/lib/python3.11/site-packages/adi/fmcomms5.pyc", O_RDONLY|O_LARGEFILE|O_CLOEXEC) = 3 <0.000088>
801   00:07:33.873819 fstat64(3, {st_mode=S_IFREG|0644, st_size=16934, ...}) = 0 <0.000057>
801   00:07:33.874131 _llseek(3, 0, [0], SEEK_CUR) = 0 <0.000058>
801   00:07:33.874391 fstat64(3, {st_mode=S_IFREG|0644, st_size=16934, ...}) = 0 <0.000055>
801   00:07:33.874664 read(3, "\247\r\r\n\0\0\0\0D\340\35i\3032\0\0\343\0\0\0\0\0\0\0\0\0\0\0\0\5\0\0"..., 16935) = 16934 <0.000106>
801   00:07:33.874983 read(3, "", 1)    = 0 <0.000062>
801   00:07:33.875266 close(3)          = 0 <0.000061>
801   00:07:33.877129 stat64("/root", {st_mode=S_IFDIR|0700, st_size=0, ...}) = 0 <0.000085>
801   00:07:33.877789 stat64("/usr/lib/python3.11", {st_mode=S_IFDIR|0755, st_size=0, ...}) = 0 <0.000075>
801   00:07:33.878364 stat64("/usr/lib/python3.11/lib-dynload", {st_mode=S_IFDIR|0755, st_size=0, ...}) = 0 <0.000074>
801   00:07:33.878913 stat64("/usr/lib/python3.11/site-packages", {st_mode=S_IFDIR|0755, st_size=0, ...}) = 0 <0.000073>
801   00:07:33.881393 stat64("/usr/lib/python3.11/site-packages/adi", {st_mode=S_IFDIR|0755, st_size=0, ...}) = 0 <0.000085>
801   00:07:33.882031 stat64("/usr/lib/python3.11/site-packages/adi/fmcomms11.pyc", {st_mode=S_IFREG|0644, st_size=867, ...}) = 0 <0.000080>
801   00:07:33.882846 open("/usr/lib/python3.11/site-packages/adi/fmcomms11.pyc", O_RDONLY|O_LARGEFILE|O_CLOEXEC) = 3 <0.000091>
801   00:07:33.883190 fstat64(3, {st_mode=S_IFREG|0644, st_size=867, ...}) = 0 <0.000058>
801   00:07:33.883503 _llseek(3, 0, [0], SEEK_CUR) = 0 <0.000058>
801   00:07:33.883768 fstat64(3, {st_mode=S_IFREG|0644, st_size=867, ...}) = 0 <0.000055>
801   00:07:33.884044 read(3, "\247\r\r\n\0\0\0\0D\340\35iJ\1\0\0\343\0\0\0\0\0\0\0\0\0\0\0\0\6\0\0"..., 868) = 867 <0.000072>
801   00:07:33.884327 read(3, "", 1)    = 0 <0.000062>
801   00:07:33.884599 close(3)          = 0 <0.000061>
801   00:07:33.886363 stat64("/usr/lib/python3.11/site-packages/adi", {st_mode=S_IFDIR|0755, st_size=0, ...}) = 0 <0.000090>
801   00:07:33.887013 stat64("/usr/lib/python3.11/site-packages/adi/hmc7044.pyc", {st_mode=S_IFREG|0644, st_size=8007, ...}) = 0 <0.000081>
801   00:07:33.887821 open("/usr/lib/python3.11/site-packages/adi/hmc7044.pyc", O_RDONLY|O_LARGEFILE|O_CLOEXEC) = 3 <0.000090>
801   00:07:33.888172 fstat64(3, {st_mode=S_IFREG|0644, st_size=8007, ...}) = 0 <0.000056>
801   00:07:33.888482 _llseek(3, 0, [0], SEEK_CUR) = 0 <0.000058>
801   00:07:33.888746 fstat64(3, {st_mode=S_IFREG|0644, st_size=8007, ...}) = 0 <0.000057>
801   00:07:33.889019 read(3, "\247\r\r\n\0\0\0\0D\340\35i\254\22\0\0\343\0\0\0\0\0\0\0\0\0\0\0\0\6\0\0"..., 8008) = 8007 <0.000088>
801   00:07:33.889315 read(3, "", 1)    = 0 <0.000057>
801   00:07:33.889583 close(3)          = 0 <0.000064>
801   00:07:33.891680 stat64("/usr/lib/python3.11/site-packages/adi", {st_mode=S_IFDIR|0755, st_size=0, ...}) = 0 <0.000090>
801   00:07:33.892322 stat64("/usr/lib/python3.11/site-packages/adi/lm75.pyc", {st_mode=S_IFREG|0644, st_size=3579, ...}) = 0 <0.000079>
801   00:07:33.893133 open("/usr/lib/python3.11/site-packages/adi/lm75.pyc", O_RDONLY|O_LARGEFILE|O_CLOEXEC) = 3 <0.000089>
801   00:07:33.893472 fstat64(3, {st_mode=S_IFREG|0644, st_size=3579, ...}) = 0 <0.000057>
801   00:07:33.893781 _llseek(3, 0, [0], SEEK_CUR) = 0 <0.000060>
801   00:07:33.894044 fstat64(3, {st_mode=S_IFREG|0644, st_size=3579, ...}) = 0 <0.000055>
801   00:07:33.894316 read(3, "\247\r\r\n\0\0\0\0D\340\35i\314\10\0\0\343\0\0\0\0\0\0\0\0\0\0\0\0\6\0\0"..., 3580) = 3579 <0.000077>
801   00:07:33.894599 read(3, "", 1)    = 0 <0.000058>
801   00:07:33.894867 close(3)          = 0 <0.000065>
801   00:07:33.896481 stat64("/usr/lib/python3.11/site-packages/adi", {st_mode=S_IFDIR|0755, st_size=0, ...}) = 0 <0.000087>
801   00:07:33.897102 stat64("/usr/lib/python3.11/site-packages/adi/ltc2314_14.pyc", {st_mode=S_IFREG|0644, st_size=1891, ...}) = 0 <0.000079>
801   00:07:33.897899 open("/usr/lib/python3.11/site-packages/adi/ltc2314_14.pyc", O_RDONLY|O_LARGEFILE|O_CLOEXEC) = 3 <0.000092>
801   00:07:33.898234 fstat64(3, {st_mode=S_IFREG|0644, st_size=1891, ...}) = 0 <0.000057>
801   00:07:33.898539 _llseek(3, 0, [0], SEEK_CUR) = 0 <0.000058>
801   00:07:33.898801 fstat64(3, {st_mode=S_IFREG|0644, st_size=1891, ...}) = 0 <0.000056>
801   00:07:33.899071 read(3, "\247\r\r\n\0\0\0\0D\340\35i=\4\0\0\343\0\0\0\0\0\0\0\0\0\0\0\0\6\0\0"..., 1892) = 1891 <0.000075>
801   00:07:33.899354 read(3, "", 1)    = 0 <0.000057>
801   00:07:33.899616 close(3)          = 0 <0.000061>
801   00:07:33.901201 stat64("/usr/lib/python3.11/site-packages/adi", {st_mode=S_IFDIR|0755, st_size=0, ...}) = 0 <0.000088>
801   00:07:33.901818 stat64("/usr/lib/python3.11/site-packages/adi/ltc2378.pyc", {st_mode=S_IFREG|0644, st_size=4260, ...}) = 0 <0.000079>
801   00:07:33.902616 open("/usr/lib/python3.11/site-packages/adi/ltc2378.pyc", O_RDONLY|O_LARGEFILE|O_CLOEXEC) = 3 <0.000087>
801   00:07:33.902948 fstat64(3, {st_mode=S_IFREG|0644, st_size=4260, ...}) = 0 <0.000057>
801   00:07:33.903255 _llseek(3, 0, [0], SEEK_CUR) = 0 <0.000061>
801   00:07:33.903519 fstat64(3, {st_mode=S_IFREG|0644, st_size=4260, ...}) = 0 <0.000055>
801   00:07:33.903786 read(3, "\247\r\r\n\0\0\0\0D\340\35iS\n\0\0\343\0\0\0\0\0\0\0\0\0\0\0\0\6\0\0"..., 4261) = 4260 <0.000078>
801   00:07:33.904069 read(3, "", 1)    = 0 <0.000058>
801   00:07:33.904340 close(3)          = 0 <0.000065>
801   00:07:33.906495 stat64("/usr/lib/python3.11/site-packages/adi", {st_mode=S_IFDIR|0755, st_size=0, ...}) = 0 <0.000087>
801   00:07:33.907118 stat64("/usr/lib/python3.11/site-packages/adi/ltc2387.pyc", {st_mode=S_IFREG|0644, st_size=2452, ...}) = 0 <0.000080>
801   00:07:33.907915 open("/usr/lib/python3.11/site-packages/adi/ltc2387.pyc", O_RDONLY|O_LARGEFILE|O_CLOEXEC) = 3 <0.000088>
801   00:07:33.908249 fstat64(3, {st_mode=S_IFREG|0644, st_size=2452, ...}) = 0 <0.000058>
801   00:07:33.908557 _llseek(3, 0, [0], SEEK_CUR) = 0 <0.000061>
801   00:07:33.908822 fstat64(3, {st_mode=S_IFREG|0644, st_size=2452, ...}) = 0 <0.000055>
801   00:07:33.909117 read(3, "\247\r\r\n\0\0\0\0D\340\35i\7\7\0\0\343\0\0\0\0\0\0\0\0\0\0\0\0\6\0\0"..., 2453) = 2452 <0.000074>
801   00:07:33.909406 read(3, "", 1)    = 0 <0.000058>
801   00:07:33.909677 close(3)          = 0 <0.000061>
801   00:07:33.911560 stat64("/usr/lib/python3.11/site-packages/adi", {st_mode=S_IFDIR|0755, st_size=0, ...}) = 0 <0.000090>
801   00:07:33.912193 stat64("/usr/lib/python3.11/site-packages/adi/ltc2499.pyc", {st_mode=S_IFREG|0644, st_size=3033, ...}) = 0 <0.000079>
801   00:07:33.912997 open("/usr/lib/python3.11/site-packages/adi/ltc2499.pyc", O_RDONLY|O_LARGEFILE|O_CLOEXEC) = 3 <0.000089>
801   00:07:33.913332 fstat64(3, {st_mode=S_IFREG|0644, st_size=3033, ...}) = 0 <0.000057>
801   00:07:33.913640 _llseek(3, 0, [0], SEEK_CUR) = 0 <0.000058>
801   00:07:33.913905 fstat64(3, {st_mode=S_IFREG|0644, st_size=3033, ...}) = 0 <0.000056>
801   00:07:33.914177 read(3, "\247\r\r\n\0\0\0\0D\340\35if\5\0\0\343\0\0\0\0\0\0\0\0\0\0\0\0\6\0\0"..., 3034) = 3033 <0.000075>
801   00:07:33.914459 read(3, "", 1)    = 0 <0.000057>
801   00:07:33.914726 close(3)          = 0 <0.000063>
801   00:07:33.916727 stat64("/usr/lib/python3.11/site-packages/adi", {st_mode=S_IFDIR|0755, st_size=0, ...}) = 0 <0.000088>
801   00:07:33.917343 stat64("/usr/lib/python3.11/site-packages/adi/ltc2664.pyc", {st_mode=S_IFREG|0644, st_size=11246, ...}) = 0 <0.000080>
801   00:07:33.918143 open("/usr/lib/python3.11/site-packages/adi/ltc2664.pyc", O_RDONLY|O_LARGEFILE|O_CLOEXEC) = 3 <0.000090>
801   00:07:33.918480 fstat64(3, {st_mode=S_IFREG|0644, st_size=11246, ...}) = 0 <0.000057>
801   00:07:33.918788 _llseek(3, 0, [0], SEEK_CUR) = 0 <0.000057>
801   00:07:33.919052 fstat64(3, {st_mode=S_IFREG|0644, st_size=11246, ...}) = 0 <0.000060>
801   00:07:33.919329 read(3, "\247\r\r\n\0\0\0\0D\340\35i]\27\0\0\343\0\0\0\0\0\0\0\0\0\0\0\0\6\0\0"..., 11247) = 11246 <0.000092>
801   00:07:33.919634 read(3, "", 1)    = 0 <0.000058>
801   00:07:33.919906 close(3)          = 0 <0.000243>
801   00:07:33.921484 mmap2(NULL, 262144, PROT_READ|PROT_WRITE, MAP_PRIVATE|MAP_ANONYMOUS, -1, 0) = 0xb52ad000 <0.000111>
801   00:07:33.923348 stat64("/usr/lib/python3.11/site-packages/adi", {st_mode=S_IFDIR|0755, st_size=0, ...}) = 0 <0.000086>
801   00:07:33.923968 stat64("/usr/lib/python3.11/site-packages/adi/ltc2672.pyc", {st_mode=S_IFREG|0644, st_size=11020, ...}) = 0 <0.000079>
801   00:07:33.924774 open("/usr/lib/python3.11/site-packages/adi/ltc2672.pyc", O_RDONLY|O_LARGEFILE|O_CLOEXEC) = 3 <0.000090>
801   00:07:33.925113 fstat64(3, {st_mode=S_IFREG|0644, st_size=11020, ...}) = 0 <0.000057>
801   00:07:33.925422 _llseek(3, 0, [0], SEEK_CUR) = 0 <0.000057>
801   00:07:33.925687 fstat64(3, {st_mode=S_IFREG|0644, st_size=11020, ...}) = 0 <0.000056>
801   00:07:33.925959 read(3, "\247\r\r\n\0\0\0\0D\340\35i\371\32\0\0\343\0\0\0\0\0\0\0\0\0\0\0\0\6\0\0"..., 11021) = 11020 <0.000094>
801   00:07:33.926265 read(3, "", 1)    = 0 <0.000061>
801   00:07:33.926540 close(3)          = 0 <0.000062>
801   00:07:33.928923 stat64("/usr/lib/python3.11/site-packages/adi", {st_mode=S_IFDIR|0755, st_size=0, ...}) = 0 <0.000088>
801   00:07:33.929559 stat64("/usr/lib/python3.11/site-packages/adi/ltc2688.pyc", {st_mode=S_IFREG|0644, st_size=16740, ...}) = 0 <0.000083>
801   00:07:33.930550 open("/usr/lib/python3.11/site-packages/adi/ltc2688.pyc", O_RDONLY|O_LARGEFILE|O_CLOEXEC) = 3 <0.000094>
801   00:07:33.930902 fstat64(3, {st_mode=S_IFREG|0644, st_size=16740, ...}) = 0 <0.000058>
801   00:07:33.931215 _llseek(3, 0, [0], SEEK_CUR) = 0 <0.000058>
801   00:07:33.931479 fstat64(3, {st_mode=S_IFREG|0644, st_size=16740, ...}) = 0 <0.000056>
801   00:07:33.931755 read(3, "\247\r\r\n\0\0\0\0D\340\35i\353#\0\0\343\0\0\0\0\0\0\0\0\0\0\0\0\6\0\0"..., 16741) = 16740 <0.000108>
801   00:07:33.932077 read(3, "", 1)    = 0 <0.000058>
801   00:07:33.932355 close(3)          = 0 <0.000062>
801   00:07:33.936848 stat64("/usr/lib/python3.11/site-packages/adi", {st_mode=S_IFDIR|0755, st_size=0, ...}) = 0 <0.000095>
801   00:07:33.937514 stat64("/usr/lib/python3.11/site-packages/adi/ltc2983.pyc", {st_mode=S_IFREG|0644, st_size=4173, ...}) = 0 <0.000081>
801   00:07:33.938366 open("/usr/lib/python3.11/site-packages/adi/ltc2983.pyc", O_RDONLY|O_LARGEFILE|O_CLOEXEC) = 3 <0.000089>
801   00:07:33.938702 fstat64(3, {st_mode=S_IFREG|0644, st_size=4173, ...}) = 0 <0.000057>
801   00:07:33.939020 _llseek(3, 0, [0], SEEK_CUR) = 0 <0.000059>
801   00:07:33.939286 fstat64(3, {st_mode=S_IFREG|0644, st_size=4173, ...}) = 0 <0.000055>
801   00:07:33.939557 read(3, "\247\r\r\n\0\0\0\0D\340\35i\260\10\0\0\343\0\0\0\0\0\0\0\0\0\0\0\0\6\0\0"..., 4174) = 4173 <0.000078>
801   00:07:33.939845 read(3, "", 1)    = 0 <0.000058>
801   00:07:33.940267 close(3)          = 0 <0.000064>
801   00:07:33.942563 stat64("/usr/lib/python3.11/site-packages/adi", {st_mode=S_IFDIR|0755, st_size=0, ...}) = 0 <0.000086>
801   00:07:33.943202 stat64("/usr/lib/python3.11/site-packages/adi/max9611.pyc", {st_mode=S_IFREG|0644, st_size=8165, ...}) = 0 <0.000080>
801   00:07:33.944012 open("/usr/lib/python3.11/site-packages/adi/max9611.pyc", O_RDONLY|O_LARGEFILE|O_CLOEXEC) = 3 <0.000092>
801   00:07:33.944346 fstat64(3, {st_mode=S_IFREG|0644, st_size=8165, ...}) = 0 <0.000058>
801   00:07:33.944652 _llseek(3, 0, [0], SEEK_CUR) = 0 <0.000058>
801   00:07:33.944916 fstat64(3, {st_mode=S_IFREG|0644, st_size=8165, ...}) = 0 <0.000055>
801   00:07:33.945185 read(3, "\247\r\r\n\0\0\0\0D\340\35i\316\22\0\0\343\0\0\0\0\0\0\0\0\0\0\0\0\6\0\0"..., 8166) = 8165 <0.000090>
801   00:07:33.945486 read(3, "", 1)    = 0 <0.000057>
801   00:07:33.945755 close(3)          = 0 <0.000063>
801   00:07:33.948789 stat64("/usr/lib/python3.11/site-packages/adi", {st_mode=S_IFDIR|0755, st_size=0, ...}) = 0 <0.000088>
801   00:07:33.949422 stat64("/usr/lib/python3.11/site-packages/adi/max11205.pyc", {st_mode=S_IFREG|0644, st_size=4003, ...}) = 0 <0.000084>
801   00:07:33.950412 open("/usr/lib/python3.11/site-packages/adi/max11205.pyc", O_RDONLY|O_LARGEFILE|O_CLOEXEC) = 3 <0.000094>
801   00:07:33.950758 fstat64(3, {st_mode=S_IFREG|0644, st_size=4003, ...}) = 0 <0.000058>
801   00:07:33.951071 _llseek(3, 0, [0], SEEK_CUR) = 0 <0.000057>
801   00:07:33.951335 fstat64(3, {st_mode=S_IFREG|0644, st_size=4003, ...}) = 0 <0.000056>
801   00:07:33.951613 read(3, "\247\r\r\n\0\0\0\0D\340\35i\226\t\0\0\343\0\0\0\0\0\0\0\0\0\0\0\0\6\0\0"..., 4004) = 4003 <0.000078>
801   00:07:33.951903 read(3, "", 1)    = 0 <0.000057>
801   00:07:33.952173 close(3)          = 0 <0.000062>
801   00:07:33.954235 stat64("/usr/lib/python3.11/site-packages/adi", {st_mode=S_IFDIR|0755, st_size=0, ...}) = 0 <0.000086>
801   00:07:33.954860 stat64("/usr/lib/python3.11/site-packages/adi/max14001.pyc", {st_mode=S_IFREG|0644, st_size=4270, ...}) = 0 <0.000079>
801   00:07:33.955660 open("/usr/lib/python3.11/site-packages/adi/max14001.pyc", O_RDONLY|O_LARGEFILE|O_CLOEXEC) = 3 <0.000092>
801   00:07:33.955995 fstat64(3, {st_mode=S_IFREG|0644, st_size=4270, ...}) = 0 <0.000058>
801   00:07:33.956302 _llseek(3, 0, [0], SEEK_CUR) = 0 <0.000057>
801   00:07:33.956563 fstat64(3, {st_mode=S_IFREG|0644, st_size=4270, ...}) = 0 <0.000056>
801   00:07:33.956838 read(3, "\247\r\r\n\0\0\0\0D\340\35i4\n\0\0\343\0\0\0\0\0\0\0\0\0\0\0\0\6\0\0"..., 4271) = 4270 <0.000079>
801   00:07:33.957124 read(3, "", 1)    = 0 <0.000058>
801   00:07:33.957390 close(3)          = 0 <0.000062>
801   00:07:33.959409 stat64("/usr/lib/python3.11/site-packages/adi", {st_mode=S_IFDIR|0755, st_size=0, ...}) = 0 <0.000085>
801   00:07:33.960121 stat64("/usr/lib/python3.11/site-packages/adi/max31855.pyc", {st_mode=S_IFREG|0644, st_size=2669, ...}) = 0 <0.000148>
801   00:07:33.961019 open("/usr/lib/python3.11/site-packages/adi/max31855.pyc", O_RDONLY|O_LARGEFILE|O_CLOEXEC) = 3 <0.000094>
801   00:07:33.961360 fstat64(3, {st_mode=S_IFREG|0644, st_size=2669, ...}) = 0 <0.000058>
801   00:07:33.961669 _llseek(3, 0, [0], SEEK_CUR) = 0 <0.000059>
801   00:07:33.961932 fstat64(3, {st_mode=S_IFREG|0644, st_size=2669, ...}) = 0 <0.000058>
801   00:07:33.962207 read(3, "\247\r\r\n\0\0\0\0D\340\35i>\5\0\0\343\0\0\0\0\0\0\0\0\0\0\0\0\7\0\0"..., 2670) = 2669 <0.000074>
801   00:07:33.962513 read(3, "", 1)    = 0 <0.000058>
801   00:07:33.962787 close(3)          = 0 <0.000062>
801   00:07:33.964815 stat64("/usr/lib/python3.11/site-packages/adi", {st_mode=S_IFDIR|0755, st_size=0, ...}) = 0 <0.000085>
801   00:07:33.965440 stat64("/usr/lib/python3.11/site-packages/adi/max31865.pyc", {st_mode=S_IFREG|0644, st_size=4349, ...}) = 0 <0.000079>
801   00:07:33.966241 open("/usr/lib/python3.11/site-packages/adi/max31865.pyc", O_RDONLY|O_LARGEFILE|O_CLOEXEC) = 3 <0.000092>
801   00:07:33.966572 fstat64(3, {st_mode=S_IFREG|0644, st_size=4349, ...}) = 0 <0.000057>
801   00:07:33.966884 _llseek(3, 0, [0], SEEK_CUR) = 0 <0.000058>
801   00:07:33.967147 fstat64(3, {st_mode=S_IFREG|0644, st_size=4349, ...}) = 0 <0.000056>
801   00:07:33.967423 read(3, "\247\r\r\n\0\0\0\0D\340\35i\243\10\0\0\343\0\0\0\0\0\0\0\0\0\0\0\0\7\0\0"..., 4350) = 4349 <0.000078>
801   00:07:33.967708 read(3, "", 1)    = 0 <0.000058>
801   00:07:33.967975 close(3)          = 0 <0.000061>
801   00:07:33.970588 stat64("/usr/lib/python3.11/site-packages/adi", {st_mode=S_IFDIR|0755, st_size=0, ...}) = 0 <0.000085>
801   00:07:33.971223 stat64("/usr/lib/python3.11/site-packages/adi/QuadMxFE_multi.pyc", {st_mode=S_IFREG|0644, st_size=17549, ...}) = 0 <0.000079>
801   00:07:33.972034 open("/usr/lib/python3.11/site-packages/adi/QuadMxFE_multi.pyc", O_RDONLY|O_LARGEFILE|O_CLOEXEC) = 3 <0.000091>
801   00:07:33.972370 fstat64(3, {st_mode=S_IFREG|0644, st_size=17549, ...}) = 0 <0.000057>
801   00:07:33.972681 _llseek(3, 0, [0], SEEK_CUR) = 0 <0.000057>
801   00:07:33.972941 fstat64(3, {st_mode=S_IFREG|0644, st_size=17549, ...}) = 0 <0.000056>
801   00:07:33.973211 read(3, "\247\r\r\n\0\0\0\0D\340\35i5-\0\0\343\0\0\0\0\0\0\0\0\0\0\0\0\5\0\0"..., 17550) = 17549 <0.000110>
801   00:07:33.973545 read(3, "", 1)    = 0 <0.000063>
801   00:07:33.973832 close(3)          = 0 <0.000063>
801   00:07:33.976503 stat64("/usr/lib/python3.11/site-packages/adi", {st_mode=S_IFDIR|0755, st_size=0, ...}) = 0 <0.000090>
801   00:07:33.977155 stat64("/usr/lib/python3.11/site-packages/adi/tdd.pyc", {st_mode=S_IFREG|0644, st_size=15796, ...}) = 0 <0.000080>
801   00:07:33.977976 open("/usr/lib/python3.11/site-packages/adi/tdd.pyc", O_RDONLY|O_LARGEFILE|O_CLOEXEC) = 3 <0.000090>
801   00:07:33.978315 fstat64(3, {st_mode=S_IFREG|0644, st_size=15796, ...}) = 0 <0.000057>
801   00:07:33.978623 _llseek(3, 0, [0], SEEK_CUR) = 0 <0.000058>
801   00:07:33.978890 fstat64(3, {st_mode=S_IFREG|0644, st_size=15796, ...}) = 0 <0.000056>
801   00:07:33.979162 read(3, "\247\r\r\n\0\0\0\0D\340\35io!\0\0\343\0\0\0\0\0\0\0\0\0\0\0\0\6\0\0"..., 15797) = 15796 <0.000105>
801   00:07:33.979485 read(3, "", 1)    = 0 <0.000059>
801   00:07:33.979765 close(3)          = 0 <0.000066>
801   00:07:33.983691 stat64("/usr/lib/python3.11/site-packages/adi", {st_mode=S_IFDIR|0755, st_size=0, ...}) = 0 <0.000088>
801   00:07:33.984352 stat64("/usr/lib/python3.11/site-packages/adi/tddn.pyc", {st_mode=S_IFREG|0644, st_size=13650, ...}) = 0 <0.000080>
801   00:07:33.985211 open("/usr/lib/python3.11/site-packages/adi/tddn.pyc", O_RDONLY|O_LARGEFILE|O_CLOEXEC) = 3 <0.000091>
801   00:07:33.985553 fstat64(3, {st_mode=S_IFREG|0644, st_size=13650, ...}) = 0 <0.000058>
801   00:07:33.985862 _llseek(3, 0, [0], SEEK_CUR) = 0 <0.000058>
801   00:07:33.986125 fstat64(3, {st_mode=S_IFREG|0644, st_size=13650, ...}) = 0 <0.000058>
801   00:07:33.986400 read(3, "\247\r\r\n\0\0\0\0D\340\35ik\33\0\0\343\0\0\0\0\0\0\0\0\0\0\0\0\6\0\0"..., 13651) = 13650 <0.000101>
801   00:07:33.986721 read(3, "", 1)    = 0 <0.000059>
801   00:07:33.986998 close(3)          = 0 <0.000062>
801   00:07:33.989646 write(1, "Initialising SDR...\n", 20) = 20 <0.000576>
801   00:07:33.991018 socket(AF_INET, SOCK_STREAM|SOCK_CLOEXEC, IPPROTO_IP) = 3 <0.000106>
801   00:07:33.991350 fcntl64(3, F_GETFL) = 0x2 (flags O_RDWR) <0.000061>
801   00:07:33.991594 fcntl64(3, F_SETFL, O_RDWR|O_NONBLOCK) = 0 <0.000055>
801   00:07:33.991822 connect(3, {sa_family=AF_INET, sin_port=htons(30431), sin_addr=inet_addr("192.168.2.1")}, 16) = -1 EINPROGRESS (Operation now in progress) <0.000591>
801   00:07:33.992845 poll([{fd=3, events=POLLOUT|POLLERR}], 1, 5000) = 1 ([{fd=3, revents=POLLOUT}]) <0.000069>
801   00:07:33.993195 getsockopt(3, SOL_SOCKET, SO_ERROR, [0], [4]) = 0 <0.000061>
801   00:07:33.993484 fcntl64(3, F_GETFL) = 0x802 (flags O_RDWR|O_NONBLOCK) <0.000059>
801   00:07:33.993722 fcntl64(3, F_SETFL, O_RDWR) = 0 <0.000054>
801   00:07:33.993947 setsockopt(3, SOL_SOCKET, SO_SNDTIMEO_OLD, "\5\0\0\0\0\0\0\0", 8) = 0 <0.000060>
801   00:07:33.994205 setsockopt(3, SOL_SOCKET, SO_RCVTIMEO_OLD, "\5\0\0\0\0\0\0\0", 8) = 0 <0.000059>
801   00:07:33.994458 setsockopt(3, SOL_TCP, TCP_NODELAY, [1], 4) = 0 <0.000062>
801   00:07:33.994736 recv(3, NULL, 0, MSG_TRUNC|MSG_DONTWAIT) = -1 EAGAIN (Resource temporarily unavailable) <0.000062>
801   00:07:33.994988 send(3, "PRINT\r\n", 7, 0) = 7 <0.000214>
801   00:07:33.995729 recv(3, "28407\n", 1024, MSG_PEEK) = 6 <0.000342>
801   00:07:33.996365 recv(3, NULL, 6, MSG_TRUNC) = 6 <0.000067>
801   00:07:33.996685 recv(3, "<?xml version=\"1.0\" encoding=\"ut"..., 28408, 0) = 28407 <0.000337>
801   00:07:33.997317 recv(3, "\n", 1, 0) = 1 <0.000228>
801   00:07:33.998039 gettimeofday({tv_sec=453, tv_usec=998150}, NULL) = 0 <0.000057>
801   00:07:33.998321 futex(0xb64dddf0, FUTEX_WAKE_PRIVATE, 2147483647) = 0 <0.000058>
801   00:07:34.016886 send(3, "TIMEOUT 2500\r\n", 14, 0) = 14 <0.000389>
801   00:07:34.017663 recv(3, "0\n", 1024, MSG_PEEK) = 2 <0.000068>
801   00:07:34.018017 recv(3, NULL, 2, MSG_TRUNC) = 2 <0.000065>
801   00:07:34.045819 send(3, "READ iio:device0 INPUT voltage0 "..., 52, 0) = 52 <0.000841>
801   00:07:34.047056 recv(3, "8\n2399999\0\n", 1024, MSG_PEEK) = 11 <0.000072>
801   00:07:34.047426 recv(3, NULL, 2, MSG_TRUNC) = 2 <0.000065>
801   00:07:34.047722 recv(3, "2399999\0\n", 9, 0) = 9 <0.000132>
801   00:07:34.052098 send(3, "READ iio:device0 INPUT out volta"..., 50, 0) = 50 <0.000629>
801   00:07:34.053078 recv(3, "2\n1\0\n", 1024, MSG_PEEK) = 5 <0.000070>
801   00:07:34.053437 recv(3, NULL, 2, MSG_TRUNC) = 2 <0.000064>
801   00:07:34.053729 recv(3, "1\0\n", 3, 0) = 3 <0.000127>
801   00:07:34.054828 send(3, "WRITE iio:device0 INPUT out volt"..., 53, 0) = 53 <0.000264>
801   00:07:34.055400 send(3, "0\0", 2, 0) = 2 <0.001895>
801   00:07:34.058893 recv(3, "2\n", 1024, MSG_PEEK) = 2 <0.774347>
801   00:07:34.833608 recv(3, NULL, 2, MSG_TRUNC) = 2 <0.000075>
801   00:07:34.835314 send(3, "WRITE iio:device0 filter_fir_con"..., 42, 0) = 42 <0.000162>
801   00:07:34.835785 send(3, "RX 3 GAIN -6 DEC 4\nTX 3 GAIN 0 I"..., 1143, 0) = 1143 <0.000125>
801   00:07:34.836180 recv(3, "1143\n", 1024, MSG_PEEK) = 5 <0.063282>
801   00:07:34.899770 recv(3, NULL, 5, MSG_TRUNC) = 5 <0.000070>
801   00:07:34.901909 send(3, "WRITE iio:device0 INPUT voltage0"..., 55, 0) = 55 <0.000151>
801   00:07:34.902360 send(3, "2400000\0", 8, 0) = 8 <0.000124>
801   00:07:34.902753 recv(3, "8\n", 1024, MSG_PEEK) = 2 <0.072551>
801   00:07:34.975614 recv(3, NULL, 2, MSG_TRUNC) = 2 <0.000070>
801   00:07:34.976528 send(3, "WRITE iio:device0 INPUT out volt"..., 53, 0) = 53 <0.000144>
801   00:07:34.976970 send(3, "1\0", 2, 0) = 2 <0.000126>
801   00:07:34.977363 recv(3, "2\n", 1024, MSG_PEEK) = 2 <0.139022>
801   00:07:35.116696 recv(3, NULL, 2, MSG_TRUNC) = 2 <0.000069>
801   00:07:35.118299 send(3, "WRITE iio:device0 OUTPUT altvolt"..., 51, 0) = 51 <0.000152>
801   00:07:35.118749 send(3, "2437000000\0", 11, 0) = 11 <0.000121>
801   00:07:35.119133 recv(3, "11\n", 1024, MSG_PEEK) = 3 <0.002517>
801   00:07:35.121953 recv(3, NULL, 3, MSG_TRUNC) = 3 <0.000069>
801   00:07:35.123996 send(3, "WRITE iio:device0 INPUT voltage0"..., 54, 0) = 54 <0.000146>
801   00:07:35.124440 send(3, "manual\0", 7, 0) = 7 <0.000120>
801   00:07:35.124822 recv(3, "7\n", 1024, MSG_PEEK) = 2 <0.000526>
801   00:07:35.125636 recv(3, NULL, 2, MSG_TRUNC) = 2 <0.000067>
801   00:07:35.127696 send(3, "READ iio:device0 INPUT voltage0 "..., 51, 0) = 51 <0.000225>
801   00:07:35.128620 recv(3, "7\nmanual\0\n", 1024, MSG_PEEK) = 10 <0.000072>
801   00:07:35.129008 recv(3, NULL, 2, MSG_TRUNC) = 2 <0.000068>
801   00:07:35.129310 recv(3, "manual\0\n", 8, 0) = 8 <0.000129>
801   00:07:35.131528 send(3, "WRITE iio:device0 INPUT voltage0"..., 49, 0) = 49 <0.000265>
801   00:07:35.132105 send(3, "50.0\0", 5, 0) = 5 <0.000714>
801   00:07:35.133108 recv(3, "5\n", 1024, MSG_PEEK) = 2 <0.000067>
801   00:07:35.133457 recv(3, NULL, 2, MSG_TRUNC) = 2 <0.000068>
801   00:07:35.133937 write(1, "SDR ready.\n", 11) = 11 <0.000424>
801   00:07:35.137833 socket(AF_INET, SOCK_STREAM|SOCK_CLOEXEC, IPPROTO_IP) = 4 <0.000092>
801   00:07:35.138151 fcntl64(4, F_GETFL) = 0x2 (flags O_RDWR) <0.000057>
801   00:07:35.138393 fcntl64(4, F_SETFL, O_RDWR|O_NONBLOCK) = 0 <0.000055>
801   00:07:35.138624 connect(4, {sa_family=AF_INET, sin_port=htons(30431), sin_addr=inet_addr("192.168.2.1")}, 16) = -1 EINPROGRESS (Operation now in progress) <0.000565>
801   00:07:35.139461 poll([{fd=4, events=POLLOUT|POLLERR}], 1, 5000) = 1 ([{fd=4, revents=POLLOUT}]) <0.000073>
801   00:07:35.139812 getsockopt(4, SOL_SOCKET, SO_ERROR, [0], [4]) = 0 <0.000061>
801   00:07:35.140208 fcntl64(4, F_GETFL) = 0x802 (flags O_RDWR|O_NONBLOCK) <0.000058>
801   00:07:35.140453 fcntl64(4, F_SETFL, O_RDWR) = 0 <0.000055>
801   00:07:35.140682 setsockopt(4, SOL_SOCKET, SO_SNDTIMEO_OLD, "\5\0\0\0\0\0\0\0", 8) = 0 <0.000061>
801   00:07:35.140944 setsockopt(4, SOL_SOCKET, SO_RCVTIMEO_OLD, "\5\0\0\0\0\0\0\0", 8) = 0 <0.000059>
801   00:07:35.141199 setsockopt(4, SOL_TCP, TCP_NODELAY, [1], 4) = 0 <0.000060>
801   00:07:35.141470 send(4, "OPEN iio:device4 32768 00000003\r"..., 33, 0) = 33 <0.000198>
801   00:07:35.141947 recv(4, "0\n", 1024, MSG_PEEK) = 2 <0.007811>
801   00:07:35.150251 recv(4, NULL, 2, MSG_TRUNC) = 2 <0.000079>
801   00:07:35.150615 eventfd2(0, EFD_CLOEXEC|EFD_NONBLOCK) = 5 <0.000076>
801   00:07:35.150872 fcntl64(4, F_GETFL) = 0x2 (flags O_RDWR) <0.000057>
801   00:07:35.151108 fcntl64(4, F_SETFL, O_RDWR|O_NONBLOCK) = 0 <0.000059>
801   00:07:35.151340 setsockopt(4, SOL_SOCKET, SO_SNDTIMEO_OLD, "\5\0\0\0\0\0\0\0", 8) = 0 <0.000056>
801   00:07:35.151600 setsockopt(4, SOL_SOCKET, SO_RCVTIMEO_OLD, "\5\0\0\0\0\0\0\0", 8) = 0 <0.000051>
801   00:07:35.151852 brk(0x8d8000)     = 0x8d8000 <0.000076>
801   00:07:35.152390 poll([{fd=4, events=POLLOUT}, {fd=5, events=POLLIN}], 2, 5000) = 1 ([{fd=4, revents=POLLOUT}]) <0.000069>
801   00:07:35.152737 send(4, "READBUF iio:device4 131072\r\n", 28, 0) = 28 <0.000260>
801   00:07:35.153261 poll([{fd=4, events=POLLIN}, {fd=5, events=POLLIN}], 2, 5000) = 1 ([{fd=4, revents=POLLIN}]) <0.009827>
801   00:07:35.163376 recv(4, "131072\n", 1024, MSG_PEEK) = 7 <0.000061>
801   00:07:35.163706 poll([{fd=4, events=POLLIN}, {fd=5, events=POLLIN}], 2, 5000) = 1 ([{fd=4, revents=POLLIN}]) <0.000061>
801   00:07:35.164877 recv(4, NULL, 7, MSG_TRUNC) = 7 <0.000200>
801   00:07:35.165373 poll([{fd=4, events=POLLIN}, {fd=5, events=POLLIN}], 2, 5000) = 1 ([{fd=4, revents=POLLIN}]) <0.000062>
801   00:07:35.165698 recv(4, "00000003\n", 9, 0) = 9 <0.000068>
801   00:07:35.166102 poll([{fd=4, events=POLLIN}, {fd=5, events=POLLIN}], 2, 5000) = 1 ([{fd=4, revents=POLLIN}]) <0.000059>
801   00:07:35.166406 recv(4, "\0\0\0\0\0\0\0\0\0\0\1\0\0\0\1\0\0\0\1\0\0\0\1\0\0\0\0\0\0\0\0\0"..., 131072, 0) = 65536 <0.000441>
801   00:07:35.167144 poll([{fd=4, events=POLLIN}, {fd=5, events=POLLIN}], 2, 5000) = 1 ([{fd=4, revents=POLLIN}]) <0.000062>
801   00:07:35.167465 recv(4, "\0\0\1\0\0\0\1\0\0\0\1\0\0\0\0\0\0\0\0\0\0\0\0\0\0\0\1\0\377\377\1\0"..., 65536, 0) = 65536 <0.000414>
801   00:07:35.172905 brk(0x908000)     = 0x908000 <0.000108>
801   00:07:35.178342 mmap2(NULL, 528384, PROT_READ|PROT_WRITE, MAP_PRIVATE|MAP_ANONYMOUS, -1, 0) = 0xb522c000 <0.000116>
801   00:07:35.182528 futex(0xb6a31598, FUTEX_WAKE_PRIVATE, 2147483647) = 0 <0.000076>
801   00:07:35.183140 mmap2(NULL, 528384, PROT_READ|PROT_WRITE, MAP_PRIVATE|MAP_ANONYMOUS, -1, 0) = 0xb51ab000 <0.000114>
801   00:07:35.187600 munmap(0xb522c000, 528384) = 0 <0.000342>
801   00:07:35.188408 clock_gettime(CLOCK_MONOTONIC, {tv_sec=455, tv_nsec=188537243}) = 0 <0.000060>
801   00:07:35.188897 poll([{fd=4, events=POLLOUT}, {fd=5, events=POLLIN}], 2, 5000) = 1 ([{fd=4, revents=POLLOUT}]) <0.000079>
801   00:07:35.189253 send(4, "READBUF iio:device4 131072\r\n", 28, 0) = 28 <0.001656>
801   00:07:35.191230 poll([{fd=4, events=POLLIN}, {fd=5, events=POLLIN}], 2, 5000) = 1 ([{fd=4, revents=POLLIN}]) <0.000074>
801   00:07:35.191617 recv(4, "131072\n00000003\n\377\377\0\0\377\377\0\0\377\377\0\0\376\377\0\0"..., 1024, MSG_PEEK) = 1024 <0.000074>
801   00:07:35.191968 poll([{fd=4, events=POLLIN}, {fd=5, events=POLLIN}], 2, 5000) = 1 ([{fd=4, revents=POLLIN}]) <0.000068>
801   00:07:35.192278 recv(4, NULL, 7, MSG_TRUNC) = 7 <0.000070>
801   00:07:35.192574 poll([{fd=4, events=POLLIN}, {fd=5, events=POLLIN}], 2, 5000) = 1 ([{fd=4, revents=POLLIN}]) <0.000064>
801   00:07:35.192880 recv(4, "00000003\n", 9, 0) = 9 <0.000069>
801   00:07:35.193220 poll([{fd=4, events=POLLIN}, {fd=5, events=POLLIN}], 2, 5000) = 1 ([{fd=4, revents=POLLIN}]) <0.000066>
801   00:07:35.193527 recv(4, "\377\377\0\0\377\377\0\0\377\377\0\0\376\377\0\0\377\377\0\0\377\377\0\0\377\377\377\377\0\0\0\0"..., 131072, 0) = 131072 <0.000346>
801   00:07:35.202816 mmap2(NULL, 528384, PROT_READ|PROT_WRITE, MAP_PRIVATE|MAP_ANONYMOUS, -1, 0) = 0xb522c000 <0.000129>
801   00:07:35.206685 mmap2(NULL, 528384, PROT_READ|PROT_WRITE, MAP_PRIVATE|MAP_ANONYMOUS, -1, 0) = 0xb512a000 <0.000129>
801   00:07:35.211538 munmap(0xb522c000, 528384) = 0 <0.000337>
801   00:07:35.212301 clock_gettime(CLOCK_MONOTONIC, {tv_sec=455, tv_nsec=212430905}) = 0 <0.000060>
801   00:07:35.212857 write(1, "rx() call  0:  23.89 ms  (32768 "..., 41) = 41 <0.000478>
801   00:07:35.213779 clock_gettime(CLOCK_MONOTONIC, {tv_sec=455, tv_nsec=213914573}) = 0 <0.000061>
801   00:07:35.214239 poll([{fd=4, events=POLLOUT}, {fd=5, events=POLLIN}], 2, 5000) = 1 ([{fd=4, revents=POLLOUT}]) <0.000073>
801   00:07:35.214587 send(4, "READBUF iio:device4 131072\r\n", 28, 0) = 28 <0.001446>
801   00:07:35.216331 poll([{fd=4, events=POLLIN}, {fd=5, events=POLLIN}], 2, 5000) = 1 ([{fd=4, revents=POLLIN}]) <0.000073>
801   00:07:35.216703 recv(4, "131072\n00000003\n\1\0\1\0\0\0\1\0\0\0\2\0\0\0\1\0"..., 1024, MSG_PEEK) = 1024 <0.000088>
801   00:07:35.217060 poll([{fd=4, events=POLLIN}, {fd=5, events=POLLIN}], 2, 5000) = 1 ([{fd=4, revents=POLLIN}]) <0.000068>
801   00:07:35.217370 recv(4, NULL, 7, MSG_TRUNC) = 7 <0.000070>
801   00:07:35.217704 poll([{fd=4, events=POLLIN}, {fd=5, events=POLLIN}], 2, 5000) = 1 ([{fd=4, revents=POLLIN}]) <0.000065>
801   00:07:35.218014 recv(4, "00000003\n", 9, 0) = 9 <0.000070>
801   00:07:35.218350 poll([{fd=4, events=POLLIN}, {fd=5, events=POLLIN}], 2, 5000) = 1 ([{fd=4, revents=POLLIN}]) <0.000063>
801   00:07:35.218654 recv(4, "\1\0\1\0\0\0\1\0\0\0\2\0\0\0\1\0\0\0\1\0\0\0\1\0\0\0\0\0\1\0\0\0"..., 131072, 0) = 131072 <0.000339>
801   00:07:35.227899 mmap2(NULL, 528384, PROT_READ|PROT_WRITE, MAP_PRIVATE|MAP_ANONYMOUS, -1, 0) = 0xb522c000 <0.000131>
801   00:07:35.231968 mmap2(NULL, 528384, PROT_READ|PROT_WRITE, MAP_PRIVATE|MAP_ANONYMOUS, -1, 0) = 0xb50a9000 <0.000129>
801   00:07:35.236584 munmap(0xb522c000, 528384) = 0 <0.000336>
801   00:07:35.237322 munmap(0xb512a000, 528384) = 0 <0.000286>
801   00:07:35.237832 clock_gettime(CLOCK_MONOTONIC, {tv_sec=455, tv_nsec=237939467}) = 0 <0.000057>
801   00:07:35.238351 write(1, "rx() call  1:  24.02 ms  (32768 "..., 41) = 41 <0.000476>
801   00:07:35.239265 clock_gettime(CLOCK_MONOTONIC, {tv_sec=455, tv_nsec=239400701}) = 0 <0.000060>
801   00:07:35.239706 poll([{fd=4, events=POLLOUT}, {fd=5, events=POLLIN}], 2, 5000) = 1 ([{fd=4, revents=POLLOUT}]) <0.000073>
801   00:07:35.240196 send(4, "READBUF iio:device4 131072\r\n", 28, 0) = 28 <0.001409>
801   00:07:35.241924 poll([{fd=4, events=POLLIN}, {fd=5, events=POLLIN}], 2, 5000) = 1 ([{fd=4, revents=POLLIN}]) <0.000071>
801   00:07:35.242298 recv(4, "131072\n00000003\n\377\377\0\0\377\377\0\0\377\377\0\0\0\0\0\0"..., 1024, MSG_PEEK) = 1024 <0.000076>
801   00:07:35.242646 poll([{fd=4, events=POLLIN}, {fd=5, events=POLLIN}], 2, 5000) = 1 ([{fd=4, revents=POLLIN}]) <0.000066>
801   00:07:35.242981 recv(4, NULL, 7, MSG_TRUNC) = 7 <0.000069>
801   00:07:35.243280 poll([{fd=4, events=POLLIN}, {fd=5, events=POLLIN}], 2, 5000) = 1 ([{fd=4, revents=POLLIN}]) <0.000067>
801   00:07:35.243589 recv(4, "00000003\n", 9, 0) = 9 <0.000068>
801   00:07:35.243922 poll([{fd=4, events=POLLIN}, {fd=5, events=POLLIN}], 2, 5000) = 1 ([{fd=4, revents=POLLIN}]) <0.000065>
801   00:07:35.244228 recv(4, "\377\377\0\0\377\377\0\0\377\377\0\0\0\0\0\0\0\0\0\0\0\0\0\0\0\0\0\0\0\0\0\0"..., 131072, 0) = 131072 <0.000342>
801   00:07:35.253533 mmap2(NULL, 528384, PROT_READ|PROT_WRITE, MAP_PRIVATE|MAP_ANONYMOUS, -1, 0) = 0xb522c000 <0.000131>
801   00:07:35.257355 mmap2(NULL, 528384, PROT_READ|PROT_WRITE, MAP_PRIVATE|MAP_ANONYMOUS, -1, 0) = 0xb512a000 <0.000134>
801   00:07:35.262019 munmap(0xb522c000, 528384) = 0 <0.000340>
801   00:07:35.262767 munmap(0xb50a9000, 528384) = 0 <0.000277>
801   00:07:35.263269 clock_gettime(CLOCK_MONOTONIC, {tv_sec=455, tv_nsec=263384519}) = 0 <0.000061>
801   00:07:35.263799 write(1, "rx() call  2:  23.98 ms  (32768 "..., 41) = 41 <0.000483>
801   00:07:35.264718 clock_gettime(CLOCK_MONOTONIC, {tv_sec=455, tv_nsec=264854039}) = 0 <0.000062>
801   00:07:35.265159 poll([{fd=4, events=POLLOUT}, {fd=5, events=POLLIN}], 2, 5000) = 1 ([{fd=4, revents=POLLOUT}]) <0.000072>
801   00:07:35.265503 send(4, "READBUF iio:device4 131072\r\n", 28, 0) = 28 <0.001410>
801   00:07:35.267216 poll([{fd=4, events=POLLIN}, {fd=5, events=POLLIN}], 2, 5000) = 1 ([{fd=4, revents=POLLIN}]) <0.000072>
801   00:07:35.267593 recv(4, "131072\n00000003\n\0\0\0\0\0\0\0\0\0\0\0\0\0\0\0\0"..., 1024, MSG_PEEK) = 1024 <0.000072>
801   00:07:35.267935 poll([{fd=4, events=POLLIN}, {fd=5, events=POLLIN}], 2, 5000) = 1 ([{fd=4, revents=POLLIN}]) <0.000064>
801   00:07:35.268242 recv(4, NULL, 7, MSG_TRUNC) = 7 <0.000068>
801   00:07:35.268539 poll([{fd=4, events=POLLIN}, {fd=5, events=POLLIN}], 2, 5000) = 1 ([{fd=4, revents=POLLIN}]) <0.000067>
801   00:07:35.268849 recv(4, "00000003\n", 9, 0) = 9 <0.000068>
801   00:07:35.269178 poll([{fd=4, events=POLLIN}, {fd=5, events=POLLIN}], 2, 5000) = 1 ([{fd=4, revents=POLLIN}]) <0.000066>
801   00:07:35.269485 recv(4, "\0\0\0\0\0\0\0\0\0\0\0\0\0\0\0\0\0\0\0\0\0\0\0\0\1\0\0\0\1\0\0\0"..., 131072, 0) = 131072 <0.000339>
801   00:07:35.278641 mmap2(NULL, 528384, PROT_READ|PROT_WRITE, MAP_PRIVATE|MAP_ANONYMOUS, -1, 0) = 0xb522c000 <0.000131>
801   00:07:35.282636 mmap2(NULL, 528384, PROT_READ|PROT_WRITE, MAP_PRIVATE|MAP_ANONYMOUS, -1, 0) = 0xb50a9000 <0.000126>
801   00:07:35.287120 munmap(0xb522c000, 528384) = 0 <0.000339>
801   00:07:35.287856 munmap(0xb512a000, 528384) = 0 <0.000289>
801   00:07:35.288372 clock_gettime(CLOCK_MONOTONIC, {tv_sec=455, tv_nsec=288480498}) = 0 <0.000059>
801   00:07:35.288891 write(1, "rx() call  3:  23.63 ms  (32768 "..., 41) = 41 <0.000483>
801   00:07:35.289808 clock_gettime(CLOCK_MONOTONIC, {tv_sec=455, tv_nsec=289941264}) = 0 <0.000062>
801   00:07:35.290375 poll([{fd=4, events=POLLOUT}, {fd=5, events=POLLIN}], 2, 5000) = 1 ([{fd=4, revents=POLLOUT}]) <0.000077>
801   00:07:35.290734 send(4, "READBUF iio:device4 131072\r\n", 28, 0) = 28 <0.001399>
801   00:07:35.292439 poll([{fd=4, events=POLLIN}, {fd=5, events=POLLIN}], 2, 5000) = 1 ([{fd=4, revents=POLLIN}]) <0.000072>
801   00:07:35.292819 recv(4, "131072\n00000003\n\1\0\377\377\1\0\0\0\1\0\0\0\0\0\0\0"..., 1024, MSG_PEEK) = 1024 <0.000074>
801   00:07:35.293163 poll([{fd=4, events=POLLIN}, {fd=5, events=POLLIN}], 2, 5000) = 1 ([{fd=4, revents=POLLIN}]) <0.000063>
801   00:07:35.293470 recv(4, NULL, 7, MSG_TRUNC) = 7 <0.000069>
801   00:07:35.293771 poll([{fd=4, events=POLLIN}, {fd=5, events=POLLIN}], 2, 5000) = 1 ([{fd=4, revents=POLLIN}]) <0.000064>
801   00:07:35.294076 recv(4, "00000003\n", 9, 0) = 9 <0.000069>
801   00:07:35.294410 poll([{fd=4, events=POLLIN}, {fd=5, events=POLLIN}], 2, 5000) = 1 ([{fd=4, revents=POLLIN}]) <0.000064>
801   00:07:35.294714 recv(4, "\1\0\377\377\1\0\0\0\1\0\0\0\0\0\0\0\377\377\0\0\377\377\0\0\377\377\0\0\0\0\0\0"..., 131072, 0) = 131072 <0.000339>
801   00:07:35.303966 mmap2(NULL, 528384, PROT_READ|PROT_WRITE, MAP_PRIVATE|MAP_ANONYMOUS, -1, 0) = 0xb522c000 <0.000133>
801   00:07:35.307851 mmap2(NULL, 528384, PROT_READ|PROT_WRITE, MAP_PRIVATE|MAP_ANONYMOUS, -1, 0) = 0xb512a000 <0.000136>
801   00:07:35.312569 munmap(0xb522c000, 528384) = 0 <0.000341>
801   00:07:35.313312 munmap(0xb50a9000, 528384) = 0 <0.000276>
801   00:07:35.313811 clock_gettime(CLOCK_MONOTONIC, {tv_sec=455, tv_nsec=313919736}) = 0 <0.000057>
801   00:07:35.314333 write(1, "rx() call  4:  23.98 ms  (32768 "..., 41) = 41 <0.000477>
801   00:07:35.315244 clock_gettime(CLOCK_MONOTONIC, {tv_sec=455, tv_nsec=315380718}) = 0 <0.000064>
801   00:07:35.315692 poll([{fd=4, events=POLLOUT}, {fd=5, events=POLLIN}], 2, 5000) = 1 ([{fd=4, revents=POLLOUT}]) <0.000077>
801   00:07:35.316042 send(4, "READBUF iio:device4 131072\r\n", 28, 0) = 28 <0.001368>
801   00:07:35.317718 poll([{fd=4, events=POLLIN}, {fd=5, events=POLLIN}], 2, 5000) = 1 ([{fd=4, revents=POLLIN}]) <0.000076>
801   00:07:35.318101 recv(4, "131072\n00000003\n\0\0\0\0\0\0\0\0\0\0\0\0\0\0\0\0"..., 1024, MSG_PEEK) = 1024 <0.000142>
801   00:07:35.318522 poll([{fd=4, events=POLLIN}, {fd=5, events=POLLIN}], 2, 5000) = 1 ([{fd=4, revents=POLLIN}]) <0.000066>
801   00:07:35.318833 recv(4, NULL, 7, MSG_TRUNC) = 7 <0.000070>
801   00:07:35.319133 poll([{fd=4, events=POLLIN}, {fd=5, events=POLLIN}], 2, 5000) = 1 ([{fd=4, revents=POLLIN}]) <0.000064>
801   00:07:35.319438 recv(4, "00000003\n", 9, 0) = 9 <0.000068>
801   00:07:35.319768 poll([{fd=4, events=POLLIN}, {fd=5, events=POLLIN}], 2, 5000) = 1 ([{fd=4, revents=POLLIN}]) <0.000068>
801   00:07:35.320177 recv(4, "\0\0\0\0\0\0\0\0\0\0\0\0\0\0\0\0\0\0\0\0\0\0\0\0\0\0\0\0\0\0\0\0"..., 131072, 0) = 131072 <0.000340>
801   00:07:35.329211 mmap2(NULL, 528384, PROT_READ|PROT_WRITE, MAP_PRIVATE|MAP_ANONYMOUS, -1, 0) = 0xb522c000 <0.000131>
801   00:07:35.333166 mmap2(NULL, 528384, PROT_READ|PROT_WRITE, MAP_PRIVATE|MAP_ANONYMOUS, -1, 0) = 0xb50a9000 <0.000129>
801   00:07:35.337599 munmap(0xb522c000, 528384) = 0 <0.000343>
801   00:07:35.338341 munmap(0xb512a000, 528384) = 0 <0.000287>
801   00:07:35.338854 clock_gettime(CLOCK_MONOTONIC, {tv_sec=455, tv_nsec=338963088}) = 0 <0.000056>
801   00:07:35.339380 write(1, "rx() call  5:  23.58 ms  (32768 "..., 41) = 41 <0.000476>
801   00:07:35.340405 clock_gettime(CLOCK_MONOTONIC, {tv_sec=455, tv_nsec=340538070}) = 0 <0.000060>
801   00:07:35.340867 poll([{fd=4, events=POLLOUT}, {fd=5, events=POLLIN}], 2, 5000) = 1 ([{fd=4, revents=POLLOUT}]) <0.000076>
801   00:07:35.341215 send(4, "READBUF iio:device4 131072\r\n", 28, 0) = 28 <0.001369>
801   00:07:35.342893 poll([{fd=4, events=POLLIN}, {fd=5, events=POLLIN}], 2, 5000) = 1 ([{fd=4, revents=POLLIN}]) <0.000076>
801   00:07:35.343272 recv(4, "131072\n00000003\n\0\0\0\0\0\0\0\0\0\0\0\0\377\377\0\0"..., 1024, MSG_PEEK) = 1024 <0.000141>
801   00:07:35.343693 poll([{fd=4, events=POLLIN}, {fd=5, events=POLLIN}], 2, 5000) = 1 ([{fd=4, revents=POLLIN}]) <0.000065>
801   00:07:35.344006 recv(4, NULL, 7, MSG_TRUNC) = 7 <0.000071>
801   00:07:35.344306 poll([{fd=4, events=POLLIN}, {fd=5, events=POLLIN}], 2, 5000) = 1 ([{fd=4, revents=POLLIN}]) <0.000064>
801   00:07:35.344611 recv(4, "00000003\n", 9, 0) = 9 <0.000068>
801   00:07:35.344941 poll([{fd=4, events=POLLIN}, {fd=5, events=POLLIN}], 2, 5000) = 1 ([{fd=4, revents=POLLIN}]) <0.000067>
801   00:07:35.345248 recv(4, "\0\0\0\0\0\0\0\0\0\0\0\0\377\377\0\0\377\377\0\0\377\377\0\0\377\377\1\0\377\377\0\0"..., 131072, 0) = 131072 <0.000326>
801   00:07:35.354446 mmap2(NULL, 528384, PROT_READ|PROT_WRITE, MAP_PRIVATE|MAP_ANONYMOUS, -1, 0) = 0xb522c000 <0.000136>
801   00:07:35.358299 mmap2(NULL, 528384, PROT_READ|PROT_WRITE, MAP_PRIVATE|MAP_ANONYMOUS, -1, 0) = 0xb512a000 <0.000134>
801   00:07:35.363042 munmap(0xb522c000, 528384) = 0 <0.000332>
801   00:07:35.363770 munmap(0xb50a9000, 528384) = 0 <0.000278>
801   00:07:35.364275 clock_gettime(CLOCK_MONOTONIC, {tv_sec=455, tv_nsec=364383516}) = 0 <0.000057>
801   00:07:35.364796 write(1, "rx() call  6:  23.85 ms  (32768 "..., 41) = 41 <0.000484>
801   00:07:35.365757 clock_gettime(CLOCK_MONOTONIC, {tv_sec=455, tv_nsec=365888754}) = 0 <0.000061>
801   00:07:35.366207 poll([{fd=4, events=POLLOUT}, {fd=5, events=POLLIN}], 2, 5000) = 1 ([{fd=4, revents=POLLOUT}]) <0.000073>
801   00:07:35.366552 send(4, "READBUF iio:device4 131072\r\n", 28, 0) = 28 <0.001391>
801   00:07:35.368251 poll([{fd=4, events=POLLIN}, {fd=5, events=POLLIN}], 2, 5000) = 1 ([{fd=4, revents=POLLIN}]) <0.000072>
801   00:07:35.368630 recv(4, "131072\n00000003\n\0\0\0\0\0\0\0\0\0\0\0\0\0\0\0\0"..., 1024, MSG_PEEK) = 1024 <0.000141>
801   00:07:35.369051 poll([{fd=4, events=POLLIN}, {fd=5, events=POLLIN}], 2, 5000) = 1 ([{fd=4, revents=POLLIN}]) <0.000067>
801   00:07:35.369365 recv(4, NULL, 7, MSG_TRUNC) = 7 <0.000067>
801   00:07:35.369661 poll([{fd=4, events=POLLIN}, {fd=5, events=POLLIN}], 2, 5000) = 1 ([{fd=4, revents=POLLIN}]) <0.000064>
801   00:07:35.369966 recv(4, "00000003\n", 9, 0) = 9 <0.000076>
801   00:07:35.370475 poll([{fd=4, events=POLLIN}, {fd=5, events=POLLIN}], 2, 5000) = 1 ([{fd=4, revents=POLLIN}]) <0.000066>
801   00:07:35.370792 recv(4, "\0\0\0\0\0\0\0\0\0\0\0\0\0\0\0\0\0\0\0\0\0\0\0\0\0\0\0\0\0\0\0\0"..., 131072, 0) = 131072 <0.000337>
801   00:07:35.379802 mmap2(NULL, 528384, PROT_READ|PROT_WRITE, MAP_PRIVATE|MAP_ANONYMOUS, -1, 0) = 0xb522c000 <0.000275>
801   00:07:35.383824 mmap2(NULL, 528384, PROT_READ|PROT_WRITE, MAP_PRIVATE|MAP_ANONYMOUS, -1, 0) = 0xb50a9000 <0.000128>
801   00:07:35.388285 munmap(0xb522c000, 528384) = 0 <0.000336>
801   00:07:35.389005 munmap(0xb512a000, 528384) = 0 <0.000288>
801   00:07:35.389523 clock_gettime(CLOCK_MONOTONIC, {tv_sec=455, tv_nsec=389632975}) = 0 <0.000057>
801   00:07:35.390120 write(1, "rx() call  7:  23.74 ms  (32768 "..., 41) = 41 <0.000491>
801   00:07:35.391058 clock_gettime(CLOCK_MONOTONIC, {tv_sec=455, tv_nsec=391189261}) = 0 <0.000061>
801   00:07:35.391496 poll([{fd=4, events=POLLOUT}, {fd=5, events=POLLIN}], 2, 5000) = 1 ([{fd=4, revents=POLLOUT}]) <0.000071>
801   00:07:35.391838 send(4, "READBUF iio:device4 131072\r\n", 28, 0) = 28 <0.001394>
801   00:07:35.393542 poll([{fd=4, events=POLLIN}, {fd=5, events=POLLIN}], 2, 5000) = 1 ([{fd=4, revents=POLLIN}]) <0.000075>
801   00:07:35.393923 recv(4, "131072\n00000003\n\0\0\0\0\0\0\0\0\0\0\1\0\0\0\1\0"..., 1024, MSG_PEEK) = 1024 <0.000145>
801   00:07:35.394347 poll([{fd=4, events=POLLIN}, {fd=5, events=POLLIN}], 2, 5000) = 1 ([{fd=4, revents=POLLIN}]) <0.000068>
801   00:07:35.394658 recv(4, NULL, 7, MSG_TRUNC) = 7 <0.000068>
801   00:07:35.394952 poll([{fd=4, events=POLLIN}, {fd=5, events=POLLIN}], 2, 5000) = 1 ([{fd=4, revents=POLLIN}]) <0.000064>
801   00:07:35.395259 recv(4, "00000003\n", 9, 0) = 9 <0.000068>
801   00:07:35.395593 poll([{fd=4, events=POLLIN}, {fd=5, events=POLLIN}], 2, 5000) = 1 ([{fd=4, revents=POLLIN}]) <0.000064>
801   00:07:35.395897 recv(4, "\0\0\0\0\0\0\0\0\0\0\1\0\0\0\1\0\0\0\0\0\0\0\0\0\0\0\0\0\0\0\377\377"..., 131072, 0) = 131072 <0.000329>
801   00:07:35.405079 mmap2(NULL, 528384, PROT_READ|PROT_WRITE, MAP_PRIVATE|MAP_ANONYMOUS, -1, 0) = 0xb522c000 <0.000132>
801   00:07:35.408910 mmap2(NULL, 528384, PROT_READ|PROT_WRITE, MAP_PRIVATE|MAP_ANONYMOUS, -1, 0) = 0xb512a000 <0.000140>
801   00:07:35.413599 munmap(0xb522c000, 528384) = 0 <0.000336>
801   00:07:35.414324 munmap(0xb50a9000, 528384) = 0 <0.000281>
801   00:07:35.414822 clock_gettime(CLOCK_MONOTONIC, {tv_sec=455, tv_nsec=414929533}) = 0 <0.000057>
801   00:07:35.415336 write(1, "rx() call  8:  23.74 ms  (32768 "..., 41) = 41 <0.000482>
801   00:07:35.416247 clock_gettime(CLOCK_MONOTONIC, {tv_sec=455, tv_nsec=416378761}) = 0 <0.000060>
801   00:07:35.416682 poll([{fd=4, events=POLLOUT}, {fd=5, events=POLLIN}], 2, 5000) = 1 ([{fd=4, revents=POLLOUT}]) <0.000073>
801   00:07:35.417028 send(4, "READBUF iio:device4 131072\r\n", 28, 0) = 28 <0.001384>
801   00:07:35.418710 poll([{fd=4, events=POLLIN}, {fd=5, events=POLLIN}], 2, 5000) = 1 ([{fd=4, revents=POLLIN}]) <0.000070>
801   00:07:35.419079 recv(4, "131072\n00000003\n\0\0\1\0\0\0\1\0\1\0\1\0\1\0\1\0"..., 1024, MSG_PEEK) = 1024 <0.000138>
801   00:07:35.419523 poll([{fd=4, events=POLLIN}, {fd=5, events=POLLIN}], 2, 5000) = 1 ([{fd=4, revents=POLLIN}]) <0.000069>
801   00:07:35.419845 recv(4, NULL, 7, MSG_TRUNC) = 7 <0.000070>
801   00:07:35.420308 poll([{fd=4, events=POLLIN}, {fd=5, events=POLLIN}], 2, 5000) = 1 ([{fd=4, revents=POLLIN}]) <0.000066>
801   00:07:35.420630 recv(4, "00000003\n", 9, 0) = 9 <0.000071>
801   00:07:35.420970 poll([{fd=4, events=POLLIN}, {fd=5, events=POLLIN}], 2, 5000) = 1 ([{fd=4, revents=POLLIN}]) <0.000065>
801   00:07:35.421279 recv(4, "\0\0\1\0\0\0\1\0\1\0\1\0\1\0\1\0\1\0\1\0\1\0\0\0\0\0\0\0\0\0\0\0"..., 131072, 0) = 131072 <0.000350>
801   00:07:35.430490 mmap2(NULL, 528384, PROT_READ|PROT_WRITE, MAP_PRIVATE|MAP_ANONYMOUS, -1, 0) = 0xb522c000 <0.000129>
801   00:07:35.434309 mmap2(NULL, 528384, PROT_READ|PROT_WRITE, MAP_PRIVATE|MAP_ANONYMOUS, -1, 0) = 0xb50a9000 <0.000128>
801   00:07:35.438766 munmap(0xb522c000, 528384) = 0 <0.000343>
801   00:07:35.439493 munmap(0xb512a000, 528384) = 0 <0.000288>
801   00:07:35.440075 clock_gettime(CLOCK_MONOTONIC, {tv_sec=455, tv_nsec=440216719}) = 0 <0.000083>
801   00:07:35.440631 write(1, "rx() call  9:  23.84 ms  (32768 "..., 41) = 41 <0.000474>
801   00:07:35.441577 write(1, "\n", 1) = 1 <0.000350>
801   00:07:35.442426 write(1, "mean : 23.83 ms\n", 16) = 16 <0.000366>
801   00:07:35.443267 write(1, "min  : 23.58 ms\n", 16) = 16 <0.000353>
801   00:07:35.444087 write(1, "max  : 24.02 ms\n", 16) = 16 <0.000346>
801   00:07:35.445158 rt_sigaction(SIGINT, {sa_handler=SIG_DFL, sa_mask=[], sa_flags=SA_RESTORER|SA_ONSTACK, sa_restorer=0xb696afa1}, {sa_handler=0xb6cff69c, sa_mask=[], sa_flags=SA_RESTORER|SA_ONSTACK, sa_restorer=0xb696afa1}, 8) = 0 <0.000067>
801   00:07:35.506669 poll([{fd=4, events=POLLOUT}, {fd=5, events=POLLIN}], 2, 5000) = 1 ([{fd=4, revents=POLLOUT}]) <0.000084>
801   00:07:35.507105 send(4, "CLOSE iio:device4\r\n", 19, 0) = 19 <0.001304>
801   00:07:35.508721 poll([{fd=4, events=POLLIN}, {fd=5, events=POLLIN}], 2, 5000) = 1 ([{fd=4, revents=POLLIN}]) <0.000071>
801   00:07:35.509075 recv(4, "0\n", 1024, MSG_PEEK) = 2 <0.000069>
801   00:07:35.509406 poll([{fd=4, events=POLLIN}, {fd=5, events=POLLIN}], 2, 5000) = 1 ([{fd=4, revents=POLLIN}]) <0.000062>
801   00:07:35.509707 recv(4, NULL, 2, MSG_TRUNC) = 2 <0.000067>
801   00:07:35.509999 poll([{fd=4, events=POLLOUT}, {fd=5, events=POLLIN}], 2, 5000) = 1 ([{fd=4, revents=POLLOUT}]) <0.000067>
801   00:07:35.510402 send(4, "\r\nEXIT\r\n", 8, 0) = 8 <0.000475>
801   00:07:35.511144 close(5)          = 0 <0.000075>
801   00:07:35.511407 close(4)          = 0 <0.000243>
801   00:07:35.512002 send(3, "\r\nEXIT\r\n", 8, 0) = 8 <0.000442>
801   00:07:35.512744 close(3)          = 0 <0.000229>
801   00:07:35.513577 munmap(0xb51ab000, 528384) = 0 <0.000279>
801   00:07:35.514086 munmap(0xb50a9000, 528384) = 0 <0.000260>
801   00:07:35.629223 munmap(0xb53ad000, 262144) = 0 <0.000274>
801   00:07:35.734685 munmap(0xb52ad000, 262144) = 0 <0.000269>
801   00:07:35.739231 munmap(0xb542d000, 262144) = 0 <0.000312>
801   00:07:35.739917 munmap(0xb532d000, 262144) = 0 <0.000268>
801   00:07:35.740783 munmap(0xb546d000, 262144) = 0 <0.000235>
801   00:07:35.741325 munmap(0xb53ed000, 262144) = 0 <0.000216>
801   00:07:35.741825 munmap(0xb552d000, 262144) = 0 <0.000223>
801   00:07:35.742252 munmap(0xb52ed000, 262144) = 0 <0.000206>
801   00:07:35.742652 munmap(0xb54ad000, 262144) = 0 <0.000218>
801   00:07:35.745682 munmap(0xb5d13000, 241664) = 0 <0.000304>
801   00:07:35.746448 munmap(0xb6f04000, 16384) = 0 <0.000129>
801   00:07:35.747451 exit_group(0)     = ?
801   00:07:35.756227 +++ exited with 0 +++
